Using pre-set license
Built from '2022.3/release' branch; Version is '2022.3.20f1 (61c2feb0970d) revision 6406910'; Using compiler version '192829333'; Build Type 'Release'
OS: 'Windows 11  (10.0.22621) 64bit Professional' Language: 'es' Physical Memory: 15773 MB
BatchMode: 1, IsHumanControllingUs: 0, StartBugReporterOnCrash: 0, Is64bit: 1, IsPro: 1

COMMAND LINE ARGUMENTS:
C:\Program Files\Unity\Hub\Editor\2022.3.20f1\Editor\Unity.exe
-adb2
-batchMode
-noUpm
-name
AssetImportWorker0
-projectPath
C:/Users/ASUS/Desktop/Octavo Semestre/Sistemas Interactivos distribuidos/REPO ENTREGA 1/Sistemas_Interactivos/DeckCards
-logFile
Logs/AssetImportWorker0.log
-srvPort
59812
Successfully changed project path to: C:/Users/ASUS/Desktop/Octavo Semestre/Sistemas Interactivos distribuidos/REPO ENTREGA 1/Sistemas_Interactivos/DeckCards
C:/Users/ASUS/Desktop/Octavo Semestre/Sistemas Interactivos distribuidos/REPO ENTREGA 1/Sistemas_Interactivos/DeckCards
[UnityMemory] Configuration Parameters - Can be set up in boot.config
    "memorysetup-bucket-allocator-granularity=16"
    "memorysetup-bucket-allocator-bucket-count=8"
    "memorysetup-bucket-allocator-block-size=33554432"
    "memorysetup-bucket-allocator-block-count=8"
    "memorysetup-main-allocator-block-size=16777216"
    "memorysetup-thread-allocator-block-size=16777216"
    "memorysetup-gfx-main-allocator-block-size=16777216"
    "memorysetup-gfx-thread-allocator-block-size=16777216"
    "memorysetup-cache-allocator-block-size=4194304"
    "memorysetup-typetree-allocator-block-size=2097152"
    "memorysetup-profiler-bucket-allocator-granularity=16"
    "memorysetup-profiler-bucket-allocator-bucket-count=8"
    "memorysetup-profiler-bucket-allocator-block-size=33554432"
    "memorysetup-profiler-bucket-allocator-block-count=8"
    "memorysetup-profiler-allocator-block-size=16777216"
    "memorysetup-profiler-editor-allocator-block-size=1048576"
    "memorysetup-temp-allocator-size-main=16777216"
    "memorysetup-job-temp-allocator-block-size=2097152"
    "memorysetup-job-temp-allocator-block-size-background=1048576"
    "memorysetup-job-temp-allocator-reduction-small-platforms=262144"
    "memorysetup-allocator-temp-initial-block-size-main=262144"
    "memorysetup-allocator-temp-initial-block-size-worker=262144"
    "memorysetup-temp-allocator-size-background-worker=32768"
    "memorysetup-temp-allocator-size-job-worker=262144"
    "memorysetup-temp-allocator-size-preload-manager=33554432"
    "memorysetup-temp-allocator-size-nav-mesh-worker=65536"
    "memorysetup-temp-allocator-size-audio-worker=65536"
    "memorysetup-temp-allocator-size-cloud-worker=32768"
    "memorysetup-temp-allocator-size-gi-baking-worker=262144"
    "memorysetup-temp-allocator-size-gfx=262144"
Player connection [21208] Host "[IP] 192.168.1.13 [Port] 0 [Flags] 2 [Guid] 1296816357 [EditorId] 1296816357 [Version] 1048832 [Id] WindowsEditor(7,ASUS-PC) [Debug] 1 [PackageName] WindowsEditor [ProjectName] Editor" joined multi-casting on [225.0.0.222:54997]...

Player connection [21208] Host "[IP] 192.168.1.13 [Port] 0 [Flags] 2 [Guid] 1296816357 [EditorId] 1296816357 [Version] 1048832 [Id] WindowsEditor(7,ASUS-PC) [Debug] 1 [PackageName] WindowsEditor [ProjectName] Editor" joined alternative multi-casting on [225.0.0.222:34997]...

[Physics::Module] Initialized MultithreadedJobDispatcher with 15 workers.
Refreshing native plugins compatible for Editor in 59.72 ms, found 6 plugins.
Preloading 0 native plugins for Editor in 0.00 ms.
Initialize engine version: 2022.3.20f1 (61c2feb0970d)
[Subsystems] Discovering subsystems at path C:/Program Files/Unity/Hub/Editor/2022.3.20f1/Editor/Data/Resources/UnitySubsystems
[Subsystems] Discovering subsystems at path C:/Users/ASUS/Desktop/Octavo Semestre/Sistemas Interactivos distribuidos/REPO ENTREGA 1/Sistemas_Interactivos/DeckCards/Assets
GfxDevice: creating device client; threaded=0; jobified=0
Direct3D:
    Version:  Direct3D 11.0 [level 11.1]
    Renderer: NVIDIA GeForce RTX 3060 Laptop GPU (ID=0x2520)
    Vendor:   NVIDIA
    VRAM:     5996 MB
    Driver:   32.0.15.6081
Initialize mono
Mono path[0] = 'C:/Program Files/Unity/Hub/Editor/2022.3.20f1/Editor/Data/Managed'
Mono path[1] = 'C:/Program Files/Unity/Hub/Editor/2022.3.20f1/Editor/Data/MonoBleedingEdge/lib/mono/unityjit-win32'
Mono config path = 'C:/Program Files/Unity/Hub/Editor/2022.3.20f1/Editor/Data/MonoBleedingEdge/etc'
Using monoOptions --debugger-agent=transport=dt_socket,embedding=1,server=y,suspend=n,address=127.0.0.1:56496
Begin MonoManager ReloadAssembly
Registering precompiled unity dll's ...
Register platform support module: C:/Program Files/Unity/Hub/Editor/2022.3.20f1/Editor/Data/PlaybackEngines/WebGLSupport/UnityEditor.WebGL.Extensions.dll
Register platform support module: C:/Program Files/Unity/Hub/Editor/2022.3.20f1/Editor/Data/PlaybackEngines/AndroidPlayer/UnityEditor.Android.Extensions.dll
Register platform support module: C:/Program Files/Unity/Hub/Editor/2022.3.20f1/Editor/Data/PlaybackEngines/WindowsStandaloneSupport/UnityEditor.WindowsStandalone.Extensions.dll
Registered in 0.023267 seconds.
- Loaded All Assemblies, in  0.518 seconds
Native extension for WindowsStandalone target not found
Native extension for Android target not found
Android Extension - Scanning For ADB Devices 417 ms
Native extension for WebGL target not found
Mono: successfully reloaded assembly
- Finished resetting the current domain, in  0.924 seconds
Domain Reload Profiling: 1439ms
	BeginReloadAssembly (170ms)
		ExecutionOrderSort (0ms)
		DisableScriptedObjects (0ms)
		BackupInstance (0ms)
		ReleaseScriptingObjects (0ms)
		CreateAndSetChildDomain (2ms)
	RebuildCommonClasses (37ms)
	RebuildNativeTypeToScriptingClass (13ms)
	initialDomainReloadingComplete (101ms)
	LoadAllAssembliesAndSetupDomain (193ms)
		LoadAssemblies (167ms)
		RebuildTransferFunctionScriptingTraits (0ms)
		AnalyzeDomain (189ms)
			TypeCache.Refresh (187ms)
				TypeCache.ScanAssembly (170ms)
			ScanForSourceGeneratedMonoScriptInfo (0ms)
			ResolveRequiredComponents (1ms)
	FinalizeReload (924ms)
		ReleaseScriptCaches (0ms)
		RebuildScriptCaches (0ms)
		SetupLoadedEditorAssemblies (848ms)
			LogAssemblyErrors (0ms)
			InitializePlatformSupportModulesInManaged (548ms)
			SetLoadedEditorAssemblies (5ms)
			RefreshPlugins (0ms)
			BeforeProcessingInitializeOnLoad (2ms)
			ProcessInitializeOnLoadAttributes (215ms)
			ProcessInitializeOnLoadMethodAttributes (79ms)
			AfterProcessingInitializeOnLoad (0ms)
			EditorAssembliesLoaded (0ms)
		ExecutionOrderSort2 (0ms)
		AwakeInstancesAfterBackupRestoration (0ms)
========================================================================
Worker process is ready to serve import requests
Begin MonoManager ReloadAssembly
DirectoryNotFoundException: Could not find a part of the path "C:\Users\ASUS\Desktop\Octavo Semestre\Sistemas Interactivos distribuidos\REPO ENTREGA 1\Sistemas_Interactivos\DeckCards\Library\PackageCache\com.unity.visualscripting@1.9.1\Editor\VisualScripting.Core\Dependencies\YamlDotNet\Unity.VisualScripting.YamlDotNet.dll"
  at System.IO.FileStream..ctor (System.String path, System.IO.FileMode mode, System.IO.FileAccess access, System.IO.FileShare share, System.Int32 bufferSize, System.Boolean anonymous, System.IO.FileOptions options) [0x0019e] in <dc753a1061284f8e971ee88ee4826eee>:0 
  at System.IO.FileStream..ctor (System.String path, System.IO.FileMode mode, System.IO.FileAccess access, System.IO.FileShare share) [0x00000] in <dc753a1061284f8e971ee88ee4826eee>:0 
  at (wrapper remoting-invoke-with-check) System.IO.FileStream..ctor(string,System.IO.FileMode,System.IO.FileAccess,System.IO.FileShare)
  at Mono.Cecil.ModuleDefinition.GetFileStream (System.String fileName, System.IO.FileMode mode, System.IO.FileAccess access, System.IO.FileShare share) [0x00006] in <a6860a9f6366437387ebdc1f225b7fd4>:0 
  at Mono.Cecil.ModuleDefinition.ReadModule (System.String fileName, Mono.Cecil.ReaderParameters parameters) [0x00008] in <a6860a9f6366437387ebdc1f225b7fd4>:0 
  at Mono.Cecil.AssemblyDefinition.ReadAssembly (System.String fileName, Mono.Cecil.ReaderParameters parameters) [0x00000] in <a6860a9f6366437387ebdc1f225b7fd4>:0 
  at UnityEditor.AssemblyValidation.LoadAssemblyDefinitions (System.String[] assemblyPaths, System.String[] searchPaths) [0x00048] in <5d5ebefe97114215928ac1d9cd096522>:0 
  at UnityEditor.AssemblyValidation.ValidateAssemblies (System.String[] assemblyPaths, System.Boolean enableLogging) [0x00007] in <5d5ebefe97114215928ac1d9cd096522>:0 

- Loaded All Assemblies, in  2.044 seconds
Refreshing native plugins compatible for Editor in 11.37 ms, found 6 plugins.
Native extension for WindowsStandalone target not found
Native extension for Android target not found
Native extension for WebGL target not found
Package Manager log level set to [2]
[Package Manager] Server::EnsureServerProcessIsRunning -- launch failed, reason: Unity was launched with the -noUpm command-line argument
[Package Manager] UpmClient::Send -- Unable to send message (not connected to UPM process).
[Package Manager] Cannot connect to Unity Package Manager local server
Mono: successfully reloaded assembly
- Finished resetting the current domain, in  0.820 seconds
Domain Reload Profiling: 2859ms
	BeginReloadAssembly (221ms)
		ExecutionOrderSort (0ms)
		DisableScriptedObjects (6ms)
		BackupInstance (0ms)
		ReleaseScriptingObjects (0ms)
		CreateAndSetChildDomain (34ms)
	RebuildCommonClasses (44ms)
	RebuildNativeTypeToScriptingClass (11ms)
	initialDomainReloadingComplete (55ms)
	LoadAllAssembliesAndSetupDomain (1708ms)
		LoadAssemblies (1589ms)
		RebuildTransferFunctionScriptingTraits (0ms)
		AnalyzeDomain (251ms)
			TypeCache.Refresh (220ms)
				TypeCache.ScanAssembly (190ms)
			ScanForSourceGeneratedMonoScriptInfo (25ms)
			ResolveRequiredComponents (5ms)
	FinalizeReload (821ms)
		ReleaseScriptCaches (0ms)
		RebuildScriptCaches (0ms)
		SetupLoadedEditorAssemblies (615ms)
			LogAssemblyErrors (0ms)
			InitializePlatformSupportModulesInManaged (40ms)
			SetLoadedEditorAssemblies (9ms)
			RefreshPlugins (0ms)
			BeforeProcessingInitializeOnLoad (77ms)
			ProcessInitializeOnLoadAttributes (450ms)
			ProcessInitializeOnLoadMethodAttributes (29ms)
			AfterProcessingInitializeOnLoad (10ms)
			EditorAssembliesLoaded (0ms)
		ExecutionOrderSort2 (0ms)
		AwakeInstancesAfterBackupRestoration (11ms)
Launched and connected shader compiler UnityShaderCompiler.exe after 0.10 seconds
Refreshing native plugins compatible for Editor in 11.51 ms, found 6 plugins.
Preloading 0 native plugins for Editor in 0.00 ms.
Unloading 3130 Unused Serialized files (Serialized files now loaded: 0)
Unloading 53 unused Assets / (65.0 KB). Loaded Objects now: 3590.
Memory consumption went from 133.4 MB to 133.3 MB.
Total: 6.402900 ms (FindLiveObjects: 0.317000 ms CreateObjectMapping: 0.262200 ms MarkObjects: 5.636100 ms  DeleteObjects: 0.186100 ms)

AssetImportParameters requested are different than current active one (requested -> active):
  custom:container-demuxer-ogg: 62fdf1f143b41e24485cea50d1cbac27 -> 
  custom:video-codec-MediaFoundation-h265: 746d11721c4dcdbdad8f713fa42b33f4 -> 
  custom:video-decoder-ogg-theora: a1e56fd34408186e4bbccfd4996cb3dc -> 
  custom:framework-win-MediaFoundation: 216162199b28c13a410421893ffa2e32 -> 
  custom:CustomObjectIndexerAttribute: 6d391050e5a25f67b0a2c618074f2cd9 -> 
  custom:container-demuxer-webm: 4f35f7cbe854078d1ac9338744f61a02 -> 
  custom:container-muxer-webm: aa71ff27fc2769a1b78a27578f13a17b -> 
  custom:video-decoder-webm-vp8: 9c59270c3fd7afecdb556c50c9e8de78 -> 
  custom:SearchIndexIgnoredProperties: e643bd26f0fe6173181afceb89e7c659 -> 
  custom:AudioImporter_EditorPlatform: d09bf68614088b80899f8185d706f6e7 -> 
  custom:video-encoder-webm-vp8: eb34c28f22e8b96e1ab97ce403110664 -> 
  custom:audio-decoder-ogg-vorbis: bf7c407c2cedff20999df2af8eb42d56 -> 
  custom:audio-encoder-webm-vorbis: bf7c407c2cedff20999df2af8eb42d56 -> 
========================================================================
Received Import Request.
  Time since last request: 15125.031328 seconds.
  path: Assets/Scripts/FirebaseCode/ButtonSaveScore.cs
  artifactKey: Guid(6d12fb9a76d1c1e44888336817d70611) Importer(815301076,1909f56bfc062723c751e8b465ee728b)
Start importing Assets/Scripts/FirebaseCode/ButtonSaveScore.cs using Guid(6d12fb9a76d1c1e44888336817d70611) Importer(815301076,1909f56bfc062723c751e8b465ee728b)  -> (artifact id: '103507f2fee524df3b62a880b92c233f') in 0.002772 seconds
Number of updated asset objects reloaded before import = 0
Number of asset objects unloaded after import = 0
========================================================================
Received Import Request.
  Time since last request: 806.617847 seconds.
  path: Assets/Scripts/FirebaseCode/ButtonSaveScore.cs
  artifactKey: Guid(6d12fb9a76d1c1e44888336817d70611) Importer(815301076,1909f56bfc062723c751e8b465ee728b)
Start importing Assets/Scripts/FirebaseCode/ButtonSaveScore.cs using Guid(6d12fb9a76d1c1e44888336817d70611) Importer(815301076,1909f56bfc062723c751e8b465ee728b)  -> (artifact id: 'b8aa36bd5866a298676bb1fb01bbb17e') in 0.001124 seconds
Number of updated asset objects reloaded before import = 0
Number of asset objects unloaded after import = 0
========================================================================
Received Prepare
Begin MonoManager ReloadAssembly
DirectoryNotFoundException: Could not find a part of the path "C:\Users\ASUS\Desktop\Octavo Semestre\Sistemas Interactivos distribuidos\REPO ENTREGA 1\Sistemas_Interactivos\DeckCards\Library\PackageCache\com.unity.visualscripting@1.9.1\Editor\VisualScripting.Core\Dependencies\YamlDotNet\Unity.VisualScripting.YamlDotNet.dll"
  at System.IO.FileStream..ctor (System.String path, System.IO.FileMode mode, System.IO.FileAccess access, System.IO.FileShare share, System.Int32 bufferSize, System.Boolean anonymous, System.IO.FileOptions options) [0x0019e] in <dc753a1061284f8e971ee88ee4826eee>:0 
  at System.IO.FileStream..ctor (System.String path, System.IO.FileMode mode, System.IO.FileAccess access, System.IO.FileShare share) [0x00000] in <dc753a1061284f8e971ee88ee4826eee>:0 
  at (wrapper remoting-invoke-with-check) System.IO.FileStream..ctor(string,System.IO.FileMode,System.IO.FileAccess,System.IO.FileShare)
  at Mono.Cecil.ModuleDefinition.GetFileStream (System.String fileName, System.IO.FileMode mode, System.IO.FileAccess access, System.IO.FileShare share) [0x00006] in <a6860a9f6366437387ebdc1f225b7fd4>:0 
  at Mono.Cecil.ModuleDefinition.ReadModule (System.String fileName, Mono.Cecil.ReaderParameters parameters) [0x00008] in <a6860a9f6366437387ebdc1f225b7fd4>:0 
  at Mono.Cecil.AssemblyDefinition.ReadAssembly (System.String fileName, Mono.Cecil.ReaderParameters parameters) [0x00000] in <a6860a9f6366437387ebdc1f225b7fd4>:0 
  at UnityEditor.AssemblyValidation.LoadAssemblyDefinitions (System.String[] assemblyPaths, System.String[] searchPaths) [0x00048] in <5d5ebefe97114215928ac1d9cd096522>:0 
  at UnityEditor.AssemblyValidation.ValidateAssemblies (System.String[] assemblyPaths, System.Boolean enableLogging) [0x00007] in <5d5ebefe97114215928ac1d9cd096522>:0 

- Loaded All Assemblies, in  0.551 seconds
Refreshing native plugins compatible for Editor in 10.54 ms, found 6 plugins.
Native extension for WindowsStandalone target not found
Native extension for Android target not found
Native extension for WebGL target not found
[Package Manager] Server::EnsureServerProcessIsRunning -- launch failed, reason: Unity was launched with the -noUpm command-line argument
[Package Manager] UpmClient::Send -- Unable to send message (not connected to UPM process).
[Package Manager] Cannot connect to Unity Package Manager local server
Mono: successfully reloaded assembly
- Finished resetting the current domain, in 26.444 seconds
Domain Reload Profiling: 26991ms
	BeginReloadAssembly (249ms)
		ExecutionOrderSort (0ms)
		DisableScriptedObjects (5ms)
		BackupInstance (0ms)
		ReleaseScriptingObjects (0ms)
		CreateAndSetChildDomain (53ms)
	RebuildCommonClasses (49ms)
	RebuildNativeTypeToScriptingClass (13ms)
	initialDomainReloadingComplete (56ms)
	LoadAllAssembliesAndSetupDomain (179ms)
		LoadAssemblies (301ms)
		RebuildTransferFunctionScriptingTraits (0ms)
		AnalyzeDomain (30ms)
			TypeCache.Refresh (14ms)
				TypeCache.ScanAssembly (0ms)
			ScanForSourceGeneratedMonoScriptInfo (9ms)
			ResolveRequiredComponents (5ms)
	FinalizeReload (26445ms)
		ReleaseScriptCaches (0ms)
		RebuildScriptCaches (0ms)
		SetupLoadedEditorAssemblies (644ms)
			LogAssemblyErrors (0ms)
			InitializePlatformSupportModulesInManaged (44ms)
			SetLoadedEditorAssemblies (11ms)
			RefreshPlugins (0ms)
			BeforeProcessingInitializeOnLoad (107ms)
			ProcessInitializeOnLoadAttributes (431ms)
			ProcessInitializeOnLoadMethodAttributes (41ms)
			AfterProcessingInitializeOnLoad (11ms)
			EditorAssembliesLoaded (0ms)
		ExecutionOrderSort2 (0ms)
		AwakeInstancesAfterBackupRestoration (9ms)
Script is not up to date after domain reload: guid(6d12fb9a76d1c1e44888336817d70611) path("Assets/Scripts/FirebaseCode/ButtonSaveScore.cs") state(2)
Refreshing native plugins compatible for Editor in 18.72 ms, found 6 plugins.
Preloading 0 native plugins for Editor in 0.00 ms.
Unloading 3107 Unused Serialized files (Serialized files now loaded: 0)
Unloading 44 unused Assets / (39.9 KB). Loaded Objects now: 3592.
Memory consumption went from 130.3 MB to 130.3 MB.
Total: 4.754100 ms (FindLiveObjects: 0.329900 ms CreateObjectMapping: 0.102000 ms MarkObjects: 4.190200 ms  DeleteObjects: 0.129800 ms)

Prepare: number of updated asset objects reloaded= 0
AssetImportParameters requested are different than current active one (requested -> active):
  custom:container-demuxer-ogg: 62fdf1f143b41e24485cea50d1cbac27 -> 
  custom:video-codec-MediaFoundation-h265: 746d11721c4dcdbdad8f713fa42b33f4 -> 
  custom:video-decoder-ogg-theora: a1e56fd34408186e4bbccfd4996cb3dc -> 
  custom:framework-win-MediaFoundation: 216162199b28c13a410421893ffa2e32 -> 
  custom:CustomObjectIndexerAttribute: 6d391050e5a25f67b0a2c618074f2cd9 -> 
  custom:container-demuxer-webm: 4f35f7cbe854078d1ac9338744f61a02 -> 
  custom:container-muxer-webm: aa71ff27fc2769a1b78a27578f13a17b -> 
  custom:video-decoder-webm-vp8: 9c59270c3fd7afecdb556c50c9e8de78 -> 
  custom:SearchIndexIgnoredProperties: e643bd26f0fe6173181afceb89e7c659 -> 
  custom:AudioImporter_EditorPlatform: d09bf68614088b80899f8185d706f6e7 -> 
  custom:video-encoder-webm-vp8: eb34c28f22e8b96e1ab97ce403110664 -> 
  custom:audio-decoder-ogg-vorbis: bf7c407c2cedff20999df2af8eb42d56 -> 
  custom:audio-encoder-webm-vorbis: bf7c407c2cedff20999df2af8eb42d56 -> 
========================================================================
Received Prepare
Begin MonoManager ReloadAssembly
DirectoryNotFoundException: Could not find a part of the path "C:\Users\ASUS\Desktop\Octavo Semestre\Sistemas Interactivos distribuidos\REPO ENTREGA 1\Sistemas_Interactivos\DeckCards\Library\PackageCache\com.unity.visualscripting@1.9.1\Editor\VisualScripting.Core\Dependencies\YamlDotNet\Unity.VisualScripting.YamlDotNet.dll"
  at System.IO.FileStream..ctor (System.String path, System.IO.FileMode mode, System.IO.FileAccess access, System.IO.FileShare share, System.Int32 bufferSize, System.Boolean anonymous, System.IO.FileOptions options) [0x0019e] in <dc753a1061284f8e971ee88ee4826eee>:0 
  at System.IO.FileStream..ctor (System.String path, System.IO.FileMode mode, System.IO.FileAccess access, System.IO.FileShare share) [0x00000] in <dc753a1061284f8e971ee88ee4826eee>:0 
  at (wrapper remoting-invoke-with-check) System.IO.FileStream..ctor(string,System.IO.FileMode,System.IO.FileAccess,System.IO.FileShare)
  at Mono.Cecil.ModuleDefinition.GetFileStream (System.String fileName, System.IO.FileMode mode, System.IO.FileAccess access, System.IO.FileShare share) [0x00006] in <a6860a9f6366437387ebdc1f225b7fd4>:0 
  at Mono.Cecil.ModuleDefinition.ReadModule (System.String fileName, Mono.Cecil.ReaderParameters parameters) [0x00008] in <a6860a9f6366437387ebdc1f225b7fd4>:0 
  at Mono.Cecil.AssemblyDefinition.ReadAssembly (System.String fileName, Mono.Cecil.ReaderParameters parameters) [0x00000] in <a6860a9f6366437387ebdc1f225b7fd4>:0 
  at UnityEditor.AssemblyValidation.LoadAssemblyDefinitions (System.String[] assemblyPaths, System.String[] searchPaths) [0x00048] in <5d5ebefe97114215928ac1d9cd096522>:0 
  at UnityEditor.AssemblyValidation.ValidateAssemblies (System.String[] assemblyPaths, System.Boolean enableLogging) [0x00007] in <5d5ebefe97114215928ac1d9cd096522>:0 

- Loaded All Assemblies, in  0.555 seconds
Refreshing native plugins compatible for Editor in 14.19 ms, found 6 plugins.
Native extension for WindowsStandalone target not found
Native extension for Android target not found
Native extension for WebGL target not found
[Package Manager] Server::EnsureServerProcessIsRunning -- launch failed, reason: Unity was launched with the -noUpm command-line argument
[Package Manager] UpmClient::Send -- Unable to send message (not connected to UPM process).
[Package Manager] Cannot connect to Unity Package Manager local server
Mono: successfully reloaded assembly
- Finished resetting the current domain, in  1.441 seconds
Domain Reload Profiling: 1991ms
	BeginReloadAssembly (234ms)
		ExecutionOrderSort (0ms)
		DisableScriptedObjects (5ms)
		BackupInstance (0ms)
		ReleaseScriptingObjects (0ms)
		CreateAndSetChildDomain (53ms)
	RebuildCommonClasses (46ms)
	RebuildNativeTypeToScriptingClass (13ms)
	initialDomainReloadingComplete (50ms)
	LoadAllAssembliesAndSetupDomain (207ms)
		LoadAssemblies (316ms)
		RebuildTransferFunctionScriptingTraits (0ms)
		AnalyzeDomain (29ms)
			TypeCache.Refresh (13ms)
				TypeCache.ScanAssembly (0ms)
			ScanForSourceGeneratedMonoScriptInfo (10ms)
			ResolveRequiredComponents (5ms)
	FinalizeReload (1441ms)
		ReleaseScriptCaches (0ms)
		RebuildScriptCaches (0ms)
		SetupLoadedEditorAssemblies (565ms)
			LogAssemblyErrors (0ms)
			InitializePlatformSupportModulesInManaged (35ms)
			SetLoadedEditorAssemblies (8ms)
			RefreshPlugins (0ms)
			BeforeProcessingInitializeOnLoad (85ms)
			ProcessInitializeOnLoadAttributes (393ms)
			ProcessInitializeOnLoadMethodAttributes (32ms)
			AfterProcessingInitializeOnLoad (12ms)
			EditorAssembliesLoaded (0ms)
		ExecutionOrderSort2 (0ms)
		AwakeInstancesAfterBackupRestoration (10ms)
Refreshing native plugins compatible for Editor in 11.36 ms, found 6 plugins.
Preloading 0 native plugins for Editor in 0.00 ms.
Unloading 3109 Unused Serialized files (Serialized files now loaded: 0)
Unloading 44 unused Assets / (39.8 KB). Loaded Objects now: 3596.
Memory consumption went from 132.5 MB to 132.5 MB.
Total: 4.802700 ms (FindLiveObjects: 0.387900 ms CreateObjectMapping: 0.104100 ms MarkObjects: 4.201000 ms  DeleteObjects: 0.107500 ms)

Prepare: number of updated asset objects reloaded= 0
AssetImportParameters requested are different than current active one (requested -> active):
  custom:container-demuxer-ogg: 62fdf1f143b41e24485cea50d1cbac27 -> 
  custom:video-codec-MediaFoundation-h265: 746d11721c4dcdbdad8f713fa42b33f4 -> 
  custom:video-decoder-ogg-theora: a1e56fd34408186e4bbccfd4996cb3dc -> 
  custom:framework-win-MediaFoundation: 216162199b28c13a410421893ffa2e32 -> 
  custom:CustomObjectIndexerAttribute: 6d391050e5a25f67b0a2c618074f2cd9 -> 
  custom:container-demuxer-webm: 4f35f7cbe854078d1ac9338744f61a02 -> 
  custom:container-muxer-webm: aa71ff27fc2769a1b78a27578f13a17b -> 
  custom:video-decoder-webm-vp8: 9c59270c3fd7afecdb556c50c9e8de78 -> 
  custom:SearchIndexIgnoredProperties: e643bd26f0fe6173181afceb89e7c659 -> 
  custom:AudioImporter_EditorPlatform: d09bf68614088b80899f8185d706f6e7 -> 
  custom:video-encoder-webm-vp8: eb34c28f22e8b96e1ab97ce403110664 -> 
  custom:audio-decoder-ogg-vorbis: bf7c407c2cedff20999df2af8eb42d56 -> 
  custom:audio-encoder-webm-vorbis: bf7c407c2cedff20999df2af8eb42d56 -> 
========================================================================
Received Import Request.
  Time since last request: 135.288387 seconds.
  path: Assets/Scripts/FirebaseCode/ButtonSaveScore.cs
  artifactKey: Guid(6d12fb9a76d1c1e44888336817d70611) Importer(815301076,1909f56bfc062723c751e8b465ee728b)
Start importing Assets/Scripts/FirebaseCode/ButtonSaveScore.cs using Guid(6d12fb9a76d1c1e44888336817d70611) Importer(815301076,1909f56bfc062723c751e8b465ee728b)  -> (artifact id: 'b41a2703fdb06b9eda92c8af90657b63') in 0.006030 seconds
Number of updated asset objects reloaded before import = 0
Number of asset objects unloaded after import = 0
========================================================================
Received Import Request.
  Time since last request: 7.592550 seconds.
  path: Assets/Scripts/FirebaseCode/ButtonSaveScore.cs
  artifactKey: Guid(6d12fb9a76d1c1e44888336817d70611) Importer(815301076,1909f56bfc062723c751e8b465ee728b)
Start importing Assets/Scripts/FirebaseCode/ButtonSaveScore.cs using Guid(6d12fb9a76d1c1e44888336817d70611) Importer(815301076,1909f56bfc062723c751e8b465ee728b)  -> (artifact id: '7507a468496a7a00fd0c4a698db44b06') in 0.000689 seconds
Number of updated asset objects reloaded before import = 0
Number of asset objects unloaded after import = 0
========================================================================
Received Import Request.
  Time since last request: 145.710255 seconds.
  path: Assets/Scripts/FirebaseCode/ButtonSaveScore.cs
  artifactKey: Guid(6d12fb9a76d1c1e44888336817d70611) Importer(815301076,1909f56bfc062723c751e8b465ee728b)
Start importing Assets/Scripts/FirebaseCode/ButtonSaveScore.cs using Guid(6d12fb9a76d1c1e44888336817d70611) Importer(815301076,1909f56bfc062723c751e8b465ee728b)  -> (artifact id: '80bb917a9448063e14e35fd4ba3c3d6e') in 0.000880 seconds
Number of updated asset objects reloaded before import = 0
Number of asset objects unloaded after import = 0
========================================================================
Received Import Request.
  Time since last request: 26.638194 seconds.
  path: Assets/Scripts/FirebaseCode/ButtonSaveScore.cs
  artifactKey: Guid(6d12fb9a76d1c1e44888336817d70611) Importer(815301076,1909f56bfc062723c751e8b465ee728b)
Start importing Assets/Scripts/FirebaseCode/ButtonSaveScore.cs using Guid(6d12fb9a76d1c1e44888336817d70611) Importer(815301076,1909f56bfc062723c751e8b465ee728b)  -> (artifact id: '8987e116ddc8356c059ae4aff36d9f10') in 0.000951 seconds
Number of updated asset objects reloaded before import = 0
Number of asset objects unloaded after import = 0
========================================================================
Received Import Request.
  Time since last request: 7.983472 seconds.
  path: Assets/Scripts/FirebaseCode/ButtonSaveScore.cs
  artifactKey: Guid(6d12fb9a76d1c1e44888336817d70611) Importer(815301076,1909f56bfc062723c751e8b465ee728b)
Start importing Assets/Scripts/FirebaseCode/ButtonSaveScore.cs using Guid(6d12fb9a76d1c1e44888336817d70611) Importer(815301076,1909f56bfc062723c751e8b465ee728b)  -> (artifact id: 'b9ba36d5af35132adf97e69eb4595167') in 0.000748 seconds
Number of updated asset objects reloaded before import = 0
Number of asset objects unloaded after import = 0
========================================================================
Received Prepare
Begin MonoManager ReloadAssembly
DirectoryNotFoundException: Could not find a part of the path "C:\Users\ASUS\Desktop\Octavo Semestre\Sistemas Interactivos distribuidos\REPO ENTREGA 1\Sistemas_Interactivos\DeckCards\Library\PackageCache\com.unity.visualscripting@1.9.1\Editor\VisualScripting.Core\Dependencies\YamlDotNet\Unity.VisualScripting.YamlDotNet.dll"
  at System.IO.FileStream..ctor (System.String path, System.IO.FileMode mode, System.IO.FileAccess access, System.IO.FileShare share, System.Int32 bufferSize, System.Boolean anonymous, System.IO.FileOptions options) [0x0019e] in <dc753a1061284f8e971ee88ee4826eee>:0 
  at System.IO.FileStream..ctor (System.String path, System.IO.FileMode mode, System.IO.FileAccess access, System.IO.FileShare share) [0x00000] in <dc753a1061284f8e971ee88ee4826eee>:0 
  at (wrapper remoting-invoke-with-check) System.IO.FileStream..ctor(string,System.IO.FileMode,System.IO.FileAccess,System.IO.FileShare)
  at Mono.Cecil.ModuleDefinition.GetFileStream (System.String fileName, System.IO.FileMode mode, System.IO.FileAccess access, System.IO.FileShare share) [0x00006] in <a6860a9f6366437387ebdc1f225b7fd4>:0 
  at Mono.Cecil.ModuleDefinition.ReadModule (System.String fileName, Mono.Cecil.ReaderParameters parameters) [0x00008] in <a6860a9f6366437387ebdc1f225b7fd4>:0 
  at Mono.Cecil.AssemblyDefinition.ReadAssembly (System.String fileName, Mono.Cecil.ReaderParameters parameters) [0x00000] in <a6860a9f6366437387ebdc1f225b7fd4>:0 
  at UnityEditor.AssemblyValidation.LoadAssemblyDefinitions (System.String[] assemblyPaths, System.String[] searchPaths) [0x00048] in <5d5ebefe97114215928ac1d9cd096522>:0 
  at UnityEditor.AssemblyValidation.ValidateAssemblies (System.String[] assemblyPaths, System.Boolean enableLogging) [0x00007] in <5d5ebefe97114215928ac1d9cd096522>:0 

- Loaded All Assemblies, in  0.558 seconds
Refreshing native plugins compatible for Editor in 15.97 ms, found 6 plugins.
Native extension for WindowsStandalone target not found
Native extension for Android target not found
Native extension for WebGL target not found
[Package Manager] Server::EnsureServerProcessIsRunning -- launch failed, reason: Unity was launched with the -noUpm command-line argument
[Package Manager] UpmClient::Send -- Unable to send message (not connected to UPM process).
[Package Manager] Cannot connect to Unity Package Manager local server
Mono: successfully reloaded assembly
- Finished resetting the current domain, in  2.069 seconds
Domain Reload Profiling: 2623ms
	BeginReloadAssembly (253ms)
		ExecutionOrderSort (0ms)
		DisableScriptedObjects (6ms)
		BackupInstance (0ms)
		ReleaseScriptingObjects (0ms)
		CreateAndSetChildDomain (71ms)
	RebuildCommonClasses (46ms)
	RebuildNativeTypeToScriptingClass (13ms)
	initialDomainReloadingComplete (48ms)
	LoadAllAssembliesAndSetupDomain (194ms)
		LoadAssemblies (296ms)
		RebuildTransferFunctionScriptingTraits (0ms)
		AnalyzeDomain (34ms)
			TypeCache.Refresh (15ms)
				TypeCache.ScanAssembly (1ms)
			ScanForSourceGeneratedMonoScriptInfo (11ms)
			ResolveRequiredComponents (6ms)
	FinalizeReload (2070ms)
		ReleaseScriptCaches (0ms)
		RebuildScriptCaches (0ms)
		SetupLoadedEditorAssemblies (460ms)
			LogAssemblyErrors (0ms)
			InitializePlatformSupportModulesInManaged (32ms)
			SetLoadedEditorAssemblies (6ms)
			RefreshPlugins (0ms)
			BeforeProcessingInitializeOnLoad (70ms)
			ProcessInitializeOnLoadAttributes (319ms)
			ProcessInitializeOnLoadMethodAttributes (23ms)
			AfterProcessingInitializeOnLoad (10ms)
			EditorAssembliesLoaded (0ms)
		ExecutionOrderSort2 (0ms)
		AwakeInstancesAfterBackupRestoration (8ms)
Refreshing native plugins compatible for Editor in 10.96 ms, found 6 plugins.
Preloading 0 native plugins for Editor in 0.00 ms.
Unloading 3108 Unused Serialized files (Serialized files now loaded: 0)
Unloading 44 unused Assets / (39.9 KB). Loaded Objects now: 3599.
Memory consumption went from 134.2 MB to 134.1 MB.
Total: 4.472300 ms (FindLiveObjects: 0.315900 ms CreateObjectMapping: 0.086300 ms MarkObjects: 3.956800 ms  DeleteObjects: 0.111900 ms)

Prepare: number of updated asset objects reloaded= 0
AssetImportParameters requested are different than current active one (requested -> active):
  custom:container-demuxer-ogg: 62fdf1f143b41e24485cea50d1cbac27 -> 
  custom:video-codec-MediaFoundation-h265: 746d11721c4dcdbdad8f713fa42b33f4 -> 
  custom:video-decoder-ogg-theora: a1e56fd34408186e4bbccfd4996cb3dc -> 
  custom:framework-win-MediaFoundation: 216162199b28c13a410421893ffa2e32 -> 
  custom:CustomObjectIndexerAttribute: 6d391050e5a25f67b0a2c618074f2cd9 -> 
  custom:container-demuxer-webm: 4f35f7cbe854078d1ac9338744f61a02 -> 
  custom:container-muxer-webm: aa71ff27fc2769a1b78a27578f13a17b -> 
  custom:video-decoder-webm-vp8: 9c59270c3fd7afecdb556c50c9e8de78 -> 
  custom:SearchIndexIgnoredProperties: e643bd26f0fe6173181afceb89e7c659 -> 
  custom:AudioImporter_EditorPlatform: d09bf68614088b80899f8185d706f6e7 -> 
  custom:video-encoder-webm-vp8: eb34c28f22e8b96e1ab97ce403110664 -> 
  custom:audio-decoder-ogg-vorbis: bf7c407c2cedff20999df2af8eb42d56 -> 
  custom:audio-encoder-webm-vorbis: bf7c407c2cedff20999df2af8eb42d56 -> 
========================================================================
Received Import Request.
  Time since last request: 26.186470 seconds.
  path: Assets/Scripts/FirebaseCode/ButtonSaveScore.cs
  artifactKey: Guid(6d12fb9a76d1c1e44888336817d70611) Importer(815301076,1909f56bfc062723c751e8b465ee728b)
Start importing Assets/Scripts/FirebaseCode/ButtonSaveScore.cs using Guid(6d12fb9a76d1c1e44888336817d70611) Importer(815301076,1909f56bfc062723c751e8b465ee728b)  -> (artifact id: 'ce0df542f25a117ce59576c544f8b27c') in 0.004759 seconds
Number of updated asset objects reloaded before import = 0
Number of asset objects unloaded after import = 0
========================================================================
Received Import Request.
  Time since last request: 10.140713 seconds.
  path: Assets/Scripts/FirebaseCode/ButtonSaveScore.cs
  artifactKey: Guid(6d12fb9a76d1c1e44888336817d70611) Importer(815301076,1909f56bfc062723c751e8b465ee728b)
Start importing Assets/Scripts/FirebaseCode/ButtonSaveScore.cs using Guid(6d12fb9a76d1c1e44888336817d70611) Importer(815301076,1909f56bfc062723c751e8b465ee728b)  -> (artifact id: 'aaaf02a1469405c0c8ca9ec4465cd370') in 0.001253 seconds
Number of updated asset objects reloaded before import = 0
Number of asset objects unloaded after import = 0
========================================================================
Received Prepare
Begin MonoManager ReloadAssembly
DirectoryNotFoundException: Could not find a part of the path "C:\Users\ASUS\Desktop\Octavo Semestre\Sistemas Interactivos distribuidos\REPO ENTREGA 1\Sistemas_Interactivos\DeckCards\Library\PackageCache\com.unity.visualscripting@1.9.1\Editor\VisualScripting.Core\Dependencies\YamlDotNet\Unity.VisualScripting.YamlDotNet.dll"
  at System.IO.FileStream..ctor (System.String path, System.IO.FileMode mode, System.IO.FileAccess access, System.IO.FileShare share, System.Int32 bufferSize, System.Boolean anonymous, System.IO.FileOptions options) [0x0019e] in <dc753a1061284f8e971ee88ee4826eee>:0 
  at System.IO.FileStream..ctor (System.String path, System.IO.FileMode mode, System.IO.FileAccess access, System.IO.FileShare share) [0x00000] in <dc753a1061284f8e971ee88ee4826eee>:0 
  at (wrapper remoting-invoke-with-check) System.IO.FileStream..ctor(string,System.IO.FileMode,System.IO.FileAccess,System.IO.FileShare)
  at Mono.Cecil.ModuleDefinition.GetFileStream (System.String fileName, System.IO.FileMode mode, System.IO.FileAccess access, System.IO.FileShare share) [0x00006] in <a6860a9f6366437387ebdc1f225b7fd4>:0 
  at Mono.Cecil.ModuleDefinition.ReadModule (System.String fileName, Mono.Cecil.ReaderParameters parameters) [0x00008] in <a6860a9f6366437387ebdc1f225b7fd4>:0 
  at Mono.Cecil.AssemblyDefinition.ReadAssembly (System.String fileName, Mono.Cecil.ReaderParameters parameters) [0x00000] in <a6860a9f6366437387ebdc1f225b7fd4>:0 
  at UnityEditor.AssemblyValidation.LoadAssemblyDefinitions (System.String[] assemblyPaths, System.String[] searchPaths) [0x00048] in <5d5ebefe97114215928ac1d9cd096522>:0 
  at UnityEditor.AssemblyValidation.ValidateAssemblies (System.String[] assemblyPaths, System.Boolean enableLogging) [0x00007] in <5d5ebefe97114215928ac1d9cd096522>:0 

- Loaded All Assemblies, in  0.793 seconds
Refreshing native plugins compatible for Editor in 17.58 ms, found 6 plugins.
Native extension for WindowsStandalone target not found
Native extension for Android target not found
Native extension for WebGL target not found
[Package Manager] Server::EnsureServerProcessIsRunning -- launch failed, reason: Unity was launched with the -noUpm command-line argument
[Package Manager] UpmClient::Send -- Unable to send message (not connected to UPM process).
[Package Manager] Cannot connect to Unity Package Manager local server
Mono: successfully reloaded assembly
- Finished resetting the current domain, in  2.069 seconds
Domain Reload Profiling: 2858ms
	BeginReloadAssembly (391ms)
		ExecutionOrderSort (0ms)
		DisableScriptedObjects (8ms)
		BackupInstance (0ms)
		ReleaseScriptingObjects (0ms)
		CreateAndSetChildDomain (141ms)
	RebuildCommonClasses (44ms)
	RebuildNativeTypeToScriptingClass (11ms)
	initialDomainReloadingComplete (50ms)
	LoadAllAssembliesAndSetupDomain (292ms)
		LoadAssemblies (425ms)
		RebuildTransferFunctionScriptingTraits (0ms)
		AnalyzeDomain (49ms)
			TypeCache.Refresh (24ms)
				TypeCache.ScanAssembly (1ms)
			ScanForSourceGeneratedMonoScriptInfo (14ms)
			ResolveRequiredComponents (8ms)
	FinalizeReload (2069ms)
		ReleaseScriptCaches (0ms)
		RebuildScriptCaches (0ms)
		SetupLoadedEditorAssemblies (526ms)
			LogAssemblyErrors (0ms)
			InitializePlatformSupportModulesInManaged (37ms)
			SetLoadedEditorAssemblies (9ms)
			RefreshPlugins (0ms)
			BeforeProcessingInitializeOnLoad (72ms)
			ProcessInitializeOnLoadAttributes (375ms)
			ProcessInitializeOnLoadMethodAttributes (26ms)
			AfterProcessingInitializeOnLoad (8ms)
			EditorAssembliesLoaded (0ms)
		ExecutionOrderSort2 (0ms)
		AwakeInstancesAfterBackupRestoration (8ms)
Refreshing native plugins compatible for Editor in 12.33 ms, found 6 plugins.
Preloading 0 native plugins for Editor in 0.00 ms.
Unloading 3108 Unused Serialized files (Serialized files now loaded: 0)
Unloading 44 unused Assets / (39.9 KB). Loaded Objects now: 3602.
Memory consumption went from 136.1 MB to 136.1 MB.
Total: 6.526900 ms (FindLiveObjects: 0.927800 ms CreateObjectMapping: 0.399500 ms MarkObjects: 5.094300 ms  DeleteObjects: 0.103100 ms)

Prepare: number of updated asset objects reloaded= 0
AssetImportParameters requested are different than current active one (requested -> active):
  custom:container-demuxer-ogg: 62fdf1f143b41e24485cea50d1cbac27 -> 
  custom:video-codec-MediaFoundation-h265: 746d11721c4dcdbdad8f713fa42b33f4 -> 
  custom:video-decoder-ogg-theora: a1e56fd34408186e4bbccfd4996cb3dc -> 
  custom:framework-win-MediaFoundation: 216162199b28c13a410421893ffa2e32 -> 
  custom:CustomObjectIndexerAttribute: 6d391050e5a25f67b0a2c618074f2cd9 -> 
  custom:container-demuxer-webm: 4f35f7cbe854078d1ac9338744f61a02 -> 
  custom:container-muxer-webm: aa71ff27fc2769a1b78a27578f13a17b -> 
  custom:video-decoder-webm-vp8: 9c59270c3fd7afecdb556c50c9e8de78 -> 
  custom:SearchIndexIgnoredProperties: e643bd26f0fe6173181afceb89e7c659 -> 
  custom:AudioImporter_EditorPlatform: d09bf68614088b80899f8185d706f6e7 -> 
  custom:video-encoder-webm-vp8: eb34c28f22e8b96e1ab97ce403110664 -> 
  custom:audio-decoder-ogg-vorbis: bf7c407c2cedff20999df2af8eb42d56 -> 
  custom:audio-encoder-webm-vorbis: bf7c407c2cedff20999df2af8eb42d56 -> 
========================================================================
Received Import Request.
  Time since last request: 17.963669 seconds.
  path: Assets/Scripts/FirebaseCode/ButtonSaveScore.cs
  artifactKey: Guid(6d12fb9a76d1c1e44888336817d70611) Importer(815301076,1909f56bfc062723c751e8b465ee728b)
Start importing Assets/Scripts/FirebaseCode/ButtonSaveScore.cs using Guid(6d12fb9a76d1c1e44888336817d70611) Importer(815301076,1909f56bfc062723c751e8b465ee728b)  -> (artifact id: '6ae79c168ebc66b8ce050acd695a2f30') in 0.003572 seconds
Number of updated asset objects reloaded before import = 0
Number of asset objects unloaded after import = 0
========================================================================
Received Prepare
Begin MonoManager ReloadAssembly
DirectoryNotFoundException: Could not find a part of the path "C:\Users\ASUS\Desktop\Octavo Semestre\Sistemas Interactivos distribuidos\REPO ENTREGA 1\Sistemas_Interactivos\DeckCards\Library\PackageCache\com.unity.visualscripting@1.9.1\Editor\VisualScripting.Core\Dependencies\YamlDotNet\Unity.VisualScripting.YamlDotNet.dll"
  at System.IO.FileStream..ctor (System.String path, System.IO.FileMode mode, System.IO.FileAccess access, System.IO.FileShare share, System.Int32 bufferSize, System.Boolean anonymous, System.IO.FileOptions options) [0x0019e] in <dc753a1061284f8e971ee88ee4826eee>:0 
  at System.IO.FileStream..ctor (System.String path, System.IO.FileMode mode, System.IO.FileAccess access, System.IO.FileShare share) [0x00000] in <dc753a1061284f8e971ee88ee4826eee>:0 
  at (wrapper remoting-invoke-with-check) System.IO.FileStream..ctor(string,System.IO.FileMode,System.IO.FileAccess,System.IO.FileShare)
  at Mono.Cecil.ModuleDefinition.GetFileStream (System.String fileName, System.IO.FileMode mode, System.IO.FileAccess access, System.IO.FileShare share) [0x00006] in <a6860a9f6366437387ebdc1f225b7fd4>:0 
  at Mono.Cecil.ModuleDefinition.ReadModule (System.String fileName, Mono.Cecil.ReaderParameters parameters) [0x00008] in <a6860a9f6366437387ebdc1f225b7fd4>:0 
  at Mono.Cecil.AssemblyDefinition.ReadAssembly (System.String fileName, Mono.Cecil.ReaderParameters parameters) [0x00000] in <a6860a9f6366437387ebdc1f225b7fd4>:0 
  at UnityEditor.AssemblyValidation.LoadAssemblyDefinitions (System.String[] assemblyPaths, System.String[] searchPaths) [0x00048] in <5d5ebefe97114215928ac1d9cd096522>:0 
  at UnityEditor.AssemblyValidation.ValidateAssemblies (System.String[] assemblyPaths, System.Boolean enableLogging) [0x00007] in <5d5ebefe97114215928ac1d9cd096522>:0 

- Loaded All Assemblies, in  0.809 seconds
Refreshing native plugins compatible for Editor in 19.39 ms, found 6 plugins.
Native extension for WindowsStandalone target not found
Native extension for Android target not found
Native extension for WebGL target not found
[Package Manager] Server::EnsureServerProcessIsRunning -- launch failed, reason: Unity was launched with the -noUpm command-line argument
[Package Manager] UpmClient::Send -- Unable to send message (not connected to UPM process).
[Package Manager] Cannot connect to Unity Package Manager local server
Mono: successfully reloaded assembly
- Finished resetting the current domain, in  1.612 seconds
Domain Reload Profiling: 2410ms
	BeginReloadAssembly (359ms)
		ExecutionOrderSort (0ms)
		DisableScriptedObjects (6ms)
		BackupInstance (0ms)
		ReleaseScriptingObjects (0ms)
		CreateAndSetChildDomain (68ms)
	RebuildCommonClasses (84ms)
	RebuildNativeTypeToScriptingClass (19ms)
	initialDomainReloadingComplete (75ms)
	LoadAllAssembliesAndSetupDomain (260ms)
		LoadAssemblies (445ms)
		RebuildTransferFunctionScriptingTraits (0ms)
		AnalyzeDomain (48ms)
			TypeCache.Refresh (23ms)
				TypeCache.ScanAssembly (1ms)
			ScanForSourceGeneratedMonoScriptInfo (14ms)
			ResolveRequiredComponents (8ms)
	FinalizeReload (1613ms)
		ReleaseScriptCaches (0ms)
		RebuildScriptCaches (0ms)
		SetupLoadedEditorAssemblies (594ms)
			LogAssemblyErrors (0ms)
			InitializePlatformSupportModulesInManaged (38ms)
			SetLoadedEditorAssemblies (11ms)
			RefreshPlugins (0ms)
			BeforeProcessingInitializeOnLoad (82ms)
			ProcessInitializeOnLoadAttributes (425ms)
			ProcessInitializeOnLoadMethodAttributes (28ms)
			AfterProcessingInitializeOnLoad (10ms)
			EditorAssembliesLoaded (0ms)
		ExecutionOrderSort2 (0ms)
		AwakeInstancesAfterBackupRestoration (9ms)
Refreshing native plugins compatible for Editor in 11.94 ms, found 6 plugins.
Preloading 0 native plugins for Editor in 0.00 ms.
Unloading 3108 Unused Serialized files (Serialized files now loaded: 0)
Unloading 44 unused Assets / (38.8 KB). Loaded Objects now: 3605.
Memory consumption went from 138.1 MB to 138.0 MB.
Total: 4.437200 ms (FindLiveObjects: 0.461100 ms CreateObjectMapping: 0.106600 ms MarkObjects: 3.684400 ms  DeleteObjects: 0.182900 ms)

Prepare: number of updated asset objects reloaded= 0
AssetImportParameters requested are different than current active one (requested -> active):
  custom:container-demuxer-ogg: 62fdf1f143b41e24485cea50d1cbac27 -> 
  custom:video-codec-MediaFoundation-h265: 746d11721c4dcdbdad8f713fa42b33f4 -> 
  custom:video-decoder-ogg-theora: a1e56fd34408186e4bbccfd4996cb3dc -> 
  custom:framework-win-MediaFoundation: 216162199b28c13a410421893ffa2e32 -> 
  custom:CustomObjectIndexerAttribute: 6d391050e5a25f67b0a2c618074f2cd9 -> 
  custom:container-demuxer-webm: 4f35f7cbe854078d1ac9338744f61a02 -> 
  custom:container-muxer-webm: aa71ff27fc2769a1b78a27578f13a17b -> 
  custom:video-decoder-webm-vp8: 9c59270c3fd7afecdb556c50c9e8de78 -> 
  custom:SearchIndexIgnoredProperties: e643bd26f0fe6173181afceb89e7c659 -> 
  custom:AudioImporter_EditorPlatform: d09bf68614088b80899f8185d706f6e7 -> 
  custom:video-encoder-webm-vp8: eb34c28f22e8b96e1ab97ce403110664 -> 
  custom:audio-decoder-ogg-vorbis: bf7c407c2cedff20999df2af8eb42d56 -> 
  custom:audio-encoder-webm-vorbis: bf7c407c2cedff20999df2af8eb42d56 -> 
========================================================================
Received Prepare
Begin MonoManager ReloadAssembly
DirectoryNotFoundException: Could not find a part of the path "C:\Users\ASUS\Desktop\Octavo Semestre\Sistemas Interactivos distribuidos\REPO ENTREGA 1\Sistemas_Interactivos\DeckCards\Library\PackageCache\com.unity.visualscripting@1.9.1\Editor\VisualScripting.Core\Dependencies\YamlDotNet\Unity.VisualScripting.YamlDotNet.dll"
  at System.IO.FileStream..ctor (System.String path, System.IO.FileMode mode, System.IO.FileAccess access, System.IO.FileShare share, System.Int32 bufferSize, System.Boolean anonymous, System.IO.FileOptions options) [0x0019e] in <dc753a1061284f8e971ee88ee4826eee>:0 
  at System.IO.FileStream..ctor (System.String path, System.IO.FileMode mode, System.IO.FileAccess access, System.IO.FileShare share) [0x00000] in <dc753a1061284f8e971ee88ee4826eee>:0 
  at (wrapper remoting-invoke-with-check) System.IO.FileStream..ctor(string,System.IO.FileMode,System.IO.FileAccess,System.IO.FileShare)
  at Mono.Cecil.ModuleDefinition.GetFileStream (System.String fileName, System.IO.FileMode mode, System.IO.FileAccess access, System.IO.FileShare share) [0x00006] in <a6860a9f6366437387ebdc1f225b7fd4>:0 
  at Mono.Cecil.ModuleDefinition.ReadModule (System.String fileName, Mono.Cecil.ReaderParameters parameters) [0x00008] in <a6860a9f6366437387ebdc1f225b7fd4>:0 
  at Mono.Cecil.AssemblyDefinition.ReadAssembly (System.String fileName, Mono.Cecil.ReaderParameters parameters) [0x00000] in <a6860a9f6366437387ebdc1f225b7fd4>:0 
  at UnityEditor.AssemblyValidation.LoadAssemblyDefinitions (System.String[] assemblyPaths, System.String[] searchPaths) [0x00048] in <5d5ebefe97114215928ac1d9cd096522>:0 
  at UnityEditor.AssemblyValidation.ValidateAssemblies (System.String[] assemblyPaths, System.Boolean enableLogging) [0x00007] in <5d5ebefe97114215928ac1d9cd096522>:0 

- Loaded All Assemblies, in  0.611 seconds
Refreshing native plugins compatible for Editor in 20.36 ms, found 6 plugins.
Native extension for WindowsStandalone target not found
Native extension for Android target not found
Native extension for WebGL target not found
[Package Manager] Server::EnsureServerProcessIsRunning -- launch failed, reason: Unity was launched with the -noUpm command-line argument
[Package Manager] UpmClient::Send -- Unable to send message (not connected to UPM process).
[Package Manager] Cannot connect to Unity Package Manager local server
Mono: successfully reloaded assembly
- Finished resetting the current domain, in  2.122 seconds
Domain Reload Profiling: 2728ms
	BeginReloadAssembly (239ms)
		ExecutionOrderSort (0ms)
		DisableScriptedObjects (5ms)
		BackupInstance (0ms)
		ReleaseScriptingObjects (0ms)
		CreateAndSetChildDomain (59ms)
	RebuildCommonClasses (76ms)
	RebuildNativeTypeToScriptingClass (16ms)
	initialDomainReloadingComplete (58ms)
	LoadAllAssembliesAndSetupDomain (216ms)
		LoadAssemblies (294ms)
		RebuildTransferFunctionScriptingTraits (0ms)
		AnalyzeDomain (52ms)
			TypeCache.Refresh (25ms)
				TypeCache.ScanAssembly (1ms)
			ScanForSourceGeneratedMonoScriptInfo (13ms)
			ResolveRequiredComponents (10ms)
	FinalizeReload (2122ms)
		ReleaseScriptCaches (0ms)
		RebuildScriptCaches (0ms)
		SetupLoadedEditorAssemblies (489ms)
			LogAssemblyErrors (0ms)
			InitializePlatformSupportModulesInManaged (33ms)
			SetLoadedEditorAssemblies (7ms)
			RefreshPlugins (0ms)
			BeforeProcessingInitializeOnLoad (74ms)
			ProcessInitializeOnLoadAttributes (340ms)
			ProcessInitializeOnLoadMethodAttributes (26ms)
			AfterProcessingInitializeOnLoad (8ms)
			EditorAssembliesLoaded (0ms)
		ExecutionOrderSort2 (0ms)
		AwakeInstancesAfterBackupRestoration (10ms)
Refreshing native plugins compatible for Editor in 11.05 ms, found 6 plugins.
Preloading 0 native plugins for Editor in 0.00 ms.
Unloading 3109 Unused Serialized files (Serialized files now loaded: 0)
Unloading 44 unused Assets / (38.9 KB). Loaded Objects now: 3608.
Memory consumption went from 140.3 MB to 140.2 MB.
Total: 3.765300 ms (FindLiveObjects: 0.431300 ms CreateObjectMapping: 0.092400 ms MarkObjects: 3.020400 ms  DeleteObjects: 0.218900 ms)

Prepare: number of updated asset objects reloaded= 0
AssetImportParameters requested are different than current active one (requested -> active):
  custom:container-demuxer-ogg: 62fdf1f143b41e24485cea50d1cbac27 -> 
  custom:video-codec-MediaFoundation-h265: 746d11721c4dcdbdad8f713fa42b33f4 -> 
  custom:video-decoder-ogg-theora: a1e56fd34408186e4bbccfd4996cb3dc -> 
  custom:framework-win-MediaFoundation: 216162199b28c13a410421893ffa2e32 -> 
  custom:CustomObjectIndexerAttribute: 6d391050e5a25f67b0a2c618074f2cd9 -> 
  custom:container-demuxer-webm: 4f35f7cbe854078d1ac9338744f61a02 -> 
  custom:container-muxer-webm: aa71ff27fc2769a1b78a27578f13a17b -> 
  custom:video-decoder-webm-vp8: 9c59270c3fd7afecdb556c50c9e8de78 -> 
  custom:SearchIndexIgnoredProperties: e643bd26f0fe6173181afceb89e7c659 -> 
  custom:AudioImporter_EditorPlatform: d09bf68614088b80899f8185d706f6e7 -> 
  custom:video-encoder-webm-vp8: eb34c28f22e8b96e1ab97ce403110664 -> 
  custom:audio-decoder-ogg-vorbis: bf7c407c2cedff20999df2af8eb42d56 -> 
  custom:audio-encoder-webm-vorbis: bf7c407c2cedff20999df2af8eb42d56 -> 
========================================================================
Received Import Request.
  Time since last request: 41.805644 seconds.
  path: Assets/Scripts/FirebaseCode/ButtonSaveScore.cs
  artifactKey: Guid(6d12fb9a76d1c1e44888336817d70611) Importer(815301076,1909f56bfc062723c751e8b465ee728b)
Start importing Assets/Scripts/FirebaseCode/ButtonSaveScore.cs using Guid(6d12fb9a76d1c1e44888336817d70611) Importer(815301076,1909f56bfc062723c751e8b465ee728b)  -> (artifact id: '065252ae515e97d102c340bd90ca843a') in 0.003850 seconds
Number of updated asset objects reloaded before import = 0
Number of asset objects unloaded after import = 0
========================================================================
Received Import Request.
  Time since last request: 74.033066 seconds.
  path: Assets/Scripts/FirebaseCode/ButtonSaveScore.cs
  artifactKey: Guid(6d12fb9a76d1c1e44888336817d70611) Importer(815301076,1909f56bfc062723c751e8b465ee728b)
Start importing Assets/Scripts/FirebaseCode/ButtonSaveScore.cs using Guid(6d12fb9a76d1c1e44888336817d70611) Importer(815301076,1909f56bfc062723c751e8b465ee728b)  -> (artifact id: 'e346db6bfaf0fed698cf7cb5301e3700') in 0.000947 seconds
Number of updated asset objects reloaded before import = 0
Number of asset objects unloaded after import = 0
========================================================================
Received Import Request.
  Time since last request: 12.299023 seconds.
  path: Assets/Scripts/FirebaseCode/ButtonSaveScore.cs
  artifactKey: Guid(6d12fb9a76d1c1e44888336817d70611) Importer(815301076,1909f56bfc062723c751e8b465ee728b)
Start importing Assets/Scripts/FirebaseCode/ButtonSaveScore.cs using Guid(6d12fb9a76d1c1e44888336817d70611) Importer(815301076,1909f56bfc062723c751e8b465ee728b)  -> (artifact id: '6e5d7ddbefee3bad639df3d7fdd1dd2d') in 0.000741 seconds
Number of updated asset objects reloaded before import = 0
Number of asset objects unloaded after import = 0
========================================================================
Received Import Request.
  Time since last request: 13.972831 seconds.
  path: Assets/Scripts/FirebaseCode/ButtonSaveScore.cs
  artifactKey: Guid(6d12fb9a76d1c1e44888336817d70611) Importer(815301076,1909f56bfc062723c751e8b465ee728b)
Start importing Assets/Scripts/FirebaseCode/ButtonSaveScore.cs using Guid(6d12fb9a76d1c1e44888336817d70611) Importer(815301076,1909f56bfc062723c751e8b465ee728b)  -> (artifact id: '4aa64358322ed2a07c448ec6464dc052') in 0.000765 seconds
Number of updated asset objects reloaded before import = 0
Number of asset objects unloaded after import = 0
========================================================================
Received Import Request.
  Time since last request: 26.736980 seconds.
  path: Assets/Scripts/FirebaseCode/ButtonSaveScore.cs
  artifactKey: Guid(6d12fb9a76d1c1e44888336817d70611) Importer(815301076,1909f56bfc062723c751e8b465ee728b)
Start importing Assets/Scripts/FirebaseCode/ButtonSaveScore.cs using Guid(6d12fb9a76d1c1e44888336817d70611) Importer(815301076,1909f56bfc062723c751e8b465ee728b)  -> (artifact id: '91250bb9126036bc66138219c0555330') in 0.000635 seconds
Number of updated asset objects reloaded before import = 0
Number of asset objects unloaded after import = 0
========================================================================
Received Import Request.
  Time since last request: 21.158825 seconds.
  path: Assets/Scripts/FirebaseCode/ButtonSaveScore.cs
  artifactKey: Guid(6d12fb9a76d1c1e44888336817d70611) Importer(815301076,1909f56bfc062723c751e8b465ee728b)
Start importing Assets/Scripts/FirebaseCode/ButtonSaveScore.cs using Guid(6d12fb9a76d1c1e44888336817d70611) Importer(815301076,1909f56bfc062723c751e8b465ee728b)  -> (artifact id: 'df7f687436109cd5828193378621ca82') in 0.000852 seconds
Number of updated asset objects reloaded before import = 0
Number of asset objects unloaded after import = 0
========================================================================
Received Import Request.
  Time since last request: 11.704198 seconds.
  path: Assets/Scripts/FirebaseCode/ButtonSaveScore.cs
  artifactKey: Guid(6d12fb9a76d1c1e44888336817d70611) Importer(815301076,1909f56bfc062723c751e8b465ee728b)
Start importing Assets/Scripts/FirebaseCode/ButtonSaveScore.cs using Guid(6d12fb9a76d1c1e44888336817d70611) Importer(815301076,1909f56bfc062723c751e8b465ee728b)  -> (artifact id: '84b11ab4e10c459fa3f25bf4a3552884') in 0.000703 seconds
Number of updated asset objects reloaded before import = 0
Number of asset objects unloaded after import = 0
========================================================================
Received Import Request.
  Time since last request: 38.074567 seconds.
  path: Assets/Scripts/FirebaseCode/ButtonSaveScore.cs
  artifactKey: Guid(6d12fb9a76d1c1e44888336817d70611) Importer(815301076,1909f56bfc062723c751e8b465ee728b)
Start importing Assets/Scripts/FirebaseCode/ButtonSaveScore.cs using Guid(6d12fb9a76d1c1e44888336817d70611) Importer(815301076,1909f56bfc062723c751e8b465ee728b)  -> (artifact id: 'fed1e691a0e220511affcb67dae667ac') in 0.000800 seconds
Number of updated asset objects reloaded before import = 0
Number of asset objects unloaded after import = 0
========================================================================
Received Import Request.
  Time since last request: 12.934294 seconds.
  path: Assets/Scripts/FirebaseCode/ButtonSaveScore.cs
  artifactKey: Guid(6d12fb9a76d1c1e44888336817d70611) Importer(815301076,1909f56bfc062723c751e8b465ee728b)
Start importing Assets/Scripts/FirebaseCode/ButtonSaveScore.cs using Guid(6d12fb9a76d1c1e44888336817d70611) Importer(815301076,1909f56bfc062723c751e8b465ee728b)  -> (artifact id: 'b67a9b2cdbd8e4d6338b4dce42b3c8ce') in 0.002090 seconds
Number of updated asset objects reloaded before import = 0
Number of asset objects unloaded after import = 0
========================================================================
Received Import Request.
  Time since last request: 37.198962 seconds.
  path: Assets/Scripts/FirebaseCode/ButtonSaveScore.cs
  artifactKey: Guid(6d12fb9a76d1c1e44888336817d70611) Importer(815301076,1909f56bfc062723c751e8b465ee728b)
Start importing Assets/Scripts/FirebaseCode/ButtonSaveScore.cs using Guid(6d12fb9a76d1c1e44888336817d70611) Importer(815301076,1909f56bfc062723c751e8b465ee728b)  -> (artifact id: 'b91465f427174b7542ad78e3e48ce15f') in 0.001189 seconds
Number of updated asset objects reloaded before import = 0
Number of asset objects unloaded after import = 0
========================================================================
Received Import Request.
  Time since last request: 34.503863 seconds.
  path: Assets/Scripts/FirebaseCode/ButtonSaveScore.cs
  artifactKey: Guid(6d12fb9a76d1c1e44888336817d70611) Importer(815301076,1909f56bfc062723c751e8b465ee728b)
Start importing Assets/Scripts/FirebaseCode/ButtonSaveScore.cs using Guid(6d12fb9a76d1c1e44888336817d70611) Importer(815301076,1909f56bfc062723c751e8b465ee728b)  -> (artifact id: 'bd891c5c98156fc5678d8cd8cd196f6a') in 0.000914 seconds
Number of updated asset objects reloaded before import = 0
Number of asset objects unloaded after import = 0
========================================================================
Received Import Request.
  Time since last request: 7.244154 seconds.
  path: Assets/Scripts/FirebaseCode/ButtonSaveScore.cs
  artifactKey: Guid(6d12fb9a76d1c1e44888336817d70611) Importer(815301076,1909f56bfc062723c751e8b465ee728b)
Start importing Assets/Scripts/FirebaseCode/ButtonSaveScore.cs using Guid(6d12fb9a76d1c1e44888336817d70611) Importer(815301076,1909f56bfc062723c751e8b465ee728b)  -> (artifact id: '4cd80900ad9845f9f77aad2ae6afcf4d') in 0.000923 seconds
Number of updated asset objects reloaded before import = 0
Number of asset objects unloaded after import = 0
========================================================================
Received Prepare
Begin MonoManager ReloadAssembly
DirectoryNotFoundException: Could not find a part of the path "C:\Users\ASUS\Desktop\Octavo Semestre\Sistemas Interactivos distribuidos\REPO ENTREGA 1\Sistemas_Interactivos\DeckCards\Library\PackageCache\com.unity.visualscripting@1.9.1\Editor\VisualScripting.Core\Dependencies\YamlDotNet\Unity.VisualScripting.YamlDotNet.dll"
  at System.IO.FileStream..ctor (System.String path, System.IO.FileMode mode, System.IO.FileAccess access, System.IO.FileShare share, System.Int32 bufferSize, System.Boolean anonymous, System.IO.FileOptions options) [0x0019e] in <dc753a1061284f8e971ee88ee4826eee>:0 
  at System.IO.FileStream..ctor (System.String path, System.IO.FileMode mode, System.IO.FileAccess access, System.IO.FileShare share) [0x00000] in <dc753a1061284f8e971ee88ee4826eee>:0 
  at (wrapper remoting-invoke-with-check) System.IO.FileStream..ctor(string,System.IO.FileMode,System.IO.FileAccess,System.IO.FileShare)
  at Mono.Cecil.ModuleDefinition.GetFileStream (System.String fileName, System.IO.FileMode mode, System.IO.FileAccess access, System.IO.FileShare share) [0x00006] in <a6860a9f6366437387ebdc1f225b7fd4>:0 
  at Mono.Cecil.ModuleDefinition.ReadModule (System.String fileName, Mono.Cecil.ReaderParameters parameters) [0x00008] in <a6860a9f6366437387ebdc1f225b7fd4>:0 
  at Mono.Cecil.AssemblyDefinition.ReadAssembly (System.String fileName, Mono.Cecil.ReaderParameters parameters) [0x00000] in <a6860a9f6366437387ebdc1f225b7fd4>:0 
  at UnityEditor.AssemblyValidation.LoadAssemblyDefinitions (System.String[] assemblyPaths, System.String[] searchPaths) [0x00048] in <5d5ebefe97114215928ac1d9cd096522>:0 
  at UnityEditor.AssemblyValidation.ValidateAssemblies (System.String[] assemblyPaths, System.Boolean enableLogging) [0x00007] in <5d5ebefe97114215928ac1d9cd096522>:0 

- Loaded All Assemblies, in  0.525 seconds
Refreshing native plugins compatible for Editor in 10.33 ms, found 6 plugins.
Native extension for WindowsStandalone target not found
Native extension for Android target not found
Native extension for WebGL target not found
[Package Manager] Server::EnsureServerProcessIsRunning -- launch failed, reason: Unity was launched with the -noUpm command-line argument
[Package Manager] UpmClient::Send -- Unable to send message (not connected to UPM process).
[Package Manager] Cannot connect to Unity Package Manager local server
Mono: successfully reloaded assembly
- Finished resetting the current domain, in  1.838 seconds
Domain Reload Profiling: 2358ms
	BeginReloadAssembly (236ms)
		ExecutionOrderSort (0ms)
		DisableScriptedObjects (7ms)
		BackupInstance (0ms)
		ReleaseScriptingObjects (0ms)
		CreateAndSetChildDomain (58ms)
	RebuildCommonClasses (37ms)
	RebuildNativeTypeToScriptingClass (13ms)
	initialDomainReloadingComplete (42ms)
	LoadAllAssembliesAndSetupDomain (193ms)
		LoadAssemblies (288ms)
		RebuildTransferFunctionScriptingTraits (0ms)
		AnalyzeDomain (33ms)
			TypeCache.Refresh (17ms)
				TypeCache.ScanAssembly (3ms)
			ScanForSourceGeneratedMonoScriptInfo (11ms)
			ResolveRequiredComponents (4ms)
	FinalizeReload (1838ms)
		ReleaseScriptCaches (0ms)
		RebuildScriptCaches (0ms)
		SetupLoadedEditorAssemblies (473ms)
			LogAssemblyErrors (0ms)
			InitializePlatformSupportModulesInManaged (33ms)
			SetLoadedEditorAssemblies (7ms)
			RefreshPlugins (0ms)
			BeforeProcessingInitializeOnLoad (72ms)
			ProcessInitializeOnLoadAttributes (329ms)
			ProcessInitializeOnLoadMethodAttributes (24ms)
			AfterProcessingInitializeOnLoad (10ms)
			EditorAssembliesLoaded (0ms)
		ExecutionOrderSort2 (0ms)
		AwakeInstancesAfterBackupRestoration (7ms)
Refreshing native plugins compatible for Editor in 9.83 ms, found 6 plugins.
Preloading 0 native plugins for Editor in 0.00 ms.
Unloading 3108 Unused Serialized files (Serialized files now loaded: 0)
Unloading 44 unused Assets / (38.8 KB). Loaded Objects now: 3611.
Memory consumption went from 141.9 MB to 141.9 MB.
Total: 3.142200 ms (FindLiveObjects: 0.298200 ms CreateObjectMapping: 0.083200 ms MarkObjects: 2.677000 ms  DeleteObjects: 0.082700 ms)

Prepare: number of updated asset objects reloaded= 0
AssetImportParameters requested are different than current active one (requested -> active):
  custom:container-demuxer-ogg: 62fdf1f143b41e24485cea50d1cbac27 -> 
  custom:video-codec-MediaFoundation-h265: 746d11721c4dcdbdad8f713fa42b33f4 -> 
  custom:video-decoder-ogg-theora: a1e56fd34408186e4bbccfd4996cb3dc -> 
  custom:framework-win-MediaFoundation: 216162199b28c13a410421893ffa2e32 -> 
  custom:CustomObjectIndexerAttribute: 6d391050e5a25f67b0a2c618074f2cd9 -> 
  custom:container-demuxer-webm: 4f35f7cbe854078d1ac9338744f61a02 -> 
  custom:container-muxer-webm: aa71ff27fc2769a1b78a27578f13a17b -> 
  custom:video-decoder-webm-vp8: 9c59270c3fd7afecdb556c50c9e8de78 -> 
  custom:SearchIndexIgnoredProperties: e643bd26f0fe6173181afceb89e7c659 -> 
  custom:AudioImporter_EditorPlatform: d09bf68614088b80899f8185d706f6e7 -> 
  custom:video-encoder-webm-vp8: eb34c28f22e8b96e1ab97ce403110664 -> 
  custom:audio-decoder-ogg-vorbis: bf7c407c2cedff20999df2af8eb42d56 -> 
  custom:audio-encoder-webm-vorbis: bf7c407c2cedff20999df2af8eb42d56 -> 
========================================================================
Received Prepare
Begin MonoManager ReloadAssembly
DirectoryNotFoundException: Could not find a part of the path "C:\Users\ASUS\Desktop\Octavo Semestre\Sistemas Interactivos distribuidos\REPO ENTREGA 1\Sistemas_Interactivos\DeckCards\Library\PackageCache\com.unity.visualscripting@1.9.1\Editor\VisualScripting.Core\Dependencies\YamlDotNet\Unity.VisualScripting.YamlDotNet.dll"
  at System.IO.FileStream..ctor (System.String path, System.IO.FileMode mode, System.IO.FileAccess access, System.IO.FileShare share, System.Int32 bufferSize, System.Boolean anonymous, System.IO.FileOptions options) [0x0019e] in <dc753a1061284f8e971ee88ee4826eee>:0 
  at System.IO.FileStream..ctor (System.String path, System.IO.FileMode mode, System.IO.FileAccess access, System.IO.FileShare share) [0x00000] in <dc753a1061284f8e971ee88ee4826eee>:0 
  at (wrapper remoting-invoke-with-check) System.IO.FileStream..ctor(string,System.IO.FileMode,System.IO.FileAccess,System.IO.FileShare)
  at Mono.Cecil.ModuleDefinition.GetFileStream (System.String fileName, System.IO.FileMode mode, System.IO.FileAccess access, System.IO.FileShare share) [0x00006] in <a6860a9f6366437387ebdc1f225b7fd4>:0 
  at Mono.Cecil.ModuleDefinition.ReadModule (System.String fileName, Mono.Cecil.ReaderParameters parameters) [0x00008] in <a6860a9f6366437387ebdc1f225b7fd4>:0 
  at Mono.Cecil.AssemblyDefinition.ReadAssembly (System.String fileName, Mono.Cecil.ReaderParameters parameters) [0x00000] in <a6860a9f6366437387ebdc1f225b7fd4>:0 
  at UnityEditor.AssemblyValidation.LoadAssemblyDefinitions (System.String[] assemblyPaths, System.String[] searchPaths) [0x00048] in <5d5ebefe97114215928ac1d9cd096522>:0 
  at UnityEditor.AssemblyValidation.ValidateAssemblies (System.String[] assemblyPaths, System.Boolean enableLogging) [0x00007] in <5d5ebefe97114215928ac1d9cd096522>:0 

- Loaded All Assemblies, in  0.416 seconds
Refreshing native plugins compatible for Editor in 11.62 ms, found 6 plugins.
Native extension for WindowsStandalone target not found
Native extension for Android target not found
Native extension for WebGL target not found
[Package Manager] Server::EnsureServerProcessIsRunning -- launch failed, reason: Unity was launched with the -noUpm command-line argument
[Package Manager] UpmClient::Send -- Unable to send message (not connected to UPM process).
[Package Manager] Cannot connect to Unity Package Manager local server
Mono: successfully reloaded assembly
- Finished resetting the current domain, in  2.118 seconds
Domain Reload Profiling: 2530ms
	BeginReloadAssembly (189ms)
		ExecutionOrderSort (0ms)
		DisableScriptedObjects (4ms)
		BackupInstance (0ms)
		ReleaseScriptingObjects (0ms)
		CreateAndSetChildDomain (46ms)
	RebuildCommonClasses (38ms)
	RebuildNativeTypeToScriptingClass (10ms)
	initialDomainReloadingComplete (42ms)
	LoadAllAssembliesAndSetupDomain (132ms)
		LoadAssemblies (224ms)
		RebuildTransferFunctionScriptingTraits (0ms)
		AnalyzeDomain (13ms)
			TypeCache.Refresh (7ms)
				TypeCache.ScanAssembly (0ms)
			ScanForSourceGeneratedMonoScriptInfo (0ms)
			ResolveRequiredComponents (5ms)
	FinalizeReload (2119ms)
		ReleaseScriptCaches (0ms)
		RebuildScriptCaches (0ms)
		SetupLoadedEditorAssemblies (583ms)
			LogAssemblyErrors (0ms)
			InitializePlatformSupportModulesInManaged (40ms)
			SetLoadedEditorAssemblies (10ms)
			RefreshPlugins (0ms)
			BeforeProcessingInitializeOnLoad (92ms)
			ProcessInitializeOnLoadAttributes (403ms)
			ProcessInitializeOnLoadMethodAttributes (28ms)
			AfterProcessingInitializeOnLoad (10ms)
			EditorAssembliesLoaded (0ms)
		ExecutionOrderSort2 (0ms)
		AwakeInstancesAfterBackupRestoration (8ms)
Refreshing native plugins compatible for Editor in 15.95 ms, found 6 plugins.
Preloading 0 native plugins for Editor in 0.00 ms.
Unloading 3109 Unused Serialized files (Serialized files now loaded: 0)
Unloading 44 unused Assets / (38.9 KB). Loaded Objects now: 3614.
Memory consumption went from 144.1 MB to 144.1 MB.
Total: 4.710600 ms (FindLiveObjects: 0.808700 ms CreateObjectMapping: 0.290900 ms MarkObjects: 3.413300 ms  DeleteObjects: 0.194300 ms)

Prepare: number of updated asset objects reloaded= 0
AssetImportParameters requested are different than current active one (requested -> active):
  custom:container-demuxer-ogg: 62fdf1f143b41e24485cea50d1cbac27 -> 
  custom:video-codec-MediaFoundation-h265: 746d11721c4dcdbdad8f713fa42b33f4 -> 
  custom:video-decoder-ogg-theora: a1e56fd34408186e4bbccfd4996cb3dc -> 
  custom:framework-win-MediaFoundation: 216162199b28c13a410421893ffa2e32 -> 
  custom:CustomObjectIndexerAttribute: 6d391050e5a25f67b0a2c618074f2cd9 -> 
  custom:container-demuxer-webm: 4f35f7cbe854078d1ac9338744f61a02 -> 
  custom:container-muxer-webm: aa71ff27fc2769a1b78a27578f13a17b -> 
  custom:video-decoder-webm-vp8: 9c59270c3fd7afecdb556c50c9e8de78 -> 
  custom:SearchIndexIgnoredProperties: e643bd26f0fe6173181afceb89e7c659 -> 
  custom:AudioImporter_EditorPlatform: d09bf68614088b80899f8185d706f6e7 -> 
  custom:video-encoder-webm-vp8: eb34c28f22e8b96e1ab97ce403110664 -> 
  custom:audio-decoder-ogg-vorbis: bf7c407c2cedff20999df2af8eb42d56 -> 
  custom:audio-encoder-webm-vorbis: bf7c407c2cedff20999df2af8eb42d56 -> 
========================================================================
Received Import Request.
  Time since last request: 825.918827 seconds.
  path: Assets/Scripts/WhackAMole.cs
  artifactKey: Guid(47cd44fb11faa254c83fef6c5aa03e23) Importer(815301076,1909f56bfc062723c751e8b465ee728b)
Start importing Assets/Scripts/WhackAMole.cs using Guid(47cd44fb11faa254c83fef6c5aa03e23) Importer(815301076,1909f56bfc062723c751e8b465ee728b)  -> (artifact id: 'b5a1589dee23281957f3e551ad80cbd0') in 0.002354 seconds
Number of updated asset objects reloaded before import = 0
Number of asset objects unloaded after import = 0
========================================================================
Received Import Request.
  Time since last request: 11.497025 seconds.
  path: Assets/Scripts/ScoreboardManager.cs
  artifactKey: Guid(6fe1960b6710ddf4b84a6af5f5b4675a) Importer(815301076,1909f56bfc062723c751e8b465ee728b)
Start importing Assets/Scripts/ScoreboardManager.cs using Guid(6fe1960b6710ddf4b84a6af5f5b4675a) Importer(815301076,1909f56bfc062723c751e8b465ee728b)  -> (artifact id: '84980422f7479727a84f68117d3a25cf') in 0.000938 seconds
Number of updated asset objects reloaded before import = 0
Number of asset objects unloaded after import = 0
========================================================================
Received Import Request.
  Time since last request: 86.813039 seconds.
  path: Assets/Scripts/FirebaseCode/ScoreManagerFire.cs
  artifactKey: Guid(b9960840807e4234b85cb2886f1c0e88) Importer(815301076,1909f56bfc062723c751e8b465ee728b)
Start importing Assets/Scripts/FirebaseCode/ScoreManagerFire.cs using Guid(b9960840807e4234b85cb2886f1c0e88) Importer(815301076,1909f56bfc062723c751e8b465ee728b)  -> (artifact id: 'ccb04839e7448d52149bc5b5e41f5e26') in 0.001017 seconds
Number of updated asset objects reloaded before import = 0
Number of asset objects unloaded after import = 0
========================================================================
Received Prepare
Begin MonoManager ReloadAssembly
DirectoryNotFoundException: Could not find a part of the path "C:\Users\ASUS\Desktop\Octavo Semestre\Sistemas Interactivos distribuidos\REPO ENTREGA 1\Sistemas_Interactivos\DeckCards\Library\PackageCache\com.unity.visualscripting@1.9.1\Editor\VisualScripting.Core\Dependencies\YamlDotNet\Unity.VisualScripting.YamlDotNet.dll"
  at System.IO.FileStream..ctor (System.String path, System.IO.FileMode mode, System.IO.FileAccess access, System.IO.FileShare share, System.Int32 bufferSize, System.Boolean anonymous, System.IO.FileOptions options) [0x0019e] in <dc753a1061284f8e971ee88ee4826eee>:0 
  at System.IO.FileStream..ctor (System.String path, System.IO.FileMode mode, System.IO.FileAccess access, System.IO.FileShare share) [0x00000] in <dc753a1061284f8e971ee88ee4826eee>:0 
  at (wrapper remoting-invoke-with-check) System.IO.FileStream..ctor(string,System.IO.FileMode,System.IO.FileAccess,System.IO.FileShare)
  at Mono.Cecil.ModuleDefinition.GetFileStream (System.String fileName, System.IO.FileMode mode, System.IO.FileAccess access, System.IO.FileShare share) [0x00006] in <a6860a9f6366437387ebdc1f225b7fd4>:0 
  at Mono.Cecil.ModuleDefinition.ReadModule (System.String fileName, Mono.Cecil.ReaderParameters parameters) [0x00008] in <a6860a9f6366437387ebdc1f225b7fd4>:0 
  at Mono.Cecil.AssemblyDefinition.ReadAssembly (System.String fileName, Mono.Cecil.ReaderParameters parameters) [0x00000] in <a6860a9f6366437387ebdc1f225b7fd4>:0 
  at UnityEditor.AssemblyValidation.LoadAssemblyDefinitions (System.String[] assemblyPaths, System.String[] searchPaths) [0x00048] in <5d5ebefe97114215928ac1d9cd096522>:0 
  at UnityEditor.AssemblyValidation.ValidateAssemblies (System.String[] assemblyPaths, System.Boolean enableLogging) [0x00007] in <5d5ebefe97114215928ac1d9cd096522>:0 

- Loaded All Assemblies, in  0.590 seconds
Refreshing native plugins compatible for Editor in 23.01 ms, found 6 plugins.
Native extension for WindowsStandalone target not found
Native extension for Android target not found
Native extension for WebGL target not found
[Package Manager] Server::EnsureServerProcessIsRunning -- launch failed, reason: Unity was launched with the -noUpm command-line argument
[Package Manager] UpmClient::Send -- Unable to send message (not connected to UPM process).
[Package Manager] Cannot connect to Unity Package Manager local server
Mono: successfully reloaded assembly
- Finished resetting the current domain, in  1.096 seconds
Domain Reload Profiling: 1682ms
	BeginReloadAssembly (260ms)
		ExecutionOrderSort (0ms)
		DisableScriptedObjects (5ms)
		BackupInstance (0ms)
		ReleaseScriptingObjects (0ms)
		CreateAndSetChildDomain (68ms)
	RebuildCommonClasses (59ms)
	RebuildNativeTypeToScriptingClass (14ms)
	initialDomainReloadingComplete (39ms)
	LoadAllAssembliesAndSetupDomain (212ms)
		LoadAssemblies (320ms)
		RebuildTransferFunctionScriptingTraits (0ms)
		AnalyzeDomain (37ms)
			TypeCache.Refresh (20ms)
				TypeCache.ScanAssembly (1ms)
			ScanForSourceGeneratedMonoScriptInfo (10ms)
			ResolveRequiredComponents (5ms)
	FinalizeReload (1097ms)
		ReleaseScriptCaches (0ms)
		RebuildScriptCaches (0ms)
		SetupLoadedEditorAssemblies (480ms)
			LogAssemblyErrors (0ms)
			InitializePlatformSupportModulesInManaged (35ms)
			SetLoadedEditorAssemblies (7ms)
			RefreshPlugins (0ms)
			BeforeProcessingInitializeOnLoad (70ms)
			ProcessInitializeOnLoadAttributes (334ms)
			ProcessInitializeOnLoadMethodAttributes (26ms)
			AfterProcessingInitializeOnLoad (9ms)
			EditorAssembliesLoaded (0ms)
		ExecutionOrderSort2 (0ms)
		AwakeInstancesAfterBackupRestoration (8ms)
Refreshing native plugins compatible for Editor in 13.55 ms, found 6 plugins.
Preloading 0 native plugins for Editor in 0.00 ms.
Unloading 3109 Unused Serialized files (Serialized files now loaded: 0)
Unloading 44 unused Assets / (38.8 KB). Loaded Objects now: 3618.
Memory consumption went from 145.8 MB to 145.7 MB.
Total: 5.782400 ms (FindLiveObjects: 0.599700 ms CreateObjectMapping: 0.418000 ms MarkObjects: 4.570800 ms  DeleteObjects: 0.192000 ms)

Prepare: number of updated asset objects reloaded= 0
AssetImportParameters requested are different than current active one (requested -> active):
  custom:container-demuxer-ogg: 62fdf1f143b41e24485cea50d1cbac27 -> 
  custom:video-codec-MediaFoundation-h265: 746d11721c4dcdbdad8f713fa42b33f4 -> 
  custom:video-decoder-ogg-theora: a1e56fd34408186e4bbccfd4996cb3dc -> 
  custom:framework-win-MediaFoundation: 216162199b28c13a410421893ffa2e32 -> 
  custom:CustomObjectIndexerAttribute: 6d391050e5a25f67b0a2c618074f2cd9 -> 
  custom:container-demuxer-webm: 4f35f7cbe854078d1ac9338744f61a02 -> 
  custom:container-muxer-webm: aa71ff27fc2769a1b78a27578f13a17b -> 
  custom:video-decoder-webm-vp8: 9c59270c3fd7afecdb556c50c9e8de78 -> 
  custom:SearchIndexIgnoredProperties: e643bd26f0fe6173181afceb89e7c659 -> 
  custom:AudioImporter_EditorPlatform: d09bf68614088b80899f8185d706f6e7 -> 
  custom:video-encoder-webm-vp8: eb34c28f22e8b96e1ab97ce403110664 -> 
  custom:audio-decoder-ogg-vorbis: bf7c407c2cedff20999df2af8eb42d56 -> 
  custom:audio-encoder-webm-vorbis: bf7c407c2cedff20999df2af8eb42d56 -> 
========================================================================
Received Import Request.
  Time since last request: 15.961148 seconds.
  path: Assets/Scripts/FirebaseCode/ScoreManagerFire.cs
  artifactKey: Guid(b9960840807e4234b85cb2886f1c0e88) Importer(815301076,1909f56bfc062723c751e8b465ee728b)
Start importing Assets/Scripts/FirebaseCode/ScoreManagerFire.cs using Guid(b9960840807e4234b85cb2886f1c0e88) Importer(815301076,1909f56bfc062723c751e8b465ee728b)  -> (artifact id: '8f23f00d0ac2a9b763cdaa2621a74c83') in 0.002501 seconds
Number of updated asset objects reloaded before import = 0
Number of asset objects unloaded after import = 0
========================================================================
Received Prepare
Begin MonoManager ReloadAssembly
DirectoryNotFoundException: Could not find a part of the path "C:\Users\ASUS\Desktop\Octavo Semestre\Sistemas Interactivos distribuidos\REPO ENTREGA 1\Sistemas_Interactivos\DeckCards\Library\PackageCache\com.unity.visualscripting@1.9.1\Editor\VisualScripting.Core\Dependencies\YamlDotNet\Unity.VisualScripting.YamlDotNet.dll"
  at System.IO.FileStream..ctor (System.String path, System.IO.FileMode mode, System.IO.FileAccess access, System.IO.FileShare share, System.Int32 bufferSize, System.Boolean anonymous, System.IO.FileOptions options) [0x0019e] in <dc753a1061284f8e971ee88ee4826eee>:0 
  at System.IO.FileStream..ctor (System.String path, System.IO.FileMode mode, System.IO.FileAccess access, System.IO.FileShare share) [0x00000] in <dc753a1061284f8e971ee88ee4826eee>:0 
  at (wrapper remoting-invoke-with-check) System.IO.FileStream..ctor(string,System.IO.FileMode,System.IO.FileAccess,System.IO.FileShare)
  at Mono.Cecil.ModuleDefinition.GetFileStream (System.String fileName, System.IO.FileMode mode, System.IO.FileAccess access, System.IO.FileShare share) [0x00006] in <a6860a9f6366437387ebdc1f225b7fd4>:0 
  at Mono.Cecil.ModuleDefinition.ReadModule (System.String fileName, Mono.Cecil.ReaderParameters parameters) [0x00008] in <a6860a9f6366437387ebdc1f225b7fd4>:0 
  at Mono.Cecil.AssemblyDefinition.ReadAssembly (System.String fileName, Mono.Cecil.ReaderParameters parameters) [0x00000] in <a6860a9f6366437387ebdc1f225b7fd4>:0 
  at UnityEditor.AssemblyValidation.LoadAssemblyDefinitions (System.String[] assemblyPaths, System.String[] searchPaths) [0x00048] in <5d5ebefe97114215928ac1d9cd096522>:0 
  at UnityEditor.AssemblyValidation.ValidateAssemblies (System.String[] assemblyPaths, System.Boolean enableLogging) [0x00007] in <5d5ebefe97114215928ac1d9cd096522>:0 

- Loaded All Assemblies, in  0.487 seconds
Refreshing native plugins compatible for Editor in 10.96 ms, found 6 plugins.
Native extension for WindowsStandalone target not found
Native extension for Android target not found
Native extension for WebGL target not found
[Package Manager] Server::EnsureServerProcessIsRunning -- launch failed, reason: Unity was launched with the -noUpm command-line argument
[Package Manager] UpmClient::Send -- Unable to send message (not connected to UPM process).
[Package Manager] Cannot connect to Unity Package Manager local server
Mono: successfully reloaded assembly
- Finished resetting the current domain, in  1.071 seconds
Domain Reload Profiling: 1552ms
	BeginReloadAssembly (236ms)
		ExecutionOrderSort (0ms)
		DisableScriptedObjects (6ms)
		BackupInstance (0ms)
		ReleaseScriptingObjects (0ms)
		CreateAndSetChildDomain (64ms)
	RebuildCommonClasses (38ms)
	RebuildNativeTypeToScriptingClass (11ms)
	initialDomainReloadingComplete (42ms)
	LoadAllAssembliesAndSetupDomain (154ms)
		LoadAssemblies (251ms)
		RebuildTransferFunctionScriptingTraits (0ms)
		AnalyzeDomain (26ms)
			TypeCache.Refresh (12ms)
				TypeCache.ScanAssembly (0ms)
			ScanForSourceGeneratedMonoScriptInfo (8ms)
			ResolveRequiredComponents (5ms)
	FinalizeReload (1072ms)
		ReleaseScriptCaches (0ms)
		RebuildScriptCaches (0ms)
		SetupLoadedEditorAssemblies (471ms)
			LogAssemblyErrors (0ms)
			InitializePlatformSupportModulesInManaged (33ms)
			SetLoadedEditorAssemblies (6ms)
			RefreshPlugins (0ms)
			BeforeProcessingInitializeOnLoad (71ms)
			ProcessInitializeOnLoadAttributes (326ms)
			ProcessInitializeOnLoadMethodAttributes (26ms)
			AfterProcessingInitializeOnLoad (8ms)
			EditorAssembliesLoaded (0ms)
		ExecutionOrderSort2 (0ms)
		AwakeInstancesAfterBackupRestoration (9ms)
Refreshing native plugins compatible for Editor in 10.46 ms, found 6 plugins.
Preloading 0 native plugins for Editor in 0.00 ms.
Unloading 3109 Unused Serialized files (Serialized files now loaded: 0)
Unloading 44 unused Assets / (39.0 KB). Loaded Objects now: 3621.
Memory consumption went from 147.7 MB to 147.7 MB.
Total: 3.766400 ms (FindLiveObjects: 0.312500 ms CreateObjectMapping: 0.105600 ms MarkObjects: 3.275600 ms  DeleteObjects: 0.071600 ms)

Prepare: number of updated asset objects reloaded= 0
AssetImportParameters requested are different than current active one (requested -> active):
  custom:container-demuxer-ogg: 62fdf1f143b41e24485cea50d1cbac27 -> 
  custom:video-codec-MediaFoundation-h265: 746d11721c4dcdbdad8f713fa42b33f4 -> 
  custom:video-decoder-ogg-theora: a1e56fd34408186e4bbccfd4996cb3dc -> 
  custom:framework-win-MediaFoundation: 216162199b28c13a410421893ffa2e32 -> 
  custom:CustomObjectIndexerAttribute: 6d391050e5a25f67b0a2c618074f2cd9 -> 
  custom:container-demuxer-webm: 4f35f7cbe854078d1ac9338744f61a02 -> 
  custom:container-muxer-webm: aa71ff27fc2769a1b78a27578f13a17b -> 
  custom:video-decoder-webm-vp8: 9c59270c3fd7afecdb556c50c9e8de78 -> 
  custom:SearchIndexIgnoredProperties: e643bd26f0fe6173181afceb89e7c659 -> 
  custom:AudioImporter_EditorPlatform: d09bf68614088b80899f8185d706f6e7 -> 
  custom:video-encoder-webm-vp8: eb34c28f22e8b96e1ab97ce403110664 -> 
  custom:audio-decoder-ogg-vorbis: bf7c407c2cedff20999df2af8eb42d56 -> 
  custom:audio-encoder-webm-vorbis: bf7c407c2cedff20999df2af8eb42d56 -> 
========================================================================
Received Import Request.
  Time since last request: 5.779237 seconds.
  path: Assets/Scripts/FirebaseCode/ScoreManagerFire.cs
  artifactKey: Guid(b9960840807e4234b85cb2886f1c0e88) Importer(815301076,1909f56bfc062723c751e8b465ee728b)
Start importing Assets/Scripts/FirebaseCode/ScoreManagerFire.cs using Guid(b9960840807e4234b85cb2886f1c0e88) Importer(815301076,1909f56bfc062723c751e8b465ee728b)  -> (artifact id: 'eceab012f9a9463b4989551003dc8a00') in 0.003625 seconds
Number of updated asset objects reloaded before import = 0
Number of asset objects unloaded after import = 0
========================================================================
Received Import Request.
  Time since last request: 82.890471 seconds.
  path: Assets/Scripts/WhackAMole.cs
  artifactKey: Guid(47cd44fb11faa254c83fef6c5aa03e23) Importer(815301076,1909f56bfc062723c751e8b465ee728b)
Start importing Assets/Scripts/WhackAMole.cs using Guid(47cd44fb11faa254c83fef6c5aa03e23) Importer(815301076,1909f56bfc062723c751e8b465ee728b)  -> (artifact id: '0e96a6fbd51fa520f3dd31f7247bcf20') in 0.001225 seconds
Number of updated asset objects reloaded before import = 0
Number of asset objects unloaded after import = 0
========================================================================
Received Import Request.
  Time since last request: 21.089645 seconds.
  path: Assets/Scripts/WhackAMole.cs
  artifactKey: Guid(47cd44fb11faa254c83fef6c5aa03e23) Importer(815301076,1909f56bfc062723c751e8b465ee728b)
Start importing Assets/Scripts/WhackAMole.cs using Guid(47cd44fb11faa254c83fef6c5aa03e23) Importer(815301076,1909f56bfc062723c751e8b465ee728b)  -> (artifact id: 'c1e75bb00e888b45fead3db371fb3143') in 0.000711 seconds
Number of updated asset objects reloaded before import = 0
Number of asset objects unloaded after import = 0
========================================================================
Received Import Request.
  Time since last request: 98.512317 seconds.
  path: Assets/Scripts/WhackAMole.cs
  artifactKey: Guid(47cd44fb11faa254c83fef6c5aa03e23) Importer(815301076,1909f56bfc062723c751e8b465ee728b)
Start importing Assets/Scripts/WhackAMole.cs using Guid(47cd44fb11faa254c83fef6c5aa03e23) Importer(815301076,1909f56bfc062723c751e8b465ee728b)  -> (artifact id: '42971873ab1f95290655dc32724c7266') in 0.000894 seconds
Number of updated asset objects reloaded before import = 0
Number of asset objects unloaded after import = 0
========================================================================
Received Import Request.
  Time since last request: 11.067492 seconds.
  path: Assets/Scripts/WhackAMole.cs
  artifactKey: Guid(47cd44fb11faa254c83fef6c5aa03e23) Importer(815301076,1909f56bfc062723c751e8b465ee728b)
Start importing Assets/Scripts/WhackAMole.cs using Guid(47cd44fb11faa254c83fef6c5aa03e23) Importer(815301076,1909f56bfc062723c751e8b465ee728b)  -> (artifact id: '7eab0c82814061501c7a827255f028fe') in 0.001021 seconds
Number of updated asset objects reloaded before import = 0
Number of asset objects unloaded after import = 0
========================================================================
Received Import Request.
  Time since last request: 50.121958 seconds.
  path: Assets/Scripts/WhackAMole.cs
  artifactKey: Guid(47cd44fb11faa254c83fef6c5aa03e23) Importer(815301076,1909f56bfc062723c751e8b465ee728b)
Start importing Assets/Scripts/WhackAMole.cs using Guid(47cd44fb11faa254c83fef6c5aa03e23) Importer(815301076,1909f56bfc062723c751e8b465ee728b)  -> (artifact id: 'ace101de45b19a81d7f3524638a4e521') in 0.000605 seconds
Number of updated asset objects reloaded before import = 0
Number of asset objects unloaded after import = 0
========================================================================
Received Prepare
Begin MonoManager ReloadAssembly
DirectoryNotFoundException: Could not find a part of the path "C:\Users\ASUS\Desktop\Octavo Semestre\Sistemas Interactivos distribuidos\REPO ENTREGA 1\Sistemas_Interactivos\DeckCards\Library\PackageCache\com.unity.visualscripting@1.9.1\Editor\VisualScripting.Core\Dependencies\YamlDotNet\Unity.VisualScripting.YamlDotNet.dll"
  at System.IO.FileStream..ctor (System.String path, System.IO.FileMode mode, System.IO.FileAccess access, System.IO.FileShare share, System.Int32 bufferSize, System.Boolean anonymous, System.IO.FileOptions options) [0x0019e] in <dc753a1061284f8e971ee88ee4826eee>:0 
  at System.IO.FileStream..ctor (System.String path, System.IO.FileMode mode, System.IO.FileAccess access, System.IO.FileShare share) [0x00000] in <dc753a1061284f8e971ee88ee4826eee>:0 
  at (wrapper remoting-invoke-with-check) System.IO.FileStream..ctor(string,System.IO.FileMode,System.IO.FileAccess,System.IO.FileShare)
  at Mono.Cecil.ModuleDefinition.GetFileStream (System.String fileName, System.IO.FileMode mode, System.IO.FileAccess access, System.IO.FileShare share) [0x00006] in <a6860a9f6366437387ebdc1f225b7fd4>:0 
  at Mono.Cecil.ModuleDefinition.ReadModule (System.String fileName, Mono.Cecil.ReaderParameters parameters) [0x00008] in <a6860a9f6366437387ebdc1f225b7fd4>:0 
  at Mono.Cecil.AssemblyDefinition.ReadAssembly (System.String fileName, Mono.Cecil.ReaderParameters parameters) [0x00000] in <a6860a9f6366437387ebdc1f225b7fd4>:0 
  at UnityEditor.AssemblyValidation.LoadAssemblyDefinitions (System.String[] assemblyPaths, System.String[] searchPaths) [0x00048] in <5d5ebefe97114215928ac1d9cd096522>:0 
  at UnityEditor.AssemblyValidation.ValidateAssemblies (System.String[] assemblyPaths, System.Boolean enableLogging) [0x00007] in <5d5ebefe97114215928ac1d9cd096522>:0 

- Loaded All Assemblies, in  0.516 seconds
Refreshing native plugins compatible for Editor in 10.78 ms, found 6 plugins.
Native extension for WindowsStandalone target not found
Native extension for Android target not found
Native extension for WebGL target not found
[Package Manager] Server::EnsureServerProcessIsRunning -- launch failed, reason: Unity was launched with the -noUpm command-line argument
[Package Manager] UpmClient::Send -- Unable to send message (not connected to UPM process).
[Package Manager] Cannot connect to Unity Package Manager local server
Mono: successfully reloaded assembly
- Finished resetting the current domain, in  1.177 seconds
Domain Reload Profiling: 1689ms
	BeginReloadAssembly (262ms)
		ExecutionOrderSort (0ms)
		DisableScriptedObjects (7ms)
		BackupInstance (0ms)
		ReleaseScriptingObjects (0ms)
		CreateAndSetChildDomain (83ms)
	RebuildCommonClasses (39ms)
	RebuildNativeTypeToScriptingClass (14ms)
	initialDomainReloadingComplete (43ms)
	LoadAllAssembliesAndSetupDomain (153ms)
		LoadAssemblies (249ms)
		RebuildTransferFunctionScriptingTraits (0ms)
		AnalyzeDomain (26ms)
			TypeCache.Refresh (13ms)
				TypeCache.ScanAssembly (0ms)
			ScanForSourceGeneratedMonoScriptInfo (8ms)
			ResolveRequiredComponents (3ms)
	FinalizeReload (1177ms)
		ReleaseScriptCaches (0ms)
		RebuildScriptCaches (0ms)
		SetupLoadedEditorAssemblies (574ms)
			LogAssemblyErrors (0ms)
			InitializePlatformSupportModulesInManaged (29ms)
			SetLoadedEditorAssemblies (6ms)
			RefreshPlugins (0ms)
			BeforeProcessingInitializeOnLoad (69ms)
			ProcessInitializeOnLoadAttributes (438ms)
			ProcessInitializeOnLoadMethodAttributes (23ms)
			AfterProcessingInitializeOnLoad (8ms)
			EditorAssembliesLoaded (0ms)
		ExecutionOrderSort2 (0ms)
		AwakeInstancesAfterBackupRestoration (8ms)
Refreshing native plugins compatible for Editor in 9.37 ms, found 6 plugins.
Preloading 0 native plugins for Editor in 0.00 ms.
Unloading 3108 Unused Serialized files (Serialized files now loaded: 0)
Unloading 45 unused Assets / (39.4 KB). Loaded Objects now: 3623.
Memory consumption went from 149.6 MB to 149.6 MB.
Total: 3.079200 ms (FindLiveObjects: 0.254200 ms CreateObjectMapping: 0.084400 ms MarkObjects: 2.668000 ms  DeleteObjects: 0.071500 ms)

Prepare: number of updated asset objects reloaded= 0
AssetImportParameters requested are different than current active one (requested -> active):
  custom:container-demuxer-ogg: 62fdf1f143b41e24485cea50d1cbac27 -> 
  custom:video-codec-MediaFoundation-h265: 746d11721c4dcdbdad8f713fa42b33f4 -> 
  custom:video-decoder-ogg-theora: a1e56fd34408186e4bbccfd4996cb3dc -> 
  custom:framework-win-MediaFoundation: 216162199b28c13a410421893ffa2e32 -> 
  custom:CustomObjectIndexerAttribute: 6d391050e5a25f67b0a2c618074f2cd9 -> 
  custom:container-demuxer-webm: 4f35f7cbe854078d1ac9338744f61a02 -> 
  custom:container-muxer-webm: aa71ff27fc2769a1b78a27578f13a17b -> 
  custom:video-decoder-webm-vp8: 9c59270c3fd7afecdb556c50c9e8de78 -> 
  custom:SearchIndexIgnoredProperties: e643bd26f0fe6173181afceb89e7c659 -> 
  custom:AudioImporter_EditorPlatform: d09bf68614088b80899f8185d706f6e7 -> 
  custom:video-encoder-webm-vp8: eb34c28f22e8b96e1ab97ce403110664 -> 
  custom:audio-decoder-ogg-vorbis: bf7c407c2cedff20999df2af8eb42d56 -> 
  custom:audio-encoder-webm-vorbis: bf7c407c2cedff20999df2af8eb42d56 -> 
========================================================================
Received Import Request.
  Time since last request: 101.258230 seconds.
  path: Assets/Scenes/Marcador2.unity
  artifactKey: Guid(67f1aea87d5405e4793bebc736094ee2) Importer(815301076,1909f56bfc062723c751e8b465ee728b)
Start importing Assets/Scenes/Marcador2.unity using Guid(67f1aea87d5405e4793bebc736094ee2) Importer(815301076,1909f56bfc062723c751e8b465ee728b)  -> (artifact id: '349326a1523a14e65f7cb8c9803c49c9') in 0.002751 seconds
Number of updated asset objects reloaded before import = 0
Number of asset objects unloaded after import = 0
========================================================================
Received Import Request.
  Time since last request: 2.275990 seconds.
  path: Assets/Scenes/Marcador2.unity
  artifactKey: Guid(67f1aea87d5405e4793bebc736094ee2) Importer(815301076,1909f56bfc062723c751e8b465ee728b)
Start importing Assets/Scenes/Marcador2.unity using Guid(67f1aea87d5405e4793bebc736094ee2) Importer(815301076,1909f56bfc062723c751e8b465ee728b)  -> (artifact id: '75a9c37059ace331809fa921fb595118') in 0.000623 seconds
Number of updated asset objects reloaded before import = 0
Number of asset objects unloaded after import = 0
========================================================================
Received Import Request.
  Time since last request: 22.859341 seconds.
  path: Assets/Scripts/FirebaseCode/LeaderboardManager.cs
  artifactKey: Guid(1a66a2345655f2b41ab45bb2c7f9cfb8) Importer(815301076,1909f56bfc062723c751e8b465ee728b)
Start importing Assets/Scripts/FirebaseCode/LeaderboardManager.cs using Guid(1a66a2345655f2b41ab45bb2c7f9cfb8) Importer(815301076,1909f56bfc062723c751e8b465ee728b)  -> (artifact id: '6bdc28ce3a73b487f55419fb452b739d') in 0.000636 seconds
Number of updated asset objects reloaded before import = 0
Number of asset objects unloaded after import = 0
========================================================================
Received Prepare
Begin MonoManager ReloadAssembly
DirectoryNotFoundException: Could not find a part of the path "C:\Users\ASUS\Desktop\Octavo Semestre\Sistemas Interactivos distribuidos\REPO ENTREGA 1\Sistemas_Interactivos\DeckCards\Library\PackageCache\com.unity.visualscripting@1.9.1\Editor\VisualScripting.Core\Dependencies\YamlDotNet\Unity.VisualScripting.YamlDotNet.dll"
  at System.IO.FileStream..ctor (System.String path, System.IO.FileMode mode, System.IO.FileAccess access, System.IO.FileShare share, System.Int32 bufferSize, System.Boolean anonymous, System.IO.FileOptions options) [0x0019e] in <dc753a1061284f8e971ee88ee4826eee>:0 
  at System.IO.FileStream..ctor (System.String path, System.IO.FileMode mode, System.IO.FileAccess access, System.IO.FileShare share) [0x00000] in <dc753a1061284f8e971ee88ee4826eee>:0 
  at (wrapper remoting-invoke-with-check) System.IO.FileStream..ctor(string,System.IO.FileMode,System.IO.FileAccess,System.IO.FileShare)
  at Mono.Cecil.ModuleDefinition.GetFileStream (System.String fileName, System.IO.FileMode mode, System.IO.FileAccess access, System.IO.FileShare share) [0x00006] in <a6860a9f6366437387ebdc1f225b7fd4>:0 
  at Mono.Cecil.ModuleDefinition.ReadModule (System.String fileName, Mono.Cecil.ReaderParameters parameters) [0x00008] in <a6860a9f6366437387ebdc1f225b7fd4>:0 
  at Mono.Cecil.AssemblyDefinition.ReadAssembly (System.String fileName, Mono.Cecil.ReaderParameters parameters) [0x00000] in <a6860a9f6366437387ebdc1f225b7fd4>:0 
  at UnityEditor.AssemblyValidation.LoadAssemblyDefinitions (System.String[] assemblyPaths, System.String[] searchPaths) [0x00048] in <5d5ebefe97114215928ac1d9cd096522>:0 
  at UnityEditor.AssemblyValidation.ValidateAssemblies (System.String[] assemblyPaths, System.Boolean enableLogging) [0x00007] in <5d5ebefe97114215928ac1d9cd096522>:0 

- Loaded All Assemblies, in  0.573 seconds
Refreshing native plugins compatible for Editor in 10.20 ms, found 6 plugins.
Native extension for WindowsStandalone target not found
Native extension for Android target not found
Native extension for WebGL target not found
[Package Manager] Server::EnsureServerProcessIsRunning -- launch failed, reason: Unity was launched with the -noUpm command-line argument
[Package Manager] UpmClient::Send -- Unable to send message (not connected to UPM process).
[Package Manager] Cannot connect to Unity Package Manager local server
Mono: successfully reloaded assembly
- Finished resetting the current domain, in  1.222 seconds
Domain Reload Profiling: 1790ms
	BeginReloadAssembly (284ms)
		ExecutionOrderSort (0ms)
		DisableScriptedObjects (7ms)
		BackupInstance (0ms)
		ReleaseScriptingObjects (0ms)
		CreateAndSetChildDomain (91ms)
	RebuildCommonClasses (47ms)
	RebuildNativeTypeToScriptingClass (12ms)
	initialDomainReloadingComplete (50ms)
	LoadAllAssembliesAndSetupDomain (172ms)
		LoadAssemblies (280ms)
		RebuildTransferFunctionScriptingTraits (0ms)
		AnalyzeDomain (27ms)
			TypeCache.Refresh (13ms)
				TypeCache.ScanAssembly (1ms)
			ScanForSourceGeneratedMonoScriptInfo (9ms)
			ResolveRequiredComponents (4ms)
	FinalizeReload (1224ms)
		ReleaseScriptCaches (0ms)
		RebuildScriptCaches (0ms)
		SetupLoadedEditorAssemblies (561ms)
			LogAssemblyErrors (0ms)
			InitializePlatformSupportModulesInManaged (34ms)
			SetLoadedEditorAssemblies (8ms)
			RefreshPlugins (0ms)
			BeforeProcessingInitializeOnLoad (82ms)
			ProcessInitializeOnLoadAttributes (389ms)
			ProcessInitializeOnLoadMethodAttributes (37ms)
			AfterProcessingInitializeOnLoad (11ms)
			EditorAssembliesLoaded (0ms)
		ExecutionOrderSort2 (0ms)
		AwakeInstancesAfterBackupRestoration (10ms)
Refreshing native plugins compatible for Editor in 10.87 ms, found 6 plugins.
Preloading 0 native plugins for Editor in 0.00 ms.
Unloading 3109 Unused Serialized files (Serialized files now loaded: 0)
Unloading 44 unused Assets / (38.9 KB). Loaded Objects now: 3627.
Memory consumption went from 151.6 MB to 151.5 MB.
Total: 4.810200 ms (FindLiveObjects: 0.386000 ms CreateObjectMapping: 0.109700 ms MarkObjects: 4.124400 ms  DeleteObjects: 0.188600 ms)

Prepare: number of updated asset objects reloaded= 0
AssetImportParameters requested are different than current active one (requested -> active):
  custom:container-demuxer-ogg: 62fdf1f143b41e24485cea50d1cbac27 -> 
  custom:video-codec-MediaFoundation-h265: 746d11721c4dcdbdad8f713fa42b33f4 -> 
  custom:video-decoder-ogg-theora: a1e56fd34408186e4bbccfd4996cb3dc -> 
  custom:framework-win-MediaFoundation: 216162199b28c13a410421893ffa2e32 -> 
  custom:CustomObjectIndexerAttribute: 6d391050e5a25f67b0a2c618074f2cd9 -> 
  custom:container-demuxer-webm: 4f35f7cbe854078d1ac9338744f61a02 -> 
  custom:container-muxer-webm: aa71ff27fc2769a1b78a27578f13a17b -> 
  custom:video-decoder-webm-vp8: 9c59270c3fd7afecdb556c50c9e8de78 -> 
  custom:SearchIndexIgnoredProperties: e643bd26f0fe6173181afceb89e7c659 -> 
  custom:AudioImporter_EditorPlatform: d09bf68614088b80899f8185d706f6e7 -> 
  custom:video-encoder-webm-vp8: eb34c28f22e8b96e1ab97ce403110664 -> 
  custom:audio-decoder-ogg-vorbis: bf7c407c2cedff20999df2af8eb42d56 -> 
  custom:audio-encoder-webm-vorbis: bf7c407c2cedff20999df2af8eb42d56 -> 
========================================================================
Received Import Request.
  Time since last request: 7.707268 seconds.
  path: Assets/Scripts/FirebaseCode/LeaderboardManager.cs
  artifactKey: Guid(1a66a2345655f2b41ab45bb2c7f9cfb8) Importer(815301076,1909f56bfc062723c751e8b465ee728b)
Start importing Assets/Scripts/FirebaseCode/LeaderboardManager.cs using Guid(1a66a2345655f2b41ab45bb2c7f9cfb8) Importer(815301076,1909f56bfc062723c751e8b465ee728b)  -> (artifact id: '00000000000000000000000000000000') in 0.003300 seconds
Import Error Code:(4)
Message: Build asset version error: assets/scripts/firebasecode/leaderboardmanager.cs in SourceAssetDB has modification time of '2025-10-14T18:17:08.308846Z' while content on disk has modification time of '2025-10-14T18:17:12.2150952Z'
  ERROR: Build asset version error: assets/scripts/firebasecode/leaderboardmanager.cs in SourceAssetDB has modification time of '2025-10-14T18:17:08.308846Z' while content on disk has modification time of '2025-10-14T18:17:12.2150952Z'
Number of updated asset objects reloaded before import = 0
Number of asset objects unloaded after import = 0
========================================================================
Received Import Request.
  Time since last request: 0.009174 seconds.
  path: Assets/Scripts/FirebaseCode/LeaderboardManager.cs
  artifactKey: Guid(1a66a2345655f2b41ab45bb2c7f9cfb8) Importer(815301076,1909f56bfc062723c751e8b465ee728b)
Start importing Assets/Scripts/FirebaseCode/LeaderboardManager.cs using Guid(1a66a2345655f2b41ab45bb2c7f9cfb8) Importer(815301076,1909f56bfc062723c751e8b465ee728b)  -> (artifact id: '00000000000000000000000000000000') in 0.000564 seconds
Import Error Code:(4)
Message: Build asset version error: assets/scripts/firebasecode/leaderboardmanager.cs in SourceAssetDB has modification time of '2025-10-14T18:17:08.308846Z' while content on disk has modification time of '2025-10-14T18:17:12.2150952Z'
  ERROR: Build asset version error: assets/scripts/firebasecode/leaderboardmanager.cs in SourceAssetDB has modification time of '2025-10-14T18:17:08.308846Z' while content on disk has modification time of '2025-10-14T18:17:12.2150952Z'
Number of updated asset objects reloaded before import = 0
Number of asset objects unloaded after import = 0
========================================================================
Received Import Request.
  Time since last request: 0.011600 seconds.
  path: Assets/Scripts/FirebaseCode/LeaderboardManager.cs
  artifactKey: Guid(1a66a2345655f2b41ab45bb2c7f9cfb8) Importer(815301076,1909f56bfc062723c751e8b465ee728b)
Start importing Assets/Scripts/FirebaseCode/LeaderboardManager.cs using Guid(1a66a2345655f2b41ab45bb2c7f9cfb8) Importer(815301076,1909f56bfc062723c751e8b465ee728b)  -> (artifact id: '00000000000000000000000000000000') in 0.000537 seconds
Import Error Code:(4)
Message: Build asset version error: assets/scripts/firebasecode/leaderboardmanager.cs in SourceAssetDB has modification time of '2025-10-14T18:17:08.308846Z' while content on disk has modification time of '2025-10-14T18:17:12.2150952Z'
  ERROR: Build asset version error: assets/scripts/firebasecode/leaderboardmanager.cs in SourceAssetDB has modification time of '2025-10-14T18:17:08.308846Z' while content on disk has modification time of '2025-10-14T18:17:12.2150952Z'
Number of updated asset objects reloaded before import = 0
Number of asset objects unloaded after import = 0
========================================================================
Received Import Request.
  Time since last request: 0.008929 seconds.
  path: Assets/Scripts/FirebaseCode/LeaderboardManager.cs
  artifactKey: Guid(1a66a2345655f2b41ab45bb2c7f9cfb8) Importer(815301076,1909f56bfc062723c751e8b465ee728b)
Start importing Assets/Scripts/FirebaseCode/LeaderboardManager.cs using Guid(1a66a2345655f2b41ab45bb2c7f9cfb8) Importer(815301076,1909f56bfc062723c751e8b465ee728b)  -> (artifact id: '00000000000000000000000000000000') in 0.000578 seconds
Import Error Code:(4)
Message: Build asset version error: assets/scripts/firebasecode/leaderboardmanager.cs in SourceAssetDB has modification time of '2025-10-14T18:17:08.308846Z' while content on disk has modification time of '2025-10-14T18:17:12.2150952Z'
  ERROR: Build asset version error: assets/scripts/firebasecode/leaderboardmanager.cs in SourceAssetDB has modification time of '2025-10-14T18:17:08.308846Z' while content on disk has modification time of '2025-10-14T18:17:12.2150952Z'
Number of updated asset objects reloaded before import = 0
Number of asset objects unloaded after import = 0
========================================================================
Received Import Request.
  Time since last request: 0.009777 seconds.
  path: Assets/Scripts/FirebaseCode/LeaderboardManager.cs
  artifactKey: Guid(1a66a2345655f2b41ab45bb2c7f9cfb8) Importer(815301076,1909f56bfc062723c751e8b465ee728b)
Start importing Assets/Scripts/FirebaseCode/LeaderboardManager.cs using Guid(1a66a2345655f2b41ab45bb2c7f9cfb8) Importer(815301076,1909f56bfc062723c751e8b465ee728b)  -> (artifact id: '00000000000000000000000000000000') in 0.000634 seconds
Import Error Code:(4)
Message: Build asset version error: assets/scripts/firebasecode/leaderboardmanager.cs in SourceAssetDB has modification time of '2025-10-14T18:17:08.308846Z' while content on disk has modification time of '2025-10-14T18:17:12.2150952Z'
  ERROR: Build asset version error: assets/scripts/firebasecode/leaderboardmanager.cs in SourceAssetDB has modification time of '2025-10-14T18:17:08.308846Z' while content on disk has modification time of '2025-10-14T18:17:12.2150952Z'
Number of updated asset objects reloaded before import = 0
Number of asset objects unloaded after import = 0
========================================================================
Received Import Request.
  Time since last request: 0.009665 seconds.
  path: Assets/Scripts/FirebaseCode/LeaderboardManager.cs
  artifactKey: Guid(1a66a2345655f2b41ab45bb2c7f9cfb8) Importer(815301076,1909f56bfc062723c751e8b465ee728b)
Start importing Assets/Scripts/FirebaseCode/LeaderboardManager.cs using Guid(1a66a2345655f2b41ab45bb2c7f9cfb8) Importer(815301076,1909f56bfc062723c751e8b465ee728b)  -> (artifact id: '00000000000000000000000000000000') in 0.000523 seconds
Import Error Code:(4)
Message: Build asset version error: assets/scripts/firebasecode/leaderboardmanager.cs in SourceAssetDB has modification time of '2025-10-14T18:17:08.308846Z' while content on disk has modification time of '2025-10-14T18:17:12.2150952Z'
  ERROR: Build asset version error: assets/scripts/firebasecode/leaderboardmanager.cs in SourceAssetDB has modification time of '2025-10-14T18:17:08.308846Z' while content on disk has modification time of '2025-10-14T18:17:12.2150952Z'
Number of updated asset objects reloaded before import = 0
Number of asset objects unloaded after import = 0
========================================================================
Received Import Request.
  Time since last request: 0.009673 seconds.
  path: Assets/Scripts/FirebaseCode/LeaderboardManager.cs
  artifactKey: Guid(1a66a2345655f2b41ab45bb2c7f9cfb8) Importer(815301076,1909f56bfc062723c751e8b465ee728b)
Start importing Assets/Scripts/FirebaseCode/LeaderboardManager.cs using Guid(1a66a2345655f2b41ab45bb2c7f9cfb8) Importer(815301076,1909f56bfc062723c751e8b465ee728b)  -> (artifact id: '00000000000000000000000000000000') in 0.000554 seconds
Import Error Code:(4)
Message: Build asset version error: assets/scripts/firebasecode/leaderboardmanager.cs in SourceAssetDB has modification time of '2025-10-14T18:17:08.308846Z' while content on disk has modification time of '2025-10-14T18:17:12.2150952Z'
  ERROR: Build asset version error: assets/scripts/firebasecode/leaderboardmanager.cs in SourceAssetDB has modification time of '2025-10-14T18:17:08.308846Z' while content on disk has modification time of '2025-10-14T18:17:12.2150952Z'
Number of updated asset objects reloaded before import = 0
Number of asset objects unloaded after import = 0
========================================================================
Received Import Request.
  Time since last request: 0.008666 seconds.
  path: Assets/Scripts/FirebaseCode/LeaderboardManager.cs
  artifactKey: Guid(1a66a2345655f2b41ab45bb2c7f9cfb8) Importer(815301076,1909f56bfc062723c751e8b465ee728b)
Start importing Assets/Scripts/FirebaseCode/LeaderboardManager.cs using Guid(1a66a2345655f2b41ab45bb2c7f9cfb8) Importer(815301076,1909f56bfc062723c751e8b465ee728b)  -> (artifact id: '00000000000000000000000000000000') in 0.000920 seconds
Import Error Code:(4)
Message: Build asset version error: assets/scripts/firebasecode/leaderboardmanager.cs in SourceAssetDB has modification time of '2025-10-14T18:17:08.308846Z' while content on disk has modification time of '2025-10-14T18:17:12.2150952Z'
  ERROR: Build asset version error: assets/scripts/firebasecode/leaderboardmanager.cs in SourceAssetDB has modification time of '2025-10-14T18:17:08.308846Z' while content on disk has modification time of '2025-10-14T18:17:12.2150952Z'
Number of updated asset objects reloaded before import = 0
Number of asset objects unloaded after import = 0
========================================================================
Received Import Request.
  Time since last request: 0.009859 seconds.
  path: Assets/Scripts/FirebaseCode/LeaderboardManager.cs
  artifactKey: Guid(1a66a2345655f2b41ab45bb2c7f9cfb8) Importer(815301076,1909f56bfc062723c751e8b465ee728b)
Start importing Assets/Scripts/FirebaseCode/LeaderboardManager.cs using Guid(1a66a2345655f2b41ab45bb2c7f9cfb8) Importer(815301076,1909f56bfc062723c751e8b465ee728b)  -> (artifact id: '00000000000000000000000000000000') in 0.000590 seconds
Import Error Code:(4)
Message: Build asset version error: assets/scripts/firebasecode/leaderboardmanager.cs in SourceAssetDB has modification time of '2025-10-14T18:17:08.308846Z' while content on disk has modification time of '2025-10-14T18:17:12.2150952Z'
  ERROR: Build asset version error: assets/scripts/firebasecode/leaderboardmanager.cs in SourceAssetDB has modification time of '2025-10-14T18:17:08.308846Z' while content on disk has modification time of '2025-10-14T18:17:12.2150952Z'
Number of updated asset objects reloaded before import = 0
Number of asset objects unloaded after import = 0
========================================================================
Received Import Request.
  Time since last request: 0.008627 seconds.
  path: Assets/Scripts/FirebaseCode/LeaderboardManager.cs
  artifactKey: Guid(1a66a2345655f2b41ab45bb2c7f9cfb8) Importer(815301076,1909f56bfc062723c751e8b465ee728b)
Start importing Assets/Scripts/FirebaseCode/LeaderboardManager.cs using Guid(1a66a2345655f2b41ab45bb2c7f9cfb8) Importer(815301076,1909f56bfc062723c751e8b465ee728b)  -> (artifact id: '00000000000000000000000000000000') in 0.000498 seconds
Import Error Code:(4)
Message: Build asset version error: assets/scripts/firebasecode/leaderboardmanager.cs in SourceAssetDB has modification time of '2025-10-14T18:17:08.308846Z' while content on disk has modification time of '2025-10-14T18:17:12.2150952Z'
  ERROR: Build asset version error: assets/scripts/firebasecode/leaderboardmanager.cs in SourceAssetDB has modification time of '2025-10-14T18:17:08.308846Z' while content on disk has modification time of '2025-10-14T18:17:12.2150952Z'
Number of updated asset objects reloaded before import = 0
Number of asset objects unloaded after import = 0
========================================================================
Received Import Request.
  Time since last request: 0.009162 seconds.
  path: Assets/Scripts/FirebaseCode/LeaderboardManager.cs
  artifactKey: Guid(1a66a2345655f2b41ab45bb2c7f9cfb8) Importer(815301076,1909f56bfc062723c751e8b465ee728b)
Start importing Assets/Scripts/FirebaseCode/LeaderboardManager.cs using Guid(1a66a2345655f2b41ab45bb2c7f9cfb8) Importer(815301076,1909f56bfc062723c751e8b465ee728b)  -> (artifact id: '00000000000000000000000000000000') in 0.000611 seconds
Import Error Code:(4)
Message: Build asset version error: assets/scripts/firebasecode/leaderboardmanager.cs in SourceAssetDB has modification time of '2025-10-14T18:17:08.308846Z' while content on disk has modification time of '2025-10-14T18:17:12.2150952Z'
  ERROR: Build asset version error: assets/scripts/firebasecode/leaderboardmanager.cs in SourceAssetDB has modification time of '2025-10-14T18:17:08.308846Z' while content on disk has modification time of '2025-10-14T18:17:12.2150952Z'
Number of updated asset objects reloaded before import = 0
Number of asset objects unloaded after import = 0
========================================================================
Received Import Request.
  Time since last request: 0.009721 seconds.
  path: Assets/Scripts/FirebaseCode/LeaderboardManager.cs
  artifactKey: Guid(1a66a2345655f2b41ab45bb2c7f9cfb8) Importer(815301076,1909f56bfc062723c751e8b465ee728b)
Start importing Assets/Scripts/FirebaseCode/LeaderboardManager.cs using Guid(1a66a2345655f2b41ab45bb2c7f9cfb8) Importer(815301076,1909f56bfc062723c751e8b465ee728b)  -> (artifact id: '00000000000000000000000000000000') in 0.000777 seconds
Import Error Code:(4)
Message: Build asset version error: assets/scripts/firebasecode/leaderboardmanager.cs in SourceAssetDB has modification time of '2025-10-14T18:17:08.308846Z' while content on disk has modification time of '2025-10-14T18:17:12.2150952Z'
  ERROR: Build asset version error: assets/scripts/firebasecode/leaderboardmanager.cs in SourceAssetDB has modification time of '2025-10-14T18:17:08.308846Z' while content on disk has modification time of '2025-10-14T18:17:12.2150952Z'
Number of updated asset objects reloaded before import = 0
Number of asset objects unloaded after import = 0
========================================================================
Received Import Request.
  Time since last request: 0.008770 seconds.
  path: Assets/Scripts/FirebaseCode/LeaderboardManager.cs
  artifactKey: Guid(1a66a2345655f2b41ab45bb2c7f9cfb8) Importer(815301076,1909f56bfc062723c751e8b465ee728b)
Start importing Assets/Scripts/FirebaseCode/LeaderboardManager.cs using Guid(1a66a2345655f2b41ab45bb2c7f9cfb8) Importer(815301076,1909f56bfc062723c751e8b465ee728b)  -> (artifact id: '00000000000000000000000000000000') in 0.000560 seconds
Import Error Code:(4)
Message: Build asset version error: assets/scripts/firebasecode/leaderboardmanager.cs in SourceAssetDB has modification time of '2025-10-14T18:17:08.308846Z' while content on disk has modification time of '2025-10-14T18:17:12.2150952Z'
  ERROR: Build asset version error: assets/scripts/firebasecode/leaderboardmanager.cs in SourceAssetDB has modification time of '2025-10-14T18:17:08.308846Z' while content on disk has modification time of '2025-10-14T18:17:12.2150952Z'
Number of updated asset objects reloaded before import = 0
Number of asset objects unloaded after import = 0
========================================================================
Received Import Request.
  Time since last request: 0.009008 seconds.
  path: Assets/Scripts/FirebaseCode/LeaderboardManager.cs
  artifactKey: Guid(1a66a2345655f2b41ab45bb2c7f9cfb8) Importer(815301076,1909f56bfc062723c751e8b465ee728b)
Start importing Assets/Scripts/FirebaseCode/LeaderboardManager.cs using Guid(1a66a2345655f2b41ab45bb2c7f9cfb8) Importer(815301076,1909f56bfc062723c751e8b465ee728b)  -> (artifact id: '00000000000000000000000000000000') in 0.000683 seconds
Import Error Code:(4)
Message: Build asset version error: assets/scripts/firebasecode/leaderboardmanager.cs in SourceAssetDB has modification time of '2025-10-14T18:17:08.308846Z' while content on disk has modification time of '2025-10-14T18:17:12.2150952Z'
  ERROR: Build asset version error: assets/scripts/firebasecode/leaderboardmanager.cs in SourceAssetDB has modification time of '2025-10-14T18:17:08.308846Z' while content on disk has modification time of '2025-10-14T18:17:12.2150952Z'
Number of updated asset objects reloaded before import = 0
Number of asset objects unloaded after import = 0
========================================================================
Received Import Request.
  Time since last request: 0.009931 seconds.
  path: Assets/Scripts/FirebaseCode/LeaderboardManager.cs
  artifactKey: Guid(1a66a2345655f2b41ab45bb2c7f9cfb8) Importer(815301076,1909f56bfc062723c751e8b465ee728b)
Start importing Assets/Scripts/FirebaseCode/LeaderboardManager.cs using Guid(1a66a2345655f2b41ab45bb2c7f9cfb8) Importer(815301076,1909f56bfc062723c751e8b465ee728b)  -> (artifact id: '00000000000000000000000000000000') in 0.000575 seconds
Import Error Code:(4)
Message: Build asset version error: assets/scripts/firebasecode/leaderboardmanager.cs in SourceAssetDB has modification time of '2025-10-14T18:17:08.308846Z' while content on disk has modification time of '2025-10-14T18:17:12.2150952Z'
  ERROR: Build asset version error: assets/scripts/firebasecode/leaderboardmanager.cs in SourceAssetDB has modification time of '2025-10-14T18:17:08.308846Z' while content on disk has modification time of '2025-10-14T18:17:12.2150952Z'
Number of updated asset objects reloaded before import = 0
Number of asset objects unloaded after import = 0
========================================================================
Received Import Request.
  Time since last request: 0.009196 seconds.
  path: Assets/Scripts/FirebaseCode/LeaderboardManager.cs
  artifactKey: Guid(1a66a2345655f2b41ab45bb2c7f9cfb8) Importer(815301076,1909f56bfc062723c751e8b465ee728b)
Start importing Assets/Scripts/FirebaseCode/LeaderboardManager.cs using Guid(1a66a2345655f2b41ab45bb2c7f9cfb8) Importer(815301076,1909f56bfc062723c751e8b465ee728b)  -> (artifact id: '00000000000000000000000000000000') in 0.000511 seconds
Import Error Code:(4)
Message: Build asset version error: assets/scripts/firebasecode/leaderboardmanager.cs in SourceAssetDB has modification time of '2025-10-14T18:17:08.308846Z' while content on disk has modification time of '2025-10-14T18:17:12.2150952Z'
  ERROR: Build asset version error: assets/scripts/firebasecode/leaderboardmanager.cs in SourceAssetDB has modification time of '2025-10-14T18:17:08.308846Z' while content on disk has modification time of '2025-10-14T18:17:12.2150952Z'
Number of updated asset objects reloaded before import = 0
Number of asset objects unloaded after import = 0
========================================================================
Received Import Request.
  Time since last request: 0.008780 seconds.
  path: Assets/Scripts/FirebaseCode/LeaderboardManager.cs
  artifactKey: Guid(1a66a2345655f2b41ab45bb2c7f9cfb8) Importer(815301076,1909f56bfc062723c751e8b465ee728b)
Start importing Assets/Scripts/FirebaseCode/LeaderboardManager.cs using Guid(1a66a2345655f2b41ab45bb2c7f9cfb8) Importer(815301076,1909f56bfc062723c751e8b465ee728b)  -> (artifact id: '00000000000000000000000000000000') in 0.000579 seconds
Import Error Code:(4)
Message: Build asset version error: assets/scripts/firebasecode/leaderboardmanager.cs in SourceAssetDB has modification time of '2025-10-14T18:17:08.308846Z' while content on disk has modification time of '2025-10-14T18:17:12.2150952Z'
  ERROR: Build asset version error: assets/scripts/firebasecode/leaderboardmanager.cs in SourceAssetDB has modification time of '2025-10-14T18:17:08.308846Z' while content on disk has modification time of '2025-10-14T18:17:12.2150952Z'
Number of updated asset objects reloaded before import = 0
Number of asset objects unloaded after import = 0
========================================================================
Received Import Request.
  Time since last request: 0.008481 seconds.
  path: Assets/Scripts/FirebaseCode/LeaderboardManager.cs
  artifactKey: Guid(1a66a2345655f2b41ab45bb2c7f9cfb8) Importer(815301076,1909f56bfc062723c751e8b465ee728b)
Start importing Assets/Scripts/FirebaseCode/LeaderboardManager.cs using Guid(1a66a2345655f2b41ab45bb2c7f9cfb8) Importer(815301076,1909f56bfc062723c751e8b465ee728b)  -> (artifact id: '00000000000000000000000000000000') in 0.000647 seconds
Import Error Code:(4)
Message: Build asset version error: assets/scripts/firebasecode/leaderboardmanager.cs in SourceAssetDB has modification time of '2025-10-14T18:17:08.308846Z' while content on disk has modification time of '2025-10-14T18:17:12.2150952Z'
  ERROR: Build asset version error: assets/scripts/firebasecode/leaderboardmanager.cs in SourceAssetDB has modification time of '2025-10-14T18:17:08.308846Z' while content on disk has modification time of '2025-10-14T18:17:12.2150952Z'
Number of updated asset objects reloaded before import = 0
Number of asset objects unloaded after import = 0
========================================================================
Received Import Request.
  Time since last request: 0.007421 seconds.
  path: Assets/Scripts/FirebaseCode/LeaderboardManager.cs
  artifactKey: Guid(1a66a2345655f2b41ab45bb2c7f9cfb8) Importer(815301076,1909f56bfc062723c751e8b465ee728b)
Start importing Assets/Scripts/FirebaseCode/LeaderboardManager.cs using Guid(1a66a2345655f2b41ab45bb2c7f9cfb8) Importer(815301076,1909f56bfc062723c751e8b465ee728b)  -> (artifact id: '00000000000000000000000000000000') in 0.000511 seconds
Import Error Code:(4)
Message: Build asset version error: assets/scripts/firebasecode/leaderboardmanager.cs in SourceAssetDB has modification time of '2025-10-14T18:17:08.308846Z' while content on disk has modification time of '2025-10-14T18:17:12.2150952Z'
  ERROR: Build asset version error: assets/scripts/firebasecode/leaderboardmanager.cs in SourceAssetDB has modification time of '2025-10-14T18:17:08.308846Z' while content on disk has modification time of '2025-10-14T18:17:12.2150952Z'
Number of updated asset objects reloaded before import = 0
Number of asset objects unloaded after import = 0
========================================================================
Received Import Request.
  Time since last request: 0.007874 seconds.
  path: Assets/Scripts/FirebaseCode/LeaderboardManager.cs
  artifactKey: Guid(1a66a2345655f2b41ab45bb2c7f9cfb8) Importer(815301076,1909f56bfc062723c751e8b465ee728b)
Start importing Assets/Scripts/FirebaseCode/LeaderboardManager.cs using Guid(1a66a2345655f2b41ab45bb2c7f9cfb8) Importer(815301076,1909f56bfc062723c751e8b465ee728b)  -> (artifact id: '00000000000000000000000000000000') in 0.000576 seconds
Import Error Code:(4)
Message: Build asset version error: assets/scripts/firebasecode/leaderboardmanager.cs in SourceAssetDB has modification time of '2025-10-14T18:17:08.308846Z' while content on disk has modification time of '2025-10-14T18:17:12.2150952Z'
  ERROR: Build asset version error: assets/scripts/firebasecode/leaderboardmanager.cs in SourceAssetDB has modification time of '2025-10-14T18:17:08.308846Z' while content on disk has modification time of '2025-10-14T18:17:12.2150952Z'
Number of updated asset objects reloaded before import = 0
Number of asset objects unloaded after import = 0
========================================================================
Received Import Request.
  Time since last request: 0.009787 seconds.
  path: Assets/Scripts/FirebaseCode/LeaderboardManager.cs
  artifactKey: Guid(1a66a2345655f2b41ab45bb2c7f9cfb8) Importer(815301076,1909f56bfc062723c751e8b465ee728b)
Start importing Assets/Scripts/FirebaseCode/LeaderboardManager.cs using Guid(1a66a2345655f2b41ab45bb2c7f9cfb8) Importer(815301076,1909f56bfc062723c751e8b465ee728b)  -> (artifact id: '00000000000000000000000000000000') in 0.000725 seconds
Import Error Code:(4)
Message: Build asset version error: assets/scripts/firebasecode/leaderboardmanager.cs in SourceAssetDB has modification time of '2025-10-14T18:17:08.308846Z' while content on disk has modification time of '2025-10-14T18:17:12.2150952Z'
  ERROR: Build asset version error: assets/scripts/firebasecode/leaderboardmanager.cs in SourceAssetDB has modification time of '2025-10-14T18:17:08.308846Z' while content on disk has modification time of '2025-10-14T18:17:12.2150952Z'
Number of updated asset objects reloaded before import = 0
Number of asset objects unloaded after import = 0
========================================================================
Received Import Request.
  Time since last request: 0.008635 seconds.
  path: Assets/Scripts/FirebaseCode/LeaderboardManager.cs
  artifactKey: Guid(1a66a2345655f2b41ab45bb2c7f9cfb8) Importer(815301076,1909f56bfc062723c751e8b465ee728b)
Start importing Assets/Scripts/FirebaseCode/LeaderboardManager.cs using Guid(1a66a2345655f2b41ab45bb2c7f9cfb8) Importer(815301076,1909f56bfc062723c751e8b465ee728b)  -> (artifact id: '00000000000000000000000000000000') in 0.001082 seconds
Import Error Code:(4)
Message: Build asset version error: assets/scripts/firebasecode/leaderboardmanager.cs in SourceAssetDB has modification time of '2025-10-14T18:17:08.308846Z' while content on disk has modification time of '2025-10-14T18:17:12.2150952Z'
  ERROR: Build asset version error: assets/scripts/firebasecode/leaderboardmanager.cs in SourceAssetDB has modification time of '2025-10-14T18:17:08.308846Z' while content on disk has modification time of '2025-10-14T18:17:12.2150952Z'
Number of updated asset objects reloaded before import = 0
Number of asset objects unloaded after import = 0
========================================================================
Received Import Request.
  Time since last request: 0.007995 seconds.
  path: Assets/Scripts/FirebaseCode/LeaderboardManager.cs
  artifactKey: Guid(1a66a2345655f2b41ab45bb2c7f9cfb8) Importer(815301076,1909f56bfc062723c751e8b465ee728b)
Start importing Assets/Scripts/FirebaseCode/LeaderboardManager.cs using Guid(1a66a2345655f2b41ab45bb2c7f9cfb8) Importer(815301076,1909f56bfc062723c751e8b465ee728b)  -> (artifact id: '00000000000000000000000000000000') in 0.000864 seconds
Import Error Code:(4)
Message: Build asset version error: assets/scripts/firebasecode/leaderboardmanager.cs in SourceAssetDB has modification time of '2025-10-14T18:17:08.308846Z' while content on disk has modification time of '2025-10-14T18:17:12.2150952Z'
  ERROR: Build asset version error: assets/scripts/firebasecode/leaderboardmanager.cs in SourceAssetDB has modification time of '2025-10-14T18:17:08.308846Z' while content on disk has modification time of '2025-10-14T18:17:12.2150952Z'
Number of updated asset objects reloaded before import = 0
Number of asset objects unloaded after import = 0
========================================================================
Received Import Request.
  Time since last request: 0.008515 seconds.
  path: Assets/Scripts/FirebaseCode/LeaderboardManager.cs
  artifactKey: Guid(1a66a2345655f2b41ab45bb2c7f9cfb8) Importer(815301076,1909f56bfc062723c751e8b465ee728b)
Start importing Assets/Scripts/FirebaseCode/LeaderboardManager.cs using Guid(1a66a2345655f2b41ab45bb2c7f9cfb8) Importer(815301076,1909f56bfc062723c751e8b465ee728b)  -> (artifact id: '00000000000000000000000000000000') in 0.000527 seconds
Import Error Code:(4)
Message: Build asset version error: assets/scripts/firebasecode/leaderboardmanager.cs in SourceAssetDB has modification time of '2025-10-14T18:17:08.308846Z' while content on disk has modification time of '2025-10-14T18:17:12.2150952Z'
  ERROR: Build asset version error: assets/scripts/firebasecode/leaderboardmanager.cs in SourceAssetDB has modification time of '2025-10-14T18:17:08.308846Z' while content on disk has modification time of '2025-10-14T18:17:12.2150952Z'
Number of updated asset objects reloaded before import = 0
Number of asset objects unloaded after import = 0
========================================================================
Received Import Request.
  Time since last request: 0.008189 seconds.
  path: Assets/Scripts/FirebaseCode/LeaderboardManager.cs
  artifactKey: Guid(1a66a2345655f2b41ab45bb2c7f9cfb8) Importer(815301076,1909f56bfc062723c751e8b465ee728b)
Start importing Assets/Scripts/FirebaseCode/LeaderboardManager.cs using Guid(1a66a2345655f2b41ab45bb2c7f9cfb8) Importer(815301076,1909f56bfc062723c751e8b465ee728b)  -> (artifact id: '00000000000000000000000000000000') in 0.000554 seconds
Import Error Code:(4)
Message: Build asset version error: assets/scripts/firebasecode/leaderboardmanager.cs in SourceAssetDB has modification time of '2025-10-14T18:17:08.308846Z' while content on disk has modification time of '2025-10-14T18:17:12.2150952Z'
  ERROR: Build asset version error: assets/scripts/firebasecode/leaderboardmanager.cs in SourceAssetDB has modification time of '2025-10-14T18:17:08.308846Z' while content on disk has modification time of '2025-10-14T18:17:12.2150952Z'
Number of updated asset objects reloaded before import = 0
Number of asset objects unloaded after import = 0
========================================================================
Received Import Request.
  Time since last request: 0.009347 seconds.
  path: Assets/Scripts/FirebaseCode/LeaderboardManager.cs
  artifactKey: Guid(1a66a2345655f2b41ab45bb2c7f9cfb8) Importer(815301076,1909f56bfc062723c751e8b465ee728b)
Start importing Assets/Scripts/FirebaseCode/LeaderboardManager.cs using Guid(1a66a2345655f2b41ab45bb2c7f9cfb8) Importer(815301076,1909f56bfc062723c751e8b465ee728b)  -> (artifact id: '00000000000000000000000000000000') in 0.000559 seconds
Import Error Code:(4)
Message: Build asset version error: assets/scripts/firebasecode/leaderboardmanager.cs in SourceAssetDB has modification time of '2025-10-14T18:17:08.308846Z' while content on disk has modification time of '2025-10-14T18:17:12.2150952Z'
  ERROR: Build asset version error: assets/scripts/firebasecode/leaderboardmanager.cs in SourceAssetDB has modification time of '2025-10-14T18:17:08.308846Z' while content on disk has modification time of '2025-10-14T18:17:12.2150952Z'
Number of updated asset objects reloaded before import = 0
Number of asset objects unloaded after import = 0
========================================================================
Received Import Request.
  Time since last request: 0.009230 seconds.
  path: Assets/Scripts/FirebaseCode/LeaderboardManager.cs
  artifactKey: Guid(1a66a2345655f2b41ab45bb2c7f9cfb8) Importer(815301076,1909f56bfc062723c751e8b465ee728b)
Start importing Assets/Scripts/FirebaseCode/LeaderboardManager.cs using Guid(1a66a2345655f2b41ab45bb2c7f9cfb8) Importer(815301076,1909f56bfc062723c751e8b465ee728b)  -> (artifact id: '00000000000000000000000000000000') in 0.000542 seconds
Import Error Code:(4)
Message: Build asset version error: assets/scripts/firebasecode/leaderboardmanager.cs in SourceAssetDB has modification time of '2025-10-14T18:17:08.308846Z' while content on disk has modification time of '2025-10-14T18:17:12.2150952Z'
  ERROR: Build asset version error: assets/scripts/firebasecode/leaderboardmanager.cs in SourceAssetDB has modification time of '2025-10-14T18:17:08.308846Z' while content on disk has modification time of '2025-10-14T18:17:12.2150952Z'
Number of updated asset objects reloaded before import = 0
Number of asset objects unloaded after import = 0
========================================================================
Received Import Request.
  Time since last request: 0.007900 seconds.
  path: Assets/Scripts/FirebaseCode/LeaderboardManager.cs
  artifactKey: Guid(1a66a2345655f2b41ab45bb2c7f9cfb8) Importer(815301076,1909f56bfc062723c751e8b465ee728b)
Start importing Assets/Scripts/FirebaseCode/LeaderboardManager.cs using Guid(1a66a2345655f2b41ab45bb2c7f9cfb8) Importer(815301076,1909f56bfc062723c751e8b465ee728b)  -> (artifact id: '00000000000000000000000000000000') in 0.001174 seconds
Import Error Code:(4)
Message: Build asset version error: assets/scripts/firebasecode/leaderboardmanager.cs in SourceAssetDB has modification time of '2025-10-14T18:17:08.308846Z' while content on disk has modification time of '2025-10-14T18:17:12.2150952Z'
  ERROR: Build asset version error: assets/scripts/firebasecode/leaderboardmanager.cs in SourceAssetDB has modification time of '2025-10-14T18:17:08.308846Z' while content on disk has modification time of '2025-10-14T18:17:12.2150952Z'
Number of updated asset objects reloaded before import = 0
Number of asset objects unloaded after import = 0
========================================================================
Received Import Request.
  Time since last request: 0.008399 seconds.
  path: Assets/Scripts/FirebaseCode/LeaderboardManager.cs
  artifactKey: Guid(1a66a2345655f2b41ab45bb2c7f9cfb8) Importer(815301076,1909f56bfc062723c751e8b465ee728b)
Start importing Assets/Scripts/FirebaseCode/LeaderboardManager.cs using Guid(1a66a2345655f2b41ab45bb2c7f9cfb8) Importer(815301076,1909f56bfc062723c751e8b465ee728b)  -> (artifact id: '00000000000000000000000000000000') in 0.000542 seconds
Import Error Code:(4)
Message: Build asset version error: assets/scripts/firebasecode/leaderboardmanager.cs in SourceAssetDB has modification time of '2025-10-14T18:17:08.308846Z' while content on disk has modification time of '2025-10-14T18:17:12.2150952Z'
  ERROR: Build asset version error: assets/scripts/firebasecode/leaderboardmanager.cs in SourceAssetDB has modification time of '2025-10-14T18:17:08.308846Z' while content on disk has modification time of '2025-10-14T18:17:12.2150952Z'
Number of updated asset objects reloaded before import = 0
Number of asset objects unloaded after import = 0
========================================================================
Received Import Request.
  Time since last request: 0.007495 seconds.
  path: Assets/Scripts/FirebaseCode/LeaderboardManager.cs
  artifactKey: Guid(1a66a2345655f2b41ab45bb2c7f9cfb8) Importer(815301076,1909f56bfc062723c751e8b465ee728b)
Start importing Assets/Scripts/FirebaseCode/LeaderboardManager.cs using Guid(1a66a2345655f2b41ab45bb2c7f9cfb8) Importer(815301076,1909f56bfc062723c751e8b465ee728b)  -> (artifact id: '00000000000000000000000000000000') in 0.001210 seconds
Import Error Code:(4)
Message: Build asset version error: assets/scripts/firebasecode/leaderboardmanager.cs in SourceAssetDB has modification time of '2025-10-14T18:17:08.308846Z' while content on disk has modification time of '2025-10-14T18:17:12.2150952Z'
  ERROR: Build asset version error: assets/scripts/firebasecode/leaderboardmanager.cs in SourceAssetDB has modification time of '2025-10-14T18:17:08.308846Z' while content on disk has modification time of '2025-10-14T18:17:12.2150952Z'
Number of updated asset objects reloaded before import = 0
Number of asset objects unloaded after import = 0
========================================================================
Received Import Request.
  Time since last request: 0.007948 seconds.
  path: Assets/Scripts/FirebaseCode/LeaderboardManager.cs
  artifactKey: Guid(1a66a2345655f2b41ab45bb2c7f9cfb8) Importer(815301076,1909f56bfc062723c751e8b465ee728b)
Start importing Assets/Scripts/FirebaseCode/LeaderboardManager.cs using Guid(1a66a2345655f2b41ab45bb2c7f9cfb8) Importer(815301076,1909f56bfc062723c751e8b465ee728b)  -> (artifact id: '00000000000000000000000000000000') in 0.000504 seconds
Import Error Code:(4)
Message: Build asset version error: assets/scripts/firebasecode/leaderboardmanager.cs in SourceAssetDB has modification time of '2025-10-14T18:17:08.308846Z' while content on disk has modification time of '2025-10-14T18:17:12.2150952Z'
  ERROR: Build asset version error: assets/scripts/firebasecode/leaderboardmanager.cs in SourceAssetDB has modification time of '2025-10-14T18:17:08.308846Z' while content on disk has modification time of '2025-10-14T18:17:12.2150952Z'
Number of updated asset objects reloaded before import = 0
Number of asset objects unloaded after import = 0
========================================================================
Received Import Request.
  Time since last request: 0.009238 seconds.
  path: Assets/Scripts/FirebaseCode/LeaderboardManager.cs
  artifactKey: Guid(1a66a2345655f2b41ab45bb2c7f9cfb8) Importer(815301076,1909f56bfc062723c751e8b465ee728b)
Start importing Assets/Scripts/FirebaseCode/LeaderboardManager.cs using Guid(1a66a2345655f2b41ab45bb2c7f9cfb8) Importer(815301076,1909f56bfc062723c751e8b465ee728b)  -> (artifact id: '00000000000000000000000000000000') in 0.000601 seconds
Import Error Code:(4)
Message: Build asset version error: assets/scripts/firebasecode/leaderboardmanager.cs in SourceAssetDB has modification time of '2025-10-14T18:17:08.308846Z' while content on disk has modification time of '2025-10-14T18:17:12.2150952Z'
  ERROR: Build asset version error: assets/scripts/firebasecode/leaderboardmanager.cs in SourceAssetDB has modification time of '2025-10-14T18:17:08.308846Z' while content on disk has modification time of '2025-10-14T18:17:12.2150952Z'
Number of updated asset objects reloaded before import = 0
Number of asset objects unloaded after import = 0
========================================================================
Received Import Request.
  Time since last request: 0.008652 seconds.
  path: Assets/Scripts/FirebaseCode/LeaderboardManager.cs
  artifactKey: Guid(1a66a2345655f2b41ab45bb2c7f9cfb8) Importer(815301076,1909f56bfc062723c751e8b465ee728b)
Start importing Assets/Scripts/FirebaseCode/LeaderboardManager.cs using Guid(1a66a2345655f2b41ab45bb2c7f9cfb8) Importer(815301076,1909f56bfc062723c751e8b465ee728b)  -> (artifact id: '00000000000000000000000000000000') in 0.000558 seconds
Import Error Code:(4)
Message: Build asset version error: assets/scripts/firebasecode/leaderboardmanager.cs in SourceAssetDB has modification time of '2025-10-14T18:17:08.308846Z' while content on disk has modification time of '2025-10-14T18:17:12.2150952Z'
  ERROR: Build asset version error: assets/scripts/firebasecode/leaderboardmanager.cs in SourceAssetDB has modification time of '2025-10-14T18:17:08.308846Z' while content on disk has modification time of '2025-10-14T18:17:12.2150952Z'
Number of updated asset objects reloaded before import = 0
Number of asset objects unloaded after import = 0
========================================================================
Received Import Request.
  Time since last request: 0.009611 seconds.
  path: Assets/Scripts/FirebaseCode/LeaderboardManager.cs
  artifactKey: Guid(1a66a2345655f2b41ab45bb2c7f9cfb8) Importer(815301076,1909f56bfc062723c751e8b465ee728b)
Start importing Assets/Scripts/FirebaseCode/LeaderboardManager.cs using Guid(1a66a2345655f2b41ab45bb2c7f9cfb8) Importer(815301076,1909f56bfc062723c751e8b465ee728b)  -> (artifact id: '00000000000000000000000000000000') in 0.000781 seconds
Import Error Code:(4)
Message: Build asset version error: assets/scripts/firebasecode/leaderboardmanager.cs in SourceAssetDB has modification time of '2025-10-14T18:17:08.308846Z' while content on disk has modification time of '2025-10-14T18:17:12.2150952Z'
  ERROR: Build asset version error: assets/scripts/firebasecode/leaderboardmanager.cs in SourceAssetDB has modification time of '2025-10-14T18:17:08.308846Z' while content on disk has modification time of '2025-10-14T18:17:12.2150952Z'
Number of updated asset objects reloaded before import = 0
Number of asset objects unloaded after import = 0
========================================================================
Received Import Request.
  Time since last request: 0.013371 seconds.
  path: Assets/Scripts/FirebaseCode/LeaderboardManager.cs
  artifactKey: Guid(1a66a2345655f2b41ab45bb2c7f9cfb8) Importer(815301076,1909f56bfc062723c751e8b465ee728b)
Start importing Assets/Scripts/FirebaseCode/LeaderboardManager.cs using Guid(1a66a2345655f2b41ab45bb2c7f9cfb8) Importer(815301076,1909f56bfc062723c751e8b465ee728b)  -> (artifact id: '00000000000000000000000000000000') in 0.000560 seconds
Import Error Code:(4)
Message: Build asset version error: assets/scripts/firebasecode/leaderboardmanager.cs in SourceAssetDB has modification time of '2025-10-14T18:17:08.308846Z' while content on disk has modification time of '2025-10-14T18:17:12.2150952Z'
  ERROR: Build asset version error: assets/scripts/firebasecode/leaderboardmanager.cs in SourceAssetDB has modification time of '2025-10-14T18:17:08.308846Z' while content on disk has modification time of '2025-10-14T18:17:12.2150952Z'
Number of updated asset objects reloaded before import = 0
Number of asset objects unloaded after import = 0
========================================================================
Received Import Request.
  Time since last request: 0.008508 seconds.
  path: Assets/Scripts/FirebaseCode/LeaderboardManager.cs
  artifactKey: Guid(1a66a2345655f2b41ab45bb2c7f9cfb8) Importer(815301076,1909f56bfc062723c751e8b465ee728b)
Start importing Assets/Scripts/FirebaseCode/LeaderboardManager.cs using Guid(1a66a2345655f2b41ab45bb2c7f9cfb8) Importer(815301076,1909f56bfc062723c751e8b465ee728b)  -> (artifact id: '00000000000000000000000000000000') in 0.000690 seconds
Import Error Code:(4)
Message: Build asset version error: assets/scripts/firebasecode/leaderboardmanager.cs in SourceAssetDB has modification time of '2025-10-14T18:17:08.308846Z' while content on disk has modification time of '2025-10-14T18:17:12.2150952Z'
  ERROR: Build asset version error: assets/scripts/firebasecode/leaderboardmanager.cs in SourceAssetDB has modification time of '2025-10-14T18:17:08.308846Z' while content on disk has modification time of '2025-10-14T18:17:12.2150952Z'
Number of updated asset objects reloaded before import = 0
Number of asset objects unloaded after import = 0
========================================================================
Received Import Request.
  Time since last request: 0.007816 seconds.
  path: Assets/Scripts/FirebaseCode/LeaderboardManager.cs
  artifactKey: Guid(1a66a2345655f2b41ab45bb2c7f9cfb8) Importer(815301076,1909f56bfc062723c751e8b465ee728b)
Start importing Assets/Scripts/FirebaseCode/LeaderboardManager.cs using Guid(1a66a2345655f2b41ab45bb2c7f9cfb8) Importer(815301076,1909f56bfc062723c751e8b465ee728b)  -> (artifact id: '00000000000000000000000000000000') in 0.000646 seconds
Import Error Code:(4)
Message: Build asset version error: assets/scripts/firebasecode/leaderboardmanager.cs in SourceAssetDB has modification time of '2025-10-14T18:17:08.308846Z' while content on disk has modification time of '2025-10-14T18:17:12.2150952Z'
  ERROR: Build asset version error: assets/scripts/firebasecode/leaderboardmanager.cs in SourceAssetDB has modification time of '2025-10-14T18:17:08.308846Z' while content on disk has modification time of '2025-10-14T18:17:12.2150952Z'
Number of updated asset objects reloaded before import = 0
Number of asset objects unloaded after import = 0
========================================================================
Received Import Request.
  Time since last request: 0.008594 seconds.
  path: Assets/Scripts/FirebaseCode/LeaderboardManager.cs
  artifactKey: Guid(1a66a2345655f2b41ab45bb2c7f9cfb8) Importer(815301076,1909f56bfc062723c751e8b465ee728b)
Start importing Assets/Scripts/FirebaseCode/LeaderboardManager.cs using Guid(1a66a2345655f2b41ab45bb2c7f9cfb8) Importer(815301076,1909f56bfc062723c751e8b465ee728b)  -> (artifact id: '00000000000000000000000000000000') in 0.000897 seconds
Import Error Code:(4)
Message: Build asset version error: assets/scripts/firebasecode/leaderboardmanager.cs in SourceAssetDB has modification time of '2025-10-14T18:17:08.308846Z' while content on disk has modification time of '2025-10-14T18:17:12.2150952Z'
  ERROR: Build asset version error: assets/scripts/firebasecode/leaderboardmanager.cs in SourceAssetDB has modification time of '2025-10-14T18:17:08.308846Z' while content on disk has modification time of '2025-10-14T18:17:12.2150952Z'
Number of updated asset objects reloaded before import = 0
Number of asset objects unloaded after import = 0
========================================================================
Received Import Request.
  Time since last request: 0.008103 seconds.
  path: Assets/Scripts/FirebaseCode/LeaderboardManager.cs
  artifactKey: Guid(1a66a2345655f2b41ab45bb2c7f9cfb8) Importer(815301076,1909f56bfc062723c751e8b465ee728b)
Start importing Assets/Scripts/FirebaseCode/LeaderboardManager.cs using Guid(1a66a2345655f2b41ab45bb2c7f9cfb8) Importer(815301076,1909f56bfc062723c751e8b465ee728b)  -> (artifact id: '00000000000000000000000000000000') in 0.000520 seconds
Import Error Code:(4)
Message: Build asset version error: assets/scripts/firebasecode/leaderboardmanager.cs in SourceAssetDB has modification time of '2025-10-14T18:17:08.308846Z' while content on disk has modification time of '2025-10-14T18:17:12.2150952Z'
  ERROR: Build asset version error: assets/scripts/firebasecode/leaderboardmanager.cs in SourceAssetDB has modification time of '2025-10-14T18:17:08.308846Z' while content on disk has modification time of '2025-10-14T18:17:12.2150952Z'
Number of updated asset objects reloaded before import = 0
Number of asset objects unloaded after import = 0
========================================================================
Received Import Request.
  Time since last request: 0.009968 seconds.
  path: Assets/Scripts/FirebaseCode/LeaderboardManager.cs
  artifactKey: Guid(1a66a2345655f2b41ab45bb2c7f9cfb8) Importer(815301076,1909f56bfc062723c751e8b465ee728b)
Start importing Assets/Scripts/FirebaseCode/LeaderboardManager.cs using Guid(1a66a2345655f2b41ab45bb2c7f9cfb8) Importer(815301076,1909f56bfc062723c751e8b465ee728b)  -> (artifact id: '00000000000000000000000000000000') in 0.000477 seconds
Import Error Code:(4)
Message: Build asset version error: assets/scripts/firebasecode/leaderboardmanager.cs in SourceAssetDB has modification time of '2025-10-14T18:17:08.308846Z' while content on disk has modification time of '2025-10-14T18:17:12.2150952Z'
  ERROR: Build asset version error: assets/scripts/firebasecode/leaderboardmanager.cs in SourceAssetDB has modification time of '2025-10-14T18:17:08.308846Z' while content on disk has modification time of '2025-10-14T18:17:12.2150952Z'
Number of updated asset objects reloaded before import = 0
Number of asset objects unloaded after import = 0
========================================================================
Received Import Request.
  Time since last request: 0.012438 seconds.
  path: Assets/Scripts/FirebaseCode/LeaderboardManager.cs
  artifactKey: Guid(1a66a2345655f2b41ab45bb2c7f9cfb8) Importer(815301076,1909f56bfc062723c751e8b465ee728b)
Start importing Assets/Scripts/FirebaseCode/LeaderboardManager.cs using Guid(1a66a2345655f2b41ab45bb2c7f9cfb8) Importer(815301076,1909f56bfc062723c751e8b465ee728b)  -> (artifact id: '00000000000000000000000000000000') in 0.000619 seconds
Import Error Code:(4)
Message: Build asset version error: assets/scripts/firebasecode/leaderboardmanager.cs in SourceAssetDB has modification time of '2025-10-14T18:17:08.308846Z' while content on disk has modification time of '2025-10-14T18:17:12.2150952Z'
  ERROR: Build asset version error: assets/scripts/firebasecode/leaderboardmanager.cs in SourceAssetDB has modification time of '2025-10-14T18:17:08.308846Z' while content on disk has modification time of '2025-10-14T18:17:12.2150952Z'
Number of updated asset objects reloaded before import = 0
Number of asset objects unloaded after import = 0
========================================================================
Received Import Request.
  Time since last request: 0.013544 seconds.
  path: Assets/Scripts/FirebaseCode/LeaderboardManager.cs
  artifactKey: Guid(1a66a2345655f2b41ab45bb2c7f9cfb8) Importer(815301076,1909f56bfc062723c751e8b465ee728b)
Start importing Assets/Scripts/FirebaseCode/LeaderboardManager.cs using Guid(1a66a2345655f2b41ab45bb2c7f9cfb8) Importer(815301076,1909f56bfc062723c751e8b465ee728b)  -> (artifact id: '00000000000000000000000000000000') in 0.000801 seconds
Import Error Code:(4)
Message: Build asset version error: assets/scripts/firebasecode/leaderboardmanager.cs in SourceAssetDB has modification time of '2025-10-14T18:17:08.308846Z' while content on disk has modification time of '2025-10-14T18:17:12.2150952Z'
  ERROR: Build asset version error: assets/scripts/firebasecode/leaderboardmanager.cs in SourceAssetDB has modification time of '2025-10-14T18:17:08.308846Z' while content on disk has modification time of '2025-10-14T18:17:12.2150952Z'
Number of updated asset objects reloaded before import = 0
Number of asset objects unloaded after import = 0
========================================================================
Received Import Request.
  Time since last request: 0.008238 seconds.
  path: Assets/Scripts/FirebaseCode/LeaderboardManager.cs
  artifactKey: Guid(1a66a2345655f2b41ab45bb2c7f9cfb8) Importer(815301076,1909f56bfc062723c751e8b465ee728b)
Start importing Assets/Scripts/FirebaseCode/LeaderboardManager.cs using Guid(1a66a2345655f2b41ab45bb2c7f9cfb8) Importer(815301076,1909f56bfc062723c751e8b465ee728b)  -> (artifact id: '00000000000000000000000000000000') in 0.000462 seconds
Import Error Code:(4)
Message: Build asset version error: assets/scripts/firebasecode/leaderboardmanager.cs in SourceAssetDB has modification time of '2025-10-14T18:17:08.308846Z' while content on disk has modification time of '2025-10-14T18:17:12.2150952Z'
  ERROR: Build asset version error: assets/scripts/firebasecode/leaderboardmanager.cs in SourceAssetDB has modification time of '2025-10-14T18:17:08.308846Z' while content on disk has modification time of '2025-10-14T18:17:12.2150952Z'
Number of updated asset objects reloaded before import = 0
Number of asset objects unloaded after import = 0
========================================================================
Received Import Request.
  Time since last request: 0.007997 seconds.
  path: Assets/Scripts/FirebaseCode/LeaderboardManager.cs
  artifactKey: Guid(1a66a2345655f2b41ab45bb2c7f9cfb8) Importer(815301076,1909f56bfc062723c751e8b465ee728b)
Start importing Assets/Scripts/FirebaseCode/LeaderboardManager.cs using Guid(1a66a2345655f2b41ab45bb2c7f9cfb8) Importer(815301076,1909f56bfc062723c751e8b465ee728b)  -> (artifact id: '00000000000000000000000000000000') in 0.000490 seconds
Import Error Code:(4)
Message: Build asset version error: assets/scripts/firebasecode/leaderboardmanager.cs in SourceAssetDB has modification time of '2025-10-14T18:17:08.308846Z' while content on disk has modification time of '2025-10-14T18:17:12.2150952Z'
  ERROR: Build asset version error: assets/scripts/firebasecode/leaderboardmanager.cs in SourceAssetDB has modification time of '2025-10-14T18:17:08.308846Z' while content on disk has modification time of '2025-10-14T18:17:12.2150952Z'
Number of updated asset objects reloaded before import = 0
Number of asset objects unloaded after import = 0
========================================================================
Received Import Request.
  Time since last request: 0.008412 seconds.
  path: Assets/Scripts/FirebaseCode/LeaderboardManager.cs
  artifactKey: Guid(1a66a2345655f2b41ab45bb2c7f9cfb8) Importer(815301076,1909f56bfc062723c751e8b465ee728b)
Start importing Assets/Scripts/FirebaseCode/LeaderboardManager.cs using Guid(1a66a2345655f2b41ab45bb2c7f9cfb8) Importer(815301076,1909f56bfc062723c751e8b465ee728b)  -> (artifact id: '00000000000000000000000000000000') in 0.000561 seconds
Import Error Code:(4)
Message: Build asset version error: assets/scripts/firebasecode/leaderboardmanager.cs in SourceAssetDB has modification time of '2025-10-14T18:17:08.308846Z' while content on disk has modification time of '2025-10-14T18:17:12.2150952Z'
  ERROR: Build asset version error: assets/scripts/firebasecode/leaderboardmanager.cs in SourceAssetDB has modification time of '2025-10-14T18:17:08.308846Z' while content on disk has modification time of '2025-10-14T18:17:12.2150952Z'
Number of updated asset objects reloaded before import = 0
Number of asset objects unloaded after import = 0
========================================================================
Received Import Request.
  Time since last request: 0.008573 seconds.
  path: Assets/Scripts/FirebaseCode/LeaderboardManager.cs
  artifactKey: Guid(1a66a2345655f2b41ab45bb2c7f9cfb8) Importer(815301076,1909f56bfc062723c751e8b465ee728b)
Start importing Assets/Scripts/FirebaseCode/LeaderboardManager.cs using Guid(1a66a2345655f2b41ab45bb2c7f9cfb8) Importer(815301076,1909f56bfc062723c751e8b465ee728b)  -> (artifact id: '00000000000000000000000000000000') in 0.000770 seconds
Import Error Code:(4)
Message: Build asset version error: assets/scripts/firebasecode/leaderboardmanager.cs in SourceAssetDB has modification time of '2025-10-14T18:17:08.308846Z' while content on disk has modification time of '2025-10-14T18:17:12.2150952Z'
  ERROR: Build asset version error: assets/scripts/firebasecode/leaderboardmanager.cs in SourceAssetDB has modification time of '2025-10-14T18:17:08.308846Z' while content on disk has modification time of '2025-10-14T18:17:12.2150952Z'
Number of updated asset objects reloaded before import = 0
Number of asset objects unloaded after import = 0
========================================================================
Received Import Request.
  Time since last request: 0.008049 seconds.
  path: Assets/Scripts/FirebaseCode/LeaderboardManager.cs
  artifactKey: Guid(1a66a2345655f2b41ab45bb2c7f9cfb8) Importer(815301076,1909f56bfc062723c751e8b465ee728b)
Start importing Assets/Scripts/FirebaseCode/LeaderboardManager.cs using Guid(1a66a2345655f2b41ab45bb2c7f9cfb8) Importer(815301076,1909f56bfc062723c751e8b465ee728b)  -> (artifact id: '00000000000000000000000000000000') in 0.000630 seconds
Import Error Code:(4)
Message: Build asset version error: assets/scripts/firebasecode/leaderboardmanager.cs in SourceAssetDB has modification time of '2025-10-14T18:17:08.308846Z' while content on disk has modification time of '2025-10-14T18:17:12.2150952Z'
  ERROR: Build asset version error: assets/scripts/firebasecode/leaderboardmanager.cs in SourceAssetDB has modification time of '2025-10-14T18:17:08.308846Z' while content on disk has modification time of '2025-10-14T18:17:12.2150952Z'
Number of updated asset objects reloaded before import = 0
Number of asset objects unloaded after import = 0
========================================================================
Received Import Request.
  Time since last request: 0.008478 seconds.
  path: Assets/Scripts/FirebaseCode/LeaderboardManager.cs
  artifactKey: Guid(1a66a2345655f2b41ab45bb2c7f9cfb8) Importer(815301076,1909f56bfc062723c751e8b465ee728b)
Start importing Assets/Scripts/FirebaseCode/LeaderboardManager.cs using Guid(1a66a2345655f2b41ab45bb2c7f9cfb8) Importer(815301076,1909f56bfc062723c751e8b465ee728b)  -> (artifact id: '00000000000000000000000000000000') in 0.000737 seconds
Import Error Code:(4)
Message: Build asset version error: assets/scripts/firebasecode/leaderboardmanager.cs in SourceAssetDB has modification time of '2025-10-14T18:17:08.308846Z' while content on disk has modification time of '2025-10-14T18:17:12.2150952Z'
  ERROR: Build asset version error: assets/scripts/firebasecode/leaderboardmanager.cs in SourceAssetDB has modification time of '2025-10-14T18:17:08.308846Z' while content on disk has modification time of '2025-10-14T18:17:12.2150952Z'
Number of updated asset objects reloaded before import = 0
Number of asset objects unloaded after import = 0
========================================================================
Received Import Request.
  Time since last request: 0.008010 seconds.
  path: Assets/Scripts/FirebaseCode/LeaderboardManager.cs
  artifactKey: Guid(1a66a2345655f2b41ab45bb2c7f9cfb8) Importer(815301076,1909f56bfc062723c751e8b465ee728b)
Start importing Assets/Scripts/FirebaseCode/LeaderboardManager.cs using Guid(1a66a2345655f2b41ab45bb2c7f9cfb8) Importer(815301076,1909f56bfc062723c751e8b465ee728b)  -> (artifact id: '00000000000000000000000000000000') in 0.000563 seconds
Import Error Code:(4)
Message: Build asset version error: assets/scripts/firebasecode/leaderboardmanager.cs in SourceAssetDB has modification time of '2025-10-14T18:17:08.308846Z' while content on disk has modification time of '2025-10-14T18:17:12.2150952Z'
  ERROR: Build asset version error: assets/scripts/firebasecode/leaderboardmanager.cs in SourceAssetDB has modification time of '2025-10-14T18:17:08.308846Z' while content on disk has modification time of '2025-10-14T18:17:12.2150952Z'
Number of updated asset objects reloaded before import = 0
Number of asset objects unloaded after import = 0
========================================================================
Received Import Request.
  Time since last request: 0.009352 seconds.
  path: Assets/Scripts/FirebaseCode/LeaderboardManager.cs
  artifactKey: Guid(1a66a2345655f2b41ab45bb2c7f9cfb8) Importer(815301076,1909f56bfc062723c751e8b465ee728b)
Start importing Assets/Scripts/FirebaseCode/LeaderboardManager.cs using Guid(1a66a2345655f2b41ab45bb2c7f9cfb8) Importer(815301076,1909f56bfc062723c751e8b465ee728b)  -> (artifact id: '00000000000000000000000000000000') in 0.000512 seconds
Import Error Code:(4)
Message: Build asset version error: assets/scripts/firebasecode/leaderboardmanager.cs in SourceAssetDB has modification time of '2025-10-14T18:17:08.308846Z' while content on disk has modification time of '2025-10-14T18:17:12.2150952Z'
  ERROR: Build asset version error: assets/scripts/firebasecode/leaderboardmanager.cs in SourceAssetDB has modification time of '2025-10-14T18:17:08.308846Z' while content on disk has modification time of '2025-10-14T18:17:12.2150952Z'
Number of updated asset objects reloaded before import = 0
Number of asset objects unloaded after import = 0
========================================================================
Received Import Request.
  Time since last request: 0.009455 seconds.
  path: Assets/Scripts/FirebaseCode/LeaderboardManager.cs
  artifactKey: Guid(1a66a2345655f2b41ab45bb2c7f9cfb8) Importer(815301076,1909f56bfc062723c751e8b465ee728b)
Start importing Assets/Scripts/FirebaseCode/LeaderboardManager.cs using Guid(1a66a2345655f2b41ab45bb2c7f9cfb8) Importer(815301076,1909f56bfc062723c751e8b465ee728b)  -> (artifact id: '00000000000000000000000000000000') in 0.000500 seconds
Import Error Code:(4)
Message: Build asset version error: assets/scripts/firebasecode/leaderboardmanager.cs in SourceAssetDB has modification time of '2025-10-14T18:17:08.308846Z' while content on disk has modification time of '2025-10-14T18:17:12.2150952Z'
  ERROR: Build asset version error: assets/scripts/firebasecode/leaderboardmanager.cs in SourceAssetDB has modification time of '2025-10-14T18:17:08.308846Z' while content on disk has modification time of '2025-10-14T18:17:12.2150952Z'
Number of updated asset objects reloaded before import = 0
Number of asset objects unloaded after import = 0
========================================================================
Received Import Request.
  Time since last request: 0.008047 seconds.
  path: Assets/Scripts/FirebaseCode/LeaderboardManager.cs
  artifactKey: Guid(1a66a2345655f2b41ab45bb2c7f9cfb8) Importer(815301076,1909f56bfc062723c751e8b465ee728b)
Start importing Assets/Scripts/FirebaseCode/LeaderboardManager.cs using Guid(1a66a2345655f2b41ab45bb2c7f9cfb8) Importer(815301076,1909f56bfc062723c751e8b465ee728b)  -> (artifact id: '00000000000000000000000000000000') in 0.000778 seconds
Import Error Code:(4)
Message: Build asset version error: assets/scripts/firebasecode/leaderboardmanager.cs in SourceAssetDB has modification time of '2025-10-14T18:17:08.308846Z' while content on disk has modification time of '2025-10-14T18:17:12.2150952Z'
  ERROR: Build asset version error: assets/scripts/firebasecode/leaderboardmanager.cs in SourceAssetDB has modification time of '2025-10-14T18:17:08.308846Z' while content on disk has modification time of '2025-10-14T18:17:12.2150952Z'
Number of updated asset objects reloaded before import = 0
Number of asset objects unloaded after import = 0
========================================================================
Received Import Request.
  Time since last request: 0.009815 seconds.
  path: Assets/Scripts/FirebaseCode/LeaderboardManager.cs
  artifactKey: Guid(1a66a2345655f2b41ab45bb2c7f9cfb8) Importer(815301076,1909f56bfc062723c751e8b465ee728b)
Start importing Assets/Scripts/FirebaseCode/LeaderboardManager.cs using Guid(1a66a2345655f2b41ab45bb2c7f9cfb8) Importer(815301076,1909f56bfc062723c751e8b465ee728b)  -> (artifact id: '00000000000000000000000000000000') in 0.000539 seconds
Import Error Code:(4)
Message: Build asset version error: assets/scripts/firebasecode/leaderboardmanager.cs in SourceAssetDB has modification time of '2025-10-14T18:17:08.308846Z' while content on disk has modification time of '2025-10-14T18:17:12.2150952Z'
  ERROR: Build asset version error: assets/scripts/firebasecode/leaderboardmanager.cs in SourceAssetDB has modification time of '2025-10-14T18:17:08.308846Z' while content on disk has modification time of '2025-10-14T18:17:12.2150952Z'
Number of updated asset objects reloaded before import = 0
Number of asset objects unloaded after import = 0
========================================================================
Received Import Request.
  Time since last request: 0.008709 seconds.
  path: Assets/Scripts/FirebaseCode/LeaderboardManager.cs
  artifactKey: Guid(1a66a2345655f2b41ab45bb2c7f9cfb8) Importer(815301076,1909f56bfc062723c751e8b465ee728b)
Start importing Assets/Scripts/FirebaseCode/LeaderboardManager.cs using Guid(1a66a2345655f2b41ab45bb2c7f9cfb8) Importer(815301076,1909f56bfc062723c751e8b465ee728b)  -> (artifact id: '00000000000000000000000000000000') in 0.000730 seconds
Import Error Code:(4)
Message: Build asset version error: assets/scripts/firebasecode/leaderboardmanager.cs in SourceAssetDB has modification time of '2025-10-14T18:17:08.308846Z' while content on disk has modification time of '2025-10-14T18:17:12.2150952Z'
  ERROR: Build asset version error: assets/scripts/firebasecode/leaderboardmanager.cs in SourceAssetDB has modification time of '2025-10-14T18:17:08.308846Z' while content on disk has modification time of '2025-10-14T18:17:12.2150952Z'
Number of updated asset objects reloaded before import = 0
Number of asset objects unloaded after import = 0
========================================================================
Received Import Request.
  Time since last request: 0.009774 seconds.
  path: Assets/Scripts/FirebaseCode/LeaderboardManager.cs
  artifactKey: Guid(1a66a2345655f2b41ab45bb2c7f9cfb8) Importer(815301076,1909f56bfc062723c751e8b465ee728b)
Start importing Assets/Scripts/FirebaseCode/LeaderboardManager.cs using Guid(1a66a2345655f2b41ab45bb2c7f9cfb8) Importer(815301076,1909f56bfc062723c751e8b465ee728b)  -> (artifact id: '00000000000000000000000000000000') in 0.000507 seconds
Import Error Code:(4)
Message: Build asset version error: assets/scripts/firebasecode/leaderboardmanager.cs in SourceAssetDB has modification time of '2025-10-14T18:17:08.308846Z' while content on disk has modification time of '2025-10-14T18:17:12.2150952Z'
  ERROR: Build asset version error: assets/scripts/firebasecode/leaderboardmanager.cs in SourceAssetDB has modification time of '2025-10-14T18:17:08.308846Z' while content on disk has modification time of '2025-10-14T18:17:12.2150952Z'
Number of updated asset objects reloaded before import = 0
Number of asset objects unloaded after import = 0
========================================================================
Received Import Request.
  Time since last request: 0.009082 seconds.
  path: Assets/Scripts/FirebaseCode/LeaderboardManager.cs
  artifactKey: Guid(1a66a2345655f2b41ab45bb2c7f9cfb8) Importer(815301076,1909f56bfc062723c751e8b465ee728b)
Start importing Assets/Scripts/FirebaseCode/LeaderboardManager.cs using Guid(1a66a2345655f2b41ab45bb2c7f9cfb8) Importer(815301076,1909f56bfc062723c751e8b465ee728b)  -> (artifact id: '00000000000000000000000000000000') in 0.000482 seconds
Import Error Code:(4)
Message: Build asset version error: assets/scripts/firebasecode/leaderboardmanager.cs in SourceAssetDB has modification time of '2025-10-14T18:17:08.308846Z' while content on disk has modification time of '2025-10-14T18:17:12.2150952Z'
  ERROR: Build asset version error: assets/scripts/firebasecode/leaderboardmanager.cs in SourceAssetDB has modification time of '2025-10-14T18:17:08.308846Z' while content on disk has modification time of '2025-10-14T18:17:12.2150952Z'
Number of updated asset objects reloaded before import = 0
Number of asset objects unloaded after import = 0
========================================================================
Received Import Request.
  Time since last request: 0.008042 seconds.
  path: Assets/Scripts/FirebaseCode/LeaderboardManager.cs
  artifactKey: Guid(1a66a2345655f2b41ab45bb2c7f9cfb8) Importer(815301076,1909f56bfc062723c751e8b465ee728b)
Start importing Assets/Scripts/FirebaseCode/LeaderboardManager.cs using Guid(1a66a2345655f2b41ab45bb2c7f9cfb8) Importer(815301076,1909f56bfc062723c751e8b465ee728b)  -> (artifact id: '00000000000000000000000000000000') in 0.000643 seconds
Import Error Code:(4)
Message: Build asset version error: assets/scripts/firebasecode/leaderboardmanager.cs in SourceAssetDB has modification time of '2025-10-14T18:17:08.308846Z' while content on disk has modification time of '2025-10-14T18:17:12.2150952Z'
  ERROR: Build asset version error: assets/scripts/firebasecode/leaderboardmanager.cs in SourceAssetDB has modification time of '2025-10-14T18:17:08.308846Z' while content on disk has modification time of '2025-10-14T18:17:12.2150952Z'
Number of updated asset objects reloaded before import = 0
Number of asset objects unloaded after import = 0
========================================================================
Received Import Request.
  Time since last request: 0.008546 seconds.
  path: Assets/Scripts/FirebaseCode/LeaderboardManager.cs
  artifactKey: Guid(1a66a2345655f2b41ab45bb2c7f9cfb8) Importer(815301076,1909f56bfc062723c751e8b465ee728b)
Start importing Assets/Scripts/FirebaseCode/LeaderboardManager.cs using Guid(1a66a2345655f2b41ab45bb2c7f9cfb8) Importer(815301076,1909f56bfc062723c751e8b465ee728b)  -> (artifact id: '00000000000000000000000000000000') in 0.000589 seconds
Import Error Code:(4)
Message: Build asset version error: assets/scripts/firebasecode/leaderboardmanager.cs in SourceAssetDB has modification time of '2025-10-14T18:17:08.308846Z' while content on disk has modification time of '2025-10-14T18:17:12.2150952Z'
  ERROR: Build asset version error: assets/scripts/firebasecode/leaderboardmanager.cs in SourceAssetDB has modification time of '2025-10-14T18:17:08.308846Z' while content on disk has modification time of '2025-10-14T18:17:12.2150952Z'
Number of updated asset objects reloaded before import = 0
Number of asset objects unloaded after import = 0
========================================================================
Received Import Request.
  Time since last request: 0.009507 seconds.
  path: Assets/Scripts/FirebaseCode/LeaderboardManager.cs
  artifactKey: Guid(1a66a2345655f2b41ab45bb2c7f9cfb8) Importer(815301076,1909f56bfc062723c751e8b465ee728b)
Start importing Assets/Scripts/FirebaseCode/LeaderboardManager.cs using Guid(1a66a2345655f2b41ab45bb2c7f9cfb8) Importer(815301076,1909f56bfc062723c751e8b465ee728b)  -> (artifact id: '00000000000000000000000000000000') in 0.000730 seconds
Import Error Code:(4)
Message: Build asset version error: assets/scripts/firebasecode/leaderboardmanager.cs in SourceAssetDB has modification time of '2025-10-14T18:17:08.308846Z' while content on disk has modification time of '2025-10-14T18:17:12.2150952Z'
  ERROR: Build asset version error: assets/scripts/firebasecode/leaderboardmanager.cs in SourceAssetDB has modification time of '2025-10-14T18:17:08.308846Z' while content on disk has modification time of '2025-10-14T18:17:12.2150952Z'
Number of updated asset objects reloaded before import = 0
Number of asset objects unloaded after import = 0
========================================================================
Received Import Request.
  Time since last request: 0.007782 seconds.
  path: Assets/Scripts/FirebaseCode/LeaderboardManager.cs
  artifactKey: Guid(1a66a2345655f2b41ab45bb2c7f9cfb8) Importer(815301076,1909f56bfc062723c751e8b465ee728b)
Start importing Assets/Scripts/FirebaseCode/LeaderboardManager.cs using Guid(1a66a2345655f2b41ab45bb2c7f9cfb8) Importer(815301076,1909f56bfc062723c751e8b465ee728b)  -> (artifact id: '00000000000000000000000000000000') in 0.000728 seconds
Import Error Code:(4)
Message: Build asset version error: assets/scripts/firebasecode/leaderboardmanager.cs in SourceAssetDB has modification time of '2025-10-14T18:17:08.308846Z' while content on disk has modification time of '2025-10-14T18:17:12.2150952Z'
  ERROR: Build asset version error: assets/scripts/firebasecode/leaderboardmanager.cs in SourceAssetDB has modification time of '2025-10-14T18:17:08.308846Z' while content on disk has modification time of '2025-10-14T18:17:12.2150952Z'
Number of updated asset objects reloaded before import = 0
Number of asset objects unloaded after import = 0
========================================================================
Received Import Request.
  Time since last request: 0.008727 seconds.
  path: Assets/Scripts/FirebaseCode/LeaderboardManager.cs
  artifactKey: Guid(1a66a2345655f2b41ab45bb2c7f9cfb8) Importer(815301076,1909f56bfc062723c751e8b465ee728b)
Start importing Assets/Scripts/FirebaseCode/LeaderboardManager.cs using Guid(1a66a2345655f2b41ab45bb2c7f9cfb8) Importer(815301076,1909f56bfc062723c751e8b465ee728b)  -> (artifact id: '00000000000000000000000000000000') in 0.000494 seconds
Import Error Code:(4)
Message: Build asset version error: assets/scripts/firebasecode/leaderboardmanager.cs in SourceAssetDB has modification time of '2025-10-14T18:17:08.308846Z' while content on disk has modification time of '2025-10-14T18:17:12.2150952Z'
  ERROR: Build asset version error: assets/scripts/firebasecode/leaderboardmanager.cs in SourceAssetDB has modification time of '2025-10-14T18:17:08.308846Z' while content on disk has modification time of '2025-10-14T18:17:12.2150952Z'
Number of updated asset objects reloaded before import = 0
Number of asset objects unloaded after import = 0
========================================================================
Received Import Request.
  Time since last request: 0.008966 seconds.
  path: Assets/Scripts/FirebaseCode/LeaderboardManager.cs
  artifactKey: Guid(1a66a2345655f2b41ab45bb2c7f9cfb8) Importer(815301076,1909f56bfc062723c751e8b465ee728b)
Start importing Assets/Scripts/FirebaseCode/LeaderboardManager.cs using Guid(1a66a2345655f2b41ab45bb2c7f9cfb8) Importer(815301076,1909f56bfc062723c751e8b465ee728b)  -> (artifact id: '00000000000000000000000000000000') in 0.000677 seconds
Import Error Code:(4)
Message: Build asset version error: assets/scripts/firebasecode/leaderboardmanager.cs in SourceAssetDB has modification time of '2025-10-14T18:17:08.308846Z' while content on disk has modification time of '2025-10-14T18:17:12.2150952Z'
  ERROR: Build asset version error: assets/scripts/firebasecode/leaderboardmanager.cs in SourceAssetDB has modification time of '2025-10-14T18:17:08.308846Z' while content on disk has modification time of '2025-10-14T18:17:12.2150952Z'
Number of updated asset objects reloaded before import = 0
Number of asset objects unloaded after import = 0
========================================================================
Received Import Request.
  Time since last request: 0.008742 seconds.
  path: Assets/Scripts/FirebaseCode/LeaderboardManager.cs
  artifactKey: Guid(1a66a2345655f2b41ab45bb2c7f9cfb8) Importer(815301076,1909f56bfc062723c751e8b465ee728b)
Start importing Assets/Scripts/FirebaseCode/LeaderboardManager.cs using Guid(1a66a2345655f2b41ab45bb2c7f9cfb8) Importer(815301076,1909f56bfc062723c751e8b465ee728b)  -> (artifact id: '00000000000000000000000000000000') in 0.000594 seconds
Import Error Code:(4)
Message: Build asset version error: assets/scripts/firebasecode/leaderboardmanager.cs in SourceAssetDB has modification time of '2025-10-14T18:17:08.308846Z' while content on disk has modification time of '2025-10-14T18:17:12.2150952Z'
  ERROR: Build asset version error: assets/scripts/firebasecode/leaderboardmanager.cs in SourceAssetDB has modification time of '2025-10-14T18:17:08.308846Z' while content on disk has modification time of '2025-10-14T18:17:12.2150952Z'
Number of updated asset objects reloaded before import = 0
Number of asset objects unloaded after import = 0
========================================================================
Received Import Request.
  Time since last request: 0.008386 seconds.
  path: Assets/Scripts/FirebaseCode/LeaderboardManager.cs
  artifactKey: Guid(1a66a2345655f2b41ab45bb2c7f9cfb8) Importer(815301076,1909f56bfc062723c751e8b465ee728b)
Start importing Assets/Scripts/FirebaseCode/LeaderboardManager.cs using Guid(1a66a2345655f2b41ab45bb2c7f9cfb8) Importer(815301076,1909f56bfc062723c751e8b465ee728b)  -> (artifact id: '00000000000000000000000000000000') in 0.000606 seconds
Import Error Code:(4)
Message: Build asset version error: assets/scripts/firebasecode/leaderboardmanager.cs in SourceAssetDB has modification time of '2025-10-14T18:17:08.308846Z' while content on disk has modification time of '2025-10-14T18:17:12.2150952Z'
  ERROR: Build asset version error: assets/scripts/firebasecode/leaderboardmanager.cs in SourceAssetDB has modification time of '2025-10-14T18:17:08.308846Z' while content on disk has modification time of '2025-10-14T18:17:12.2150952Z'
Number of updated asset objects reloaded before import = 0
Number of asset objects unloaded after import = 0
========================================================================
Received Import Request.
  Time since last request: 0.008328 seconds.
  path: Assets/Scripts/FirebaseCode/LeaderboardManager.cs
  artifactKey: Guid(1a66a2345655f2b41ab45bb2c7f9cfb8) Importer(815301076,1909f56bfc062723c751e8b465ee728b)
Start importing Assets/Scripts/FirebaseCode/LeaderboardManager.cs using Guid(1a66a2345655f2b41ab45bb2c7f9cfb8) Importer(815301076,1909f56bfc062723c751e8b465ee728b)  -> (artifact id: '00000000000000000000000000000000') in 0.000593 seconds
Import Error Code:(4)
Message: Build asset version error: assets/scripts/firebasecode/leaderboardmanager.cs in SourceAssetDB has modification time of '2025-10-14T18:17:08.308846Z' while content on disk has modification time of '2025-10-14T18:17:12.2150952Z'
  ERROR: Build asset version error: assets/scripts/firebasecode/leaderboardmanager.cs in SourceAssetDB has modification time of '2025-10-14T18:17:08.308846Z' while content on disk has modification time of '2025-10-14T18:17:12.2150952Z'
Number of updated asset objects reloaded before import = 0
Number of asset objects unloaded after import = 0
========================================================================
Received Import Request.
  Time since last request: 0.007910 seconds.
  path: Assets/Scripts/FirebaseCode/LeaderboardManager.cs
  artifactKey: Guid(1a66a2345655f2b41ab45bb2c7f9cfb8) Importer(815301076,1909f56bfc062723c751e8b465ee728b)
Start importing Assets/Scripts/FirebaseCode/LeaderboardManager.cs using Guid(1a66a2345655f2b41ab45bb2c7f9cfb8) Importer(815301076,1909f56bfc062723c751e8b465ee728b)  -> (artifact id: '00000000000000000000000000000000') in 0.000687 seconds
Import Error Code:(4)
Message: Build asset version error: assets/scripts/firebasecode/leaderboardmanager.cs in SourceAssetDB has modification time of '2025-10-14T18:17:08.308846Z' while content on disk has modification time of '2025-10-14T18:17:12.2150952Z'
  ERROR: Build asset version error: assets/scripts/firebasecode/leaderboardmanager.cs in SourceAssetDB has modification time of '2025-10-14T18:17:08.308846Z' while content on disk has modification time of '2025-10-14T18:17:12.2150952Z'
Number of updated asset objects reloaded before import = 0
Number of asset objects unloaded after import = 0
========================================================================
Received Import Request.
  Time since last request: 0.008414 seconds.
  path: Assets/Scripts/FirebaseCode/LeaderboardManager.cs
  artifactKey: Guid(1a66a2345655f2b41ab45bb2c7f9cfb8) Importer(815301076,1909f56bfc062723c751e8b465ee728b)
Start importing Assets/Scripts/FirebaseCode/LeaderboardManager.cs using Guid(1a66a2345655f2b41ab45bb2c7f9cfb8) Importer(815301076,1909f56bfc062723c751e8b465ee728b)  -> (artifact id: '00000000000000000000000000000000') in 0.000483 seconds
Import Error Code:(4)
Message: Build asset version error: assets/scripts/firebasecode/leaderboardmanager.cs in SourceAssetDB has modification time of '2025-10-14T18:17:08.308846Z' while content on disk has modification time of '2025-10-14T18:17:12.2150952Z'
  ERROR: Build asset version error: assets/scripts/firebasecode/leaderboardmanager.cs in SourceAssetDB has modification time of '2025-10-14T18:17:08.308846Z' while content on disk has modification time of '2025-10-14T18:17:12.2150952Z'
Number of updated asset objects reloaded before import = 0
Number of asset objects unloaded after import = 0
========================================================================
Received Import Request.
  Time since last request: 0.009018 seconds.
  path: Assets/Scripts/FirebaseCode/LeaderboardManager.cs
  artifactKey: Guid(1a66a2345655f2b41ab45bb2c7f9cfb8) Importer(815301076,1909f56bfc062723c751e8b465ee728b)
Start importing Assets/Scripts/FirebaseCode/LeaderboardManager.cs using Guid(1a66a2345655f2b41ab45bb2c7f9cfb8) Importer(815301076,1909f56bfc062723c751e8b465ee728b)  -> (artifact id: '00000000000000000000000000000000') in 0.000543 seconds
Import Error Code:(4)
Message: Build asset version error: assets/scripts/firebasecode/leaderboardmanager.cs in SourceAssetDB has modification time of '2025-10-14T18:17:08.308846Z' while content on disk has modification time of '2025-10-14T18:17:12.2150952Z'
  ERROR: Build asset version error: assets/scripts/firebasecode/leaderboardmanager.cs in SourceAssetDB has modification time of '2025-10-14T18:17:08.308846Z' while content on disk has modification time of '2025-10-14T18:17:12.2150952Z'
Number of updated asset objects reloaded before import = 0
Number of asset objects unloaded after import = 0
========================================================================
Received Import Request.
  Time since last request: 0.008295 seconds.
  path: Assets/Scripts/FirebaseCode/LeaderboardManager.cs
  artifactKey: Guid(1a66a2345655f2b41ab45bb2c7f9cfb8) Importer(815301076,1909f56bfc062723c751e8b465ee728b)
Start importing Assets/Scripts/FirebaseCode/LeaderboardManager.cs using Guid(1a66a2345655f2b41ab45bb2c7f9cfb8) Importer(815301076,1909f56bfc062723c751e8b465ee728b)  -> (artifact id: '00000000000000000000000000000000') in 0.000939 seconds
Import Error Code:(4)
Message: Build asset version error: assets/scripts/firebasecode/leaderboardmanager.cs in SourceAssetDB has modification time of '2025-10-14T18:17:08.308846Z' while content on disk has modification time of '2025-10-14T18:17:12.2150952Z'
  ERROR: Build asset version error: assets/scripts/firebasecode/leaderboardmanager.cs in SourceAssetDB has modification time of '2025-10-14T18:17:08.308846Z' while content on disk has modification time of '2025-10-14T18:17:12.2150952Z'
Number of updated asset objects reloaded before import = 0
Number of asset objects unloaded after import = 0
========================================================================
Received Import Request.
  Time since last request: 0.007448 seconds.
  path: Assets/Scripts/FirebaseCode/LeaderboardManager.cs
  artifactKey: Guid(1a66a2345655f2b41ab45bb2c7f9cfb8) Importer(815301076,1909f56bfc062723c751e8b465ee728b)
Start importing Assets/Scripts/FirebaseCode/LeaderboardManager.cs using Guid(1a66a2345655f2b41ab45bb2c7f9cfb8) Importer(815301076,1909f56bfc062723c751e8b465ee728b)  -> (artifact id: '00000000000000000000000000000000') in 0.000724 seconds
Import Error Code:(4)
Message: Build asset version error: assets/scripts/firebasecode/leaderboardmanager.cs in SourceAssetDB has modification time of '2025-10-14T18:17:08.308846Z' while content on disk has modification time of '2025-10-14T18:17:12.2150952Z'
  ERROR: Build asset version error: assets/scripts/firebasecode/leaderboardmanager.cs in SourceAssetDB has modification time of '2025-10-14T18:17:08.308846Z' while content on disk has modification time of '2025-10-14T18:17:12.2150952Z'
Number of updated asset objects reloaded before import = 0
Number of asset objects unloaded after import = 0
========================================================================
Received Import Request.
  Time since last request: 0.008354 seconds.
  path: Assets/Scripts/FirebaseCode/LeaderboardManager.cs
  artifactKey: Guid(1a66a2345655f2b41ab45bb2c7f9cfb8) Importer(815301076,1909f56bfc062723c751e8b465ee728b)
Start importing Assets/Scripts/FirebaseCode/LeaderboardManager.cs using Guid(1a66a2345655f2b41ab45bb2c7f9cfb8) Importer(815301076,1909f56bfc062723c751e8b465ee728b)  -> (artifact id: '00000000000000000000000000000000') in 0.001061 seconds
Import Error Code:(4)
Message: Build asset version error: assets/scripts/firebasecode/leaderboardmanager.cs in SourceAssetDB has modification time of '2025-10-14T18:17:08.308846Z' while content on disk has modification time of '2025-10-14T18:17:12.2150952Z'
  ERROR: Build asset version error: assets/scripts/firebasecode/leaderboardmanager.cs in SourceAssetDB has modification time of '2025-10-14T18:17:08.308846Z' while content on disk has modification time of '2025-10-14T18:17:12.2150952Z'
Number of updated asset objects reloaded before import = 0
Number of asset objects unloaded after import = 0
========================================================================
Received Import Request.
  Time since last request: 0.008084 seconds.
  path: Assets/Scripts/FirebaseCode/LeaderboardManager.cs
  artifactKey: Guid(1a66a2345655f2b41ab45bb2c7f9cfb8) Importer(815301076,1909f56bfc062723c751e8b465ee728b)
Start importing Assets/Scripts/FirebaseCode/LeaderboardManager.cs using Guid(1a66a2345655f2b41ab45bb2c7f9cfb8) Importer(815301076,1909f56bfc062723c751e8b465ee728b)  -> (artifact id: '00000000000000000000000000000000') in 0.000494 seconds
Import Error Code:(4)
Message: Build asset version error: assets/scripts/firebasecode/leaderboardmanager.cs in SourceAssetDB has modification time of '2025-10-14T18:17:08.308846Z' while content on disk has modification time of '2025-10-14T18:17:12.2150952Z'
  ERROR: Build asset version error: assets/scripts/firebasecode/leaderboardmanager.cs in SourceAssetDB has modification time of '2025-10-14T18:17:08.308846Z' while content on disk has modification time of '2025-10-14T18:17:12.2150952Z'
Number of updated asset objects reloaded before import = 0
Number of asset objects unloaded after import = 0
========================================================================
Received Import Request.
  Time since last request: 0.009795 seconds.
  path: Assets/Scripts/FirebaseCode/LeaderboardManager.cs
  artifactKey: Guid(1a66a2345655f2b41ab45bb2c7f9cfb8) Importer(815301076,1909f56bfc062723c751e8b465ee728b)
Start importing Assets/Scripts/FirebaseCode/LeaderboardManager.cs using Guid(1a66a2345655f2b41ab45bb2c7f9cfb8) Importer(815301076,1909f56bfc062723c751e8b465ee728b)  -> (artifact id: '00000000000000000000000000000000') in 0.000487 seconds
Import Error Code:(4)
Message: Build asset version error: assets/scripts/firebasecode/leaderboardmanager.cs in SourceAssetDB has modification time of '2025-10-14T18:17:08.308846Z' while content on disk has modification time of '2025-10-14T18:17:12.2150952Z'
  ERROR: Build asset version error: assets/scripts/firebasecode/leaderboardmanager.cs in SourceAssetDB has modification time of '2025-10-14T18:17:08.308846Z' while content on disk has modification time of '2025-10-14T18:17:12.2150952Z'
Number of updated asset objects reloaded before import = 0
Number of asset objects unloaded after import = 0
========================================================================
Received Import Request.
  Time since last request: 0.008705 seconds.
  path: Assets/Scripts/FirebaseCode/LeaderboardManager.cs
  artifactKey: Guid(1a66a2345655f2b41ab45bb2c7f9cfb8) Importer(815301076,1909f56bfc062723c751e8b465ee728b)
Start importing Assets/Scripts/FirebaseCode/LeaderboardManager.cs using Guid(1a66a2345655f2b41ab45bb2c7f9cfb8) Importer(815301076,1909f56bfc062723c751e8b465ee728b)  -> (artifact id: '00000000000000000000000000000000') in 0.000526 seconds
Import Error Code:(4)
Message: Build asset version error: assets/scripts/firebasecode/leaderboardmanager.cs in SourceAssetDB has modification time of '2025-10-14T18:17:08.308846Z' while content on disk has modification time of '2025-10-14T18:17:12.2150952Z'
  ERROR: Build asset version error: assets/scripts/firebasecode/leaderboardmanager.cs in SourceAssetDB has modification time of '2025-10-14T18:17:08.308846Z' while content on disk has modification time of '2025-10-14T18:17:12.2150952Z'
Number of updated asset objects reloaded before import = 0
Number of asset objects unloaded after import = 0
========================================================================
Received Import Request.
  Time since last request: 0.009048 seconds.
  path: Assets/Scripts/FirebaseCode/LeaderboardManager.cs
  artifactKey: Guid(1a66a2345655f2b41ab45bb2c7f9cfb8) Importer(815301076,1909f56bfc062723c751e8b465ee728b)
Start importing Assets/Scripts/FirebaseCode/LeaderboardManager.cs using Guid(1a66a2345655f2b41ab45bb2c7f9cfb8) Importer(815301076,1909f56bfc062723c751e8b465ee728b)  -> (artifact id: '00000000000000000000000000000000') in 0.000551 seconds
Import Error Code:(4)
Message: Build asset version error: assets/scripts/firebasecode/leaderboardmanager.cs in SourceAssetDB has modification time of '2025-10-14T18:17:08.308846Z' while content on disk has modification time of '2025-10-14T18:17:12.2150952Z'
  ERROR: Build asset version error: assets/scripts/firebasecode/leaderboardmanager.cs in SourceAssetDB has modification time of '2025-10-14T18:17:08.308846Z' while content on disk has modification time of '2025-10-14T18:17:12.2150952Z'
Number of updated asset objects reloaded before import = 0
Number of asset objects unloaded after import = 0
========================================================================
Received Import Request.
  Time since last request: 0.008337 seconds.
  path: Assets/Scripts/FirebaseCode/LeaderboardManager.cs
  artifactKey: Guid(1a66a2345655f2b41ab45bb2c7f9cfb8) Importer(815301076,1909f56bfc062723c751e8b465ee728b)
Start importing Assets/Scripts/FirebaseCode/LeaderboardManager.cs using Guid(1a66a2345655f2b41ab45bb2c7f9cfb8) Importer(815301076,1909f56bfc062723c751e8b465ee728b)  -> (artifact id: '00000000000000000000000000000000') in 0.000880 seconds
Import Error Code:(4)
Message: Build asset version error: assets/scripts/firebasecode/leaderboardmanager.cs in SourceAssetDB has modification time of '2025-10-14T18:17:08.308846Z' while content on disk has modification time of '2025-10-14T18:17:12.2150952Z'
  ERROR: Build asset version error: assets/scripts/firebasecode/leaderboardmanager.cs in SourceAssetDB has modification time of '2025-10-14T18:17:08.308846Z' while content on disk has modification time of '2025-10-14T18:17:12.2150952Z'
Number of updated asset objects reloaded before import = 0
Number of asset objects unloaded after import = 0
========================================================================
Received Import Request.
  Time since last request: 0.007779 seconds.
  path: Assets/Scripts/FirebaseCode/LeaderboardManager.cs
  artifactKey: Guid(1a66a2345655f2b41ab45bb2c7f9cfb8) Importer(815301076,1909f56bfc062723c751e8b465ee728b)
Start importing Assets/Scripts/FirebaseCode/LeaderboardManager.cs using Guid(1a66a2345655f2b41ab45bb2c7f9cfb8) Importer(815301076,1909f56bfc062723c751e8b465ee728b)  -> (artifact id: '00000000000000000000000000000000') in 0.000605 seconds
Import Error Code:(4)
Message: Build asset version error: assets/scripts/firebasecode/leaderboardmanager.cs in SourceAssetDB has modification time of '2025-10-14T18:17:08.308846Z' while content on disk has modification time of '2025-10-14T18:17:12.2150952Z'
  ERROR: Build asset version error: assets/scripts/firebasecode/leaderboardmanager.cs in SourceAssetDB has modification time of '2025-10-14T18:17:08.308846Z' while content on disk has modification time of '2025-10-14T18:17:12.2150952Z'
Number of updated asset objects reloaded before import = 0
Number of asset objects unloaded after import = 0
========================================================================
Received Import Request.
  Time since last request: 0.009330 seconds.
  path: Assets/Scripts/FirebaseCode/LeaderboardManager.cs
  artifactKey: Guid(1a66a2345655f2b41ab45bb2c7f9cfb8) Importer(815301076,1909f56bfc062723c751e8b465ee728b)
Start importing Assets/Scripts/FirebaseCode/LeaderboardManager.cs using Guid(1a66a2345655f2b41ab45bb2c7f9cfb8) Importer(815301076,1909f56bfc062723c751e8b465ee728b)  -> (artifact id: '00000000000000000000000000000000') in 0.000506 seconds
Import Error Code:(4)
Message: Build asset version error: assets/scripts/firebasecode/leaderboardmanager.cs in SourceAssetDB has modification time of '2025-10-14T18:17:08.308846Z' while content on disk has modification time of '2025-10-14T18:17:12.2150952Z'
  ERROR: Build asset version error: assets/scripts/firebasecode/leaderboardmanager.cs in SourceAssetDB has modification time of '2025-10-14T18:17:08.308846Z' while content on disk has modification time of '2025-10-14T18:17:12.2150952Z'
Number of updated asset objects reloaded before import = 0
Number of asset objects unloaded after import = 0
========================================================================
Received Import Request.
  Time since last request: 0.008394 seconds.
  path: Assets/Scripts/FirebaseCode/LeaderboardManager.cs
  artifactKey: Guid(1a66a2345655f2b41ab45bb2c7f9cfb8) Importer(815301076,1909f56bfc062723c751e8b465ee728b)
Start importing Assets/Scripts/FirebaseCode/LeaderboardManager.cs using Guid(1a66a2345655f2b41ab45bb2c7f9cfb8) Importer(815301076,1909f56bfc062723c751e8b465ee728b)  -> (artifact id: '00000000000000000000000000000000') in 0.000519 seconds
Import Error Code:(4)
Message: Build asset version error: assets/scripts/firebasecode/leaderboardmanager.cs in SourceAssetDB has modification time of '2025-10-14T18:17:08.308846Z' while content on disk has modification time of '2025-10-14T18:17:12.2150952Z'
  ERROR: Build asset version error: assets/scripts/firebasecode/leaderboardmanager.cs in SourceAssetDB has modification time of '2025-10-14T18:17:08.308846Z' while content on disk has modification time of '2025-10-14T18:17:12.2150952Z'
Number of updated asset objects reloaded before import = 0
Number of asset objects unloaded after import = 0
========================================================================
Received Import Request.
  Time since last request: 0.009607 seconds.
  path: Assets/Scripts/FirebaseCode/LeaderboardManager.cs
  artifactKey: Guid(1a66a2345655f2b41ab45bb2c7f9cfb8) Importer(815301076,1909f56bfc062723c751e8b465ee728b)
Start importing Assets/Scripts/FirebaseCode/LeaderboardManager.cs using Guid(1a66a2345655f2b41ab45bb2c7f9cfb8) Importer(815301076,1909f56bfc062723c751e8b465ee728b)  -> (artifact id: '00000000000000000000000000000000') in 0.000493 seconds
Import Error Code:(4)
Message: Build asset version error: assets/scripts/firebasecode/leaderboardmanager.cs in SourceAssetDB has modification time of '2025-10-14T18:17:08.308846Z' while content on disk has modification time of '2025-10-14T18:17:12.2150952Z'
  ERROR: Build asset version error: assets/scripts/firebasecode/leaderboardmanager.cs in SourceAssetDB has modification time of '2025-10-14T18:17:08.308846Z' while content on disk has modification time of '2025-10-14T18:17:12.2150952Z'
Number of updated asset objects reloaded before import = 0
Number of asset objects unloaded after import = 0
========================================================================
Received Import Request.
  Time since last request: 0.008989 seconds.
  path: Assets/Scripts/FirebaseCode/LeaderboardManager.cs
  artifactKey: Guid(1a66a2345655f2b41ab45bb2c7f9cfb8) Importer(815301076,1909f56bfc062723c751e8b465ee728b)
Start importing Assets/Scripts/FirebaseCode/LeaderboardManager.cs using Guid(1a66a2345655f2b41ab45bb2c7f9cfb8) Importer(815301076,1909f56bfc062723c751e8b465ee728b)  -> (artifact id: '00000000000000000000000000000000') in 0.000495 seconds
Import Error Code:(4)
Message: Build asset version error: assets/scripts/firebasecode/leaderboardmanager.cs in SourceAssetDB has modification time of '2025-10-14T18:17:08.308846Z' while content on disk has modification time of '2025-10-14T18:17:12.2150952Z'
  ERROR: Build asset version error: assets/scripts/firebasecode/leaderboardmanager.cs in SourceAssetDB has modification time of '2025-10-14T18:17:08.308846Z' while content on disk has modification time of '2025-10-14T18:17:12.2150952Z'
Number of updated asset objects reloaded before import = 0
Number of asset objects unloaded after import = 0
========================================================================
Received Import Request.
  Time since last request: 0.007529 seconds.
  path: Assets/Scripts/FirebaseCode/LeaderboardManager.cs
  artifactKey: Guid(1a66a2345655f2b41ab45bb2c7f9cfb8) Importer(815301076,1909f56bfc062723c751e8b465ee728b)
Start importing Assets/Scripts/FirebaseCode/LeaderboardManager.cs using Guid(1a66a2345655f2b41ab45bb2c7f9cfb8) Importer(815301076,1909f56bfc062723c751e8b465ee728b)  -> (artifact id: '00000000000000000000000000000000') in 0.000796 seconds
Import Error Code:(4)
Message: Build asset version error: assets/scripts/firebasecode/leaderboardmanager.cs in SourceAssetDB has modification time of '2025-10-14T18:17:08.308846Z' while content on disk has modification time of '2025-10-14T18:17:12.2150952Z'
  ERROR: Build asset version error: assets/scripts/firebasecode/leaderboardmanager.cs in SourceAssetDB has modification time of '2025-10-14T18:17:08.308846Z' while content on disk has modification time of '2025-10-14T18:17:12.2150952Z'
Number of updated asset objects reloaded before import = 0
Number of asset objects unloaded after import = 0
========================================================================
Received Import Request.
  Time since last request: 0.009010 seconds.
  path: Assets/Scripts/FirebaseCode/LeaderboardManager.cs
  artifactKey: Guid(1a66a2345655f2b41ab45bb2c7f9cfb8) Importer(815301076,1909f56bfc062723c751e8b465ee728b)
Start importing Assets/Scripts/FirebaseCode/LeaderboardManager.cs using Guid(1a66a2345655f2b41ab45bb2c7f9cfb8) Importer(815301076,1909f56bfc062723c751e8b465ee728b)  -> (artifact id: '00000000000000000000000000000000') in 0.000770 seconds
Import Error Code:(4)
Message: Build asset version error: assets/scripts/firebasecode/leaderboardmanager.cs in SourceAssetDB has modification time of '2025-10-14T18:17:08.308846Z' while content on disk has modification time of '2025-10-14T18:17:12.2150952Z'
  ERROR: Build asset version error: assets/scripts/firebasecode/leaderboardmanager.cs in SourceAssetDB has modification time of '2025-10-14T18:17:08.308846Z' while content on disk has modification time of '2025-10-14T18:17:12.2150952Z'
Number of updated asset objects reloaded before import = 0
Number of asset objects unloaded after import = 0
========================================================================
Received Import Request.
  Time since last request: 0.008356 seconds.
  path: Assets/Scripts/FirebaseCode/LeaderboardManager.cs
  artifactKey: Guid(1a66a2345655f2b41ab45bb2c7f9cfb8) Importer(815301076,1909f56bfc062723c751e8b465ee728b)
Start importing Assets/Scripts/FirebaseCode/LeaderboardManager.cs using Guid(1a66a2345655f2b41ab45bb2c7f9cfb8) Importer(815301076,1909f56bfc062723c751e8b465ee728b)  -> (artifact id: '00000000000000000000000000000000') in 0.000687 seconds
Import Error Code:(4)
Message: Build asset version error: assets/scripts/firebasecode/leaderboardmanager.cs in SourceAssetDB has modification time of '2025-10-14T18:17:08.308846Z' while content on disk has modification time of '2025-10-14T18:17:12.2150952Z'
  ERROR: Build asset version error: assets/scripts/firebasecode/leaderboardmanager.cs in SourceAssetDB has modification time of '2025-10-14T18:17:08.308846Z' while content on disk has modification time of '2025-10-14T18:17:12.2150952Z'
Number of updated asset objects reloaded before import = 0
Number of asset objects unloaded after import = 0
========================================================================
Received Import Request.
  Time since last request: 0.008657 seconds.
  path: Assets/Scripts/FirebaseCode/LeaderboardManager.cs
  artifactKey: Guid(1a66a2345655f2b41ab45bb2c7f9cfb8) Importer(815301076,1909f56bfc062723c751e8b465ee728b)
Start importing Assets/Scripts/FirebaseCode/LeaderboardManager.cs using Guid(1a66a2345655f2b41ab45bb2c7f9cfb8) Importer(815301076,1909f56bfc062723c751e8b465ee728b)  -> (artifact id: '00000000000000000000000000000000') in 0.000501 seconds
Import Error Code:(4)
Message: Build asset version error: assets/scripts/firebasecode/leaderboardmanager.cs in SourceAssetDB has modification time of '2025-10-14T18:17:08.308846Z' while content on disk has modification time of '2025-10-14T18:17:12.2150952Z'
  ERROR: Build asset version error: assets/scripts/firebasecode/leaderboardmanager.cs in SourceAssetDB has modification time of '2025-10-14T18:17:08.308846Z' while content on disk has modification time of '2025-10-14T18:17:12.2150952Z'
Number of updated asset objects reloaded before import = 0
Number of asset objects unloaded after import = 0
========================================================================
Received Import Request.
  Time since last request: 0.009829 seconds.
  path: Assets/Scripts/FirebaseCode/LeaderboardManager.cs
  artifactKey: Guid(1a66a2345655f2b41ab45bb2c7f9cfb8) Importer(815301076,1909f56bfc062723c751e8b465ee728b)
Start importing Assets/Scripts/FirebaseCode/LeaderboardManager.cs using Guid(1a66a2345655f2b41ab45bb2c7f9cfb8) Importer(815301076,1909f56bfc062723c751e8b465ee728b)  -> (artifact id: '00000000000000000000000000000000') in 0.000702 seconds
Import Error Code:(4)
Message: Build asset version error: assets/scripts/firebasecode/leaderboardmanager.cs in SourceAssetDB has modification time of '2025-10-14T18:17:08.308846Z' while content on disk has modification time of '2025-10-14T18:17:12.2150952Z'
  ERROR: Build asset version error: assets/scripts/firebasecode/leaderboardmanager.cs in SourceAssetDB has modification time of '2025-10-14T18:17:08.308846Z' while content on disk has modification time of '2025-10-14T18:17:12.2150952Z'
Number of updated asset objects reloaded before import = 0
Number of asset objects unloaded after import = 0
========================================================================
Received Import Request.
  Time since last request: 0.007574 seconds.
  path: Assets/Scripts/FirebaseCode/LeaderboardManager.cs
  artifactKey: Guid(1a66a2345655f2b41ab45bb2c7f9cfb8) Importer(815301076,1909f56bfc062723c751e8b465ee728b)
Start importing Assets/Scripts/FirebaseCode/LeaderboardManager.cs using Guid(1a66a2345655f2b41ab45bb2c7f9cfb8) Importer(815301076,1909f56bfc062723c751e8b465ee728b)  -> (artifact id: '00000000000000000000000000000000') in 0.000520 seconds
Import Error Code:(4)
Message: Build asset version error: assets/scripts/firebasecode/leaderboardmanager.cs in SourceAssetDB has modification time of '2025-10-14T18:17:08.308846Z' while content on disk has modification time of '2025-10-14T18:17:12.2150952Z'
  ERROR: Build asset version error: assets/scripts/firebasecode/leaderboardmanager.cs in SourceAssetDB has modification time of '2025-10-14T18:17:08.308846Z' while content on disk has modification time of '2025-10-14T18:17:12.2150952Z'
Number of updated asset objects reloaded before import = 0
Number of asset objects unloaded after import = 0
========================================================================
Received Import Request.
  Time since last request: 0.008156 seconds.
  path: Assets/Scripts/FirebaseCode/LeaderboardManager.cs
  artifactKey: Guid(1a66a2345655f2b41ab45bb2c7f9cfb8) Importer(815301076,1909f56bfc062723c751e8b465ee728b)
Start importing Assets/Scripts/FirebaseCode/LeaderboardManager.cs using Guid(1a66a2345655f2b41ab45bb2c7f9cfb8) Importer(815301076,1909f56bfc062723c751e8b465ee728b)  -> (artifact id: '00000000000000000000000000000000') in 0.000758 seconds
Import Error Code:(4)
Message: Build asset version error: assets/scripts/firebasecode/leaderboardmanager.cs in SourceAssetDB has modification time of '2025-10-14T18:17:08.308846Z' while content on disk has modification time of '2025-10-14T18:17:12.2150952Z'
  ERROR: Build asset version error: assets/scripts/firebasecode/leaderboardmanager.cs in SourceAssetDB has modification time of '2025-10-14T18:17:08.308846Z' while content on disk has modification time of '2025-10-14T18:17:12.2150952Z'
Number of updated asset objects reloaded before import = 0
Number of asset objects unloaded after import = 0
========================================================================
Received Import Request.
  Time since last request: 0.008435 seconds.
  path: Assets/Scripts/FirebaseCode/LeaderboardManager.cs
  artifactKey: Guid(1a66a2345655f2b41ab45bb2c7f9cfb8) Importer(815301076,1909f56bfc062723c751e8b465ee728b)
Start importing Assets/Scripts/FirebaseCode/LeaderboardManager.cs using Guid(1a66a2345655f2b41ab45bb2c7f9cfb8) Importer(815301076,1909f56bfc062723c751e8b465ee728b)  -> (artifact id: '00000000000000000000000000000000') in 0.000623 seconds
Import Error Code:(4)
Message: Build asset version error: assets/scripts/firebasecode/leaderboardmanager.cs in SourceAssetDB has modification time of '2025-10-14T18:17:08.308846Z' while content on disk has modification time of '2025-10-14T18:17:12.2150952Z'
  ERROR: Build asset version error: assets/scripts/firebasecode/leaderboardmanager.cs in SourceAssetDB has modification time of '2025-10-14T18:17:08.308846Z' while content on disk has modification time of '2025-10-14T18:17:12.2150952Z'
Number of updated asset objects reloaded before import = 0
Number of asset objects unloaded after import = 0
========================================================================
Received Import Request.
  Time since last request: 0.008717 seconds.
  path: Assets/Scripts/FirebaseCode/LeaderboardManager.cs
  artifactKey: Guid(1a66a2345655f2b41ab45bb2c7f9cfb8) Importer(815301076,1909f56bfc062723c751e8b465ee728b)
Start importing Assets/Scripts/FirebaseCode/LeaderboardManager.cs using Guid(1a66a2345655f2b41ab45bb2c7f9cfb8) Importer(815301076,1909f56bfc062723c751e8b465ee728b)  -> (artifact id: '00000000000000000000000000000000') in 0.000587 seconds
Import Error Code:(4)
Message: Build asset version error: assets/scripts/firebasecode/leaderboardmanager.cs in SourceAssetDB has modification time of '2025-10-14T18:17:08.308846Z' while content on disk has modification time of '2025-10-14T18:17:12.2150952Z'
  ERROR: Build asset version error: assets/scripts/firebasecode/leaderboardmanager.cs in SourceAssetDB has modification time of '2025-10-14T18:17:08.308846Z' while content on disk has modification time of '2025-10-14T18:17:12.2150952Z'
Number of updated asset objects reloaded before import = 0
Number of asset objects unloaded after import = 0
========================================================================
Received Import Request.
  Time since last request: 0.008424 seconds.
  path: Assets/Scripts/FirebaseCode/LeaderboardManager.cs
  artifactKey: Guid(1a66a2345655f2b41ab45bb2c7f9cfb8) Importer(815301076,1909f56bfc062723c751e8b465ee728b)
Start importing Assets/Scripts/FirebaseCode/LeaderboardManager.cs using Guid(1a66a2345655f2b41ab45bb2c7f9cfb8) Importer(815301076,1909f56bfc062723c751e8b465ee728b)  -> (artifact id: '00000000000000000000000000000000') in 0.000482 seconds
Import Error Code:(4)
Message: Build asset version error: assets/scripts/firebasecode/leaderboardmanager.cs in SourceAssetDB has modification time of '2025-10-14T18:17:08.308846Z' while content on disk has modification time of '2025-10-14T18:17:12.2150952Z'
  ERROR: Build asset version error: assets/scripts/firebasecode/leaderboardmanager.cs in SourceAssetDB has modification time of '2025-10-14T18:17:08.308846Z' while content on disk has modification time of '2025-10-14T18:17:12.2150952Z'
Number of updated asset objects reloaded before import = 0
Number of asset objects unloaded after import = 0
========================================================================
Received Import Request.
  Time since last request: 0.013904 seconds.
  path: Assets/Scripts/FirebaseCode/LeaderboardManager.cs
  artifactKey: Guid(1a66a2345655f2b41ab45bb2c7f9cfb8) Importer(815301076,1909f56bfc062723c751e8b465ee728b)
Start importing Assets/Scripts/FirebaseCode/LeaderboardManager.cs using Guid(1a66a2345655f2b41ab45bb2c7f9cfb8) Importer(815301076,1909f56bfc062723c751e8b465ee728b)  -> (artifact id: '00000000000000000000000000000000') in 0.000523 seconds
Import Error Code:(4)
Message: Build asset version error: assets/scripts/firebasecode/leaderboardmanager.cs in SourceAssetDB has modification time of '2025-10-14T18:17:08.308846Z' while content on disk has modification time of '2025-10-14T18:17:12.2150952Z'
  ERROR: Build asset version error: assets/scripts/firebasecode/leaderboardmanager.cs in SourceAssetDB has modification time of '2025-10-14T18:17:08.308846Z' while content on disk has modification time of '2025-10-14T18:17:12.2150952Z'
Number of updated asset objects reloaded before import = 0
Number of asset objects unloaded after import = 0
========================================================================
Received Import Request.
  Time since last request: 0.010097 seconds.
  path: Assets/Scripts/FirebaseCode/LeaderboardManager.cs
  artifactKey: Guid(1a66a2345655f2b41ab45bb2c7f9cfb8) Importer(815301076,1909f56bfc062723c751e8b465ee728b)
Start importing Assets/Scripts/FirebaseCode/LeaderboardManager.cs using Guid(1a66a2345655f2b41ab45bb2c7f9cfb8) Importer(815301076,1909f56bfc062723c751e8b465ee728b)  -> (artifact id: '00000000000000000000000000000000') in 0.000534 seconds
Import Error Code:(4)
Message: Build asset version error: assets/scripts/firebasecode/leaderboardmanager.cs in SourceAssetDB has modification time of '2025-10-14T18:17:08.308846Z' while content on disk has modification time of '2025-10-14T18:17:12.2150952Z'
  ERROR: Build asset version error: assets/scripts/firebasecode/leaderboardmanager.cs in SourceAssetDB has modification time of '2025-10-14T18:17:08.308846Z' while content on disk has modification time of '2025-10-14T18:17:12.2150952Z'
Number of updated asset objects reloaded before import = 0
Number of asset objects unloaded after import = 0
========================================================================
Received Import Request.
  Time since last request: 0.008263 seconds.
  path: Assets/Scripts/FirebaseCode/LeaderboardManager.cs
  artifactKey: Guid(1a66a2345655f2b41ab45bb2c7f9cfb8) Importer(815301076,1909f56bfc062723c751e8b465ee728b)
Start importing Assets/Scripts/FirebaseCode/LeaderboardManager.cs using Guid(1a66a2345655f2b41ab45bb2c7f9cfb8) Importer(815301076,1909f56bfc062723c751e8b465ee728b)  -> (artifact id: '00000000000000000000000000000000') in 0.000528 seconds
Import Error Code:(4)
Message: Build asset version error: assets/scripts/firebasecode/leaderboardmanager.cs in SourceAssetDB has modification time of '2025-10-14T18:17:08.308846Z' while content on disk has modification time of '2025-10-14T18:17:12.2150952Z'
  ERROR: Build asset version error: assets/scripts/firebasecode/leaderboardmanager.cs in SourceAssetDB has modification time of '2025-10-14T18:17:08.308846Z' while content on disk has modification time of '2025-10-14T18:17:12.2150952Z'
Number of updated asset objects reloaded before import = 0
Number of asset objects unloaded after import = 0
========================================================================
Received Import Request.
  Time since last request: 0.008640 seconds.
  path: Assets/Scripts/FirebaseCode/LeaderboardManager.cs
  artifactKey: Guid(1a66a2345655f2b41ab45bb2c7f9cfb8) Importer(815301076,1909f56bfc062723c751e8b465ee728b)
Start importing Assets/Scripts/FirebaseCode/LeaderboardManager.cs using Guid(1a66a2345655f2b41ab45bb2c7f9cfb8) Importer(815301076,1909f56bfc062723c751e8b465ee728b)  -> (artifact id: '00000000000000000000000000000000') in 0.000612 seconds
Import Error Code:(4)
Message: Build asset version error: assets/scripts/firebasecode/leaderboardmanager.cs in SourceAssetDB has modification time of '2025-10-14T18:17:08.308846Z' while content on disk has modification time of '2025-10-14T18:17:12.2150952Z'
  ERROR: Build asset version error: assets/scripts/firebasecode/leaderboardmanager.cs in SourceAssetDB has modification time of '2025-10-14T18:17:08.308846Z' while content on disk has modification time of '2025-10-14T18:17:12.2150952Z'
Number of updated asset objects reloaded before import = 0
Number of asset objects unloaded after import = 0
========================================================================
Received Import Request.
  Time since last request: 0.008211 seconds.
  path: Assets/Scripts/FirebaseCode/LeaderboardManager.cs
  artifactKey: Guid(1a66a2345655f2b41ab45bb2c7f9cfb8) Importer(815301076,1909f56bfc062723c751e8b465ee728b)
Start importing Assets/Scripts/FirebaseCode/LeaderboardManager.cs using Guid(1a66a2345655f2b41ab45bb2c7f9cfb8) Importer(815301076,1909f56bfc062723c751e8b465ee728b)  -> (artifact id: '00000000000000000000000000000000') in 0.000846 seconds
Import Error Code:(4)
Message: Build asset version error: assets/scripts/firebasecode/leaderboardmanager.cs in SourceAssetDB has modification time of '2025-10-14T18:17:08.308846Z' while content on disk has modification time of '2025-10-14T18:17:12.2150952Z'
  ERROR: Build asset version error: assets/scripts/firebasecode/leaderboardmanager.cs in SourceAssetDB has modification time of '2025-10-14T18:17:08.308846Z' while content on disk has modification time of '2025-10-14T18:17:12.2150952Z'
Number of updated asset objects reloaded before import = 0
Number of asset objects unloaded after import = 0
========================================================================
Received Import Request.
  Time since last request: 0.008401 seconds.
  path: Assets/Scripts/FirebaseCode/LeaderboardManager.cs
  artifactKey: Guid(1a66a2345655f2b41ab45bb2c7f9cfb8) Importer(815301076,1909f56bfc062723c751e8b465ee728b)
Start importing Assets/Scripts/FirebaseCode/LeaderboardManager.cs using Guid(1a66a2345655f2b41ab45bb2c7f9cfb8) Importer(815301076,1909f56bfc062723c751e8b465ee728b)  -> (artifact id: '00000000000000000000000000000000') in 0.000490 seconds
Import Error Code:(4)
Message: Build asset version error: assets/scripts/firebasecode/leaderboardmanager.cs in SourceAssetDB has modification time of '2025-10-14T18:17:08.308846Z' while content on disk has modification time of '2025-10-14T18:17:12.2150952Z'
  ERROR: Build asset version error: assets/scripts/firebasecode/leaderboardmanager.cs in SourceAssetDB has modification time of '2025-10-14T18:17:08.308846Z' while content on disk has modification time of '2025-10-14T18:17:12.2150952Z'
Number of updated asset objects reloaded before import = 0
Number of asset objects unloaded after import = 0
========================================================================
Received Import Request.
  Time since last request: 0.010182 seconds.
  path: Assets/Scripts/FirebaseCode/LeaderboardManager.cs
  artifactKey: Guid(1a66a2345655f2b41ab45bb2c7f9cfb8) Importer(815301076,1909f56bfc062723c751e8b465ee728b)
Start importing Assets/Scripts/FirebaseCode/LeaderboardManager.cs using Guid(1a66a2345655f2b41ab45bb2c7f9cfb8) Importer(815301076,1909f56bfc062723c751e8b465ee728b)  -> (artifact id: '00000000000000000000000000000000') in 0.000593 seconds
Import Error Code:(4)
Message: Build asset version error: assets/scripts/firebasecode/leaderboardmanager.cs in SourceAssetDB has modification time of '2025-10-14T18:17:08.308846Z' while content on disk has modification time of '2025-10-14T18:17:12.2150952Z'
  ERROR: Build asset version error: assets/scripts/firebasecode/leaderboardmanager.cs in SourceAssetDB has modification time of '2025-10-14T18:17:08.308846Z' while content on disk has modification time of '2025-10-14T18:17:12.2150952Z'
Number of updated asset objects reloaded before import = 0
Number of asset objects unloaded after import = 0
========================================================================
Received Import Request.
  Time since last request: 0.010739 seconds.
  path: Assets/Scripts/FirebaseCode/LeaderboardManager.cs
  artifactKey: Guid(1a66a2345655f2b41ab45bb2c7f9cfb8) Importer(815301076,1909f56bfc062723c751e8b465ee728b)
Start importing Assets/Scripts/FirebaseCode/LeaderboardManager.cs using Guid(1a66a2345655f2b41ab45bb2c7f9cfb8) Importer(815301076,1909f56bfc062723c751e8b465ee728b)  -> (artifact id: '00000000000000000000000000000000') in 0.000992 seconds
Import Error Code:(4)
Message: Build asset version error: assets/scripts/firebasecode/leaderboardmanager.cs in SourceAssetDB has modification time of '2025-10-14T18:17:08.308846Z' while content on disk has modification time of '2025-10-14T18:17:12.2150952Z'
  ERROR: Build asset version error: assets/scripts/firebasecode/leaderboardmanager.cs in SourceAssetDB has modification time of '2025-10-14T18:17:08.308846Z' while content on disk has modification time of '2025-10-14T18:17:12.2150952Z'
Number of updated asset objects reloaded before import = 0
Number of asset objects unloaded after import = 0
========================================================================
Received Import Request.
  Time since last request: 0.014294 seconds.
  path: Assets/Scripts/FirebaseCode/LeaderboardManager.cs
  artifactKey: Guid(1a66a2345655f2b41ab45bb2c7f9cfb8) Importer(815301076,1909f56bfc062723c751e8b465ee728b)
Start importing Assets/Scripts/FirebaseCode/LeaderboardManager.cs using Guid(1a66a2345655f2b41ab45bb2c7f9cfb8) Importer(815301076,1909f56bfc062723c751e8b465ee728b)  -> (artifact id: '00000000000000000000000000000000') in 0.000481 seconds
Import Error Code:(4)
Message: Build asset version error: assets/scripts/firebasecode/leaderboardmanager.cs in SourceAssetDB has modification time of '2025-10-14T18:17:08.308846Z' while content on disk has modification time of '2025-10-14T18:17:12.2150952Z'
  ERROR: Build asset version error: assets/scripts/firebasecode/leaderboardmanager.cs in SourceAssetDB has modification time of '2025-10-14T18:17:08.308846Z' while content on disk has modification time of '2025-10-14T18:17:12.2150952Z'
Number of updated asset objects reloaded before import = 0
Number of asset objects unloaded after import = 0
========================================================================
Received Import Request.
  Time since last request: 0.008435 seconds.
  path: Assets/Scripts/FirebaseCode/LeaderboardManager.cs
  artifactKey: Guid(1a66a2345655f2b41ab45bb2c7f9cfb8) Importer(815301076,1909f56bfc062723c751e8b465ee728b)
Start importing Assets/Scripts/FirebaseCode/LeaderboardManager.cs using Guid(1a66a2345655f2b41ab45bb2c7f9cfb8) Importer(815301076,1909f56bfc062723c751e8b465ee728b)  -> (artifact id: '00000000000000000000000000000000') in 0.000521 seconds
Import Error Code:(4)
Message: Build asset version error: assets/scripts/firebasecode/leaderboardmanager.cs in SourceAssetDB has modification time of '2025-10-14T18:17:08.308846Z' while content on disk has modification time of '2025-10-14T18:17:12.2150952Z'
  ERROR: Build asset version error: assets/scripts/firebasecode/leaderboardmanager.cs in SourceAssetDB has modification time of '2025-10-14T18:17:08.308846Z' while content on disk has modification time of '2025-10-14T18:17:12.2150952Z'
Number of updated asset objects reloaded before import = 0
Number of asset objects unloaded after import = 0
========================================================================
Received Import Request.
  Time since last request: 0.009682 seconds.
  path: Assets/Scripts/FirebaseCode/LeaderboardManager.cs
  artifactKey: Guid(1a66a2345655f2b41ab45bb2c7f9cfb8) Importer(815301076,1909f56bfc062723c751e8b465ee728b)
Start importing Assets/Scripts/FirebaseCode/LeaderboardManager.cs using Guid(1a66a2345655f2b41ab45bb2c7f9cfb8) Importer(815301076,1909f56bfc062723c751e8b465ee728b)  -> (artifact id: '00000000000000000000000000000000') in 0.000607 seconds
Import Error Code:(4)
Message: Build asset version error: assets/scripts/firebasecode/leaderboardmanager.cs in SourceAssetDB has modification time of '2025-10-14T18:17:08.308846Z' while content on disk has modification time of '2025-10-14T18:17:12.2150952Z'
  ERROR: Build asset version error: assets/scripts/firebasecode/leaderboardmanager.cs in SourceAssetDB has modification time of '2025-10-14T18:17:08.308846Z' while content on disk has modification time of '2025-10-14T18:17:12.2150952Z'
Number of updated asset objects reloaded before import = 0
Number of asset objects unloaded after import = 0
========================================================================
Received Import Request.
  Time since last request: 0.009842 seconds.
  path: Assets/Scripts/FirebaseCode/LeaderboardManager.cs
  artifactKey: Guid(1a66a2345655f2b41ab45bb2c7f9cfb8) Importer(815301076,1909f56bfc062723c751e8b465ee728b)
Start importing Assets/Scripts/FirebaseCode/LeaderboardManager.cs using Guid(1a66a2345655f2b41ab45bb2c7f9cfb8) Importer(815301076,1909f56bfc062723c751e8b465ee728b)  -> (artifact id: '00000000000000000000000000000000') in 0.000617 seconds
Import Error Code:(4)
Message: Build asset version error: assets/scripts/firebasecode/leaderboardmanager.cs in SourceAssetDB has modification time of '2025-10-14T18:17:08.308846Z' while content on disk has modification time of '2025-10-14T18:17:12.2150952Z'
  ERROR: Build asset version error: assets/scripts/firebasecode/leaderboardmanager.cs in SourceAssetDB has modification time of '2025-10-14T18:17:08.308846Z' while content on disk has modification time of '2025-10-14T18:17:12.2150952Z'
Number of updated asset objects reloaded before import = 0
Number of asset objects unloaded after import = 0
========================================================================
Received Import Request.
  Time since last request: 0.008524 seconds.
  path: Assets/Scripts/FirebaseCode/LeaderboardManager.cs
  artifactKey: Guid(1a66a2345655f2b41ab45bb2c7f9cfb8) Importer(815301076,1909f56bfc062723c751e8b465ee728b)
Start importing Assets/Scripts/FirebaseCode/LeaderboardManager.cs using Guid(1a66a2345655f2b41ab45bb2c7f9cfb8) Importer(815301076,1909f56bfc062723c751e8b465ee728b)  -> (artifact id: '00000000000000000000000000000000') in 0.000789 seconds
Import Error Code:(4)
Message: Build asset version error: assets/scripts/firebasecode/leaderboardmanager.cs in SourceAssetDB has modification time of '2025-10-14T18:17:08.308846Z' while content on disk has modification time of '2025-10-14T18:17:12.2150952Z'
  ERROR: Build asset version error: assets/scripts/firebasecode/leaderboardmanager.cs in SourceAssetDB has modification time of '2025-10-14T18:17:08.308846Z' while content on disk has modification time of '2025-10-14T18:17:12.2150952Z'
Number of updated asset objects reloaded before import = 0
Number of asset objects unloaded after import = 0
========================================================================
Received Import Request.
  Time since last request: 0.010906 seconds.
  path: Assets/Scripts/FirebaseCode/LeaderboardManager.cs
  artifactKey: Guid(1a66a2345655f2b41ab45bb2c7f9cfb8) Importer(815301076,1909f56bfc062723c751e8b465ee728b)
Start importing Assets/Scripts/FirebaseCode/LeaderboardManager.cs using Guid(1a66a2345655f2b41ab45bb2c7f9cfb8) Importer(815301076,1909f56bfc062723c751e8b465ee728b)  -> (artifact id: '00000000000000000000000000000000') in 0.000597 seconds
Import Error Code:(4)
Message: Build asset version error: assets/scripts/firebasecode/leaderboardmanager.cs in SourceAssetDB has modification time of '2025-10-14T18:17:08.308846Z' while content on disk has modification time of '2025-10-14T18:17:12.2150952Z'
  ERROR: Build asset version error: assets/scripts/firebasecode/leaderboardmanager.cs in SourceAssetDB has modification time of '2025-10-14T18:17:08.308846Z' while content on disk has modification time of '2025-10-14T18:17:12.2150952Z'
Number of updated asset objects reloaded before import = 0
Number of asset objects unloaded after import = 0
========================================================================
Received Import Request.
  Time since last request: 0.011370 seconds.
  path: Assets/Scripts/FirebaseCode/LeaderboardManager.cs
  artifactKey: Guid(1a66a2345655f2b41ab45bb2c7f9cfb8) Importer(815301076,1909f56bfc062723c751e8b465ee728b)
Start importing Assets/Scripts/FirebaseCode/LeaderboardManager.cs using Guid(1a66a2345655f2b41ab45bb2c7f9cfb8) Importer(815301076,1909f56bfc062723c751e8b465ee728b)  -> (artifact id: '00000000000000000000000000000000') in 0.000585 seconds
Import Error Code:(4)
Message: Build asset version error: assets/scripts/firebasecode/leaderboardmanager.cs in SourceAssetDB has modification time of '2025-10-14T18:17:08.308846Z' while content on disk has modification time of '2025-10-14T18:17:12.2150952Z'
  ERROR: Build asset version error: assets/scripts/firebasecode/leaderboardmanager.cs in SourceAssetDB has modification time of '2025-10-14T18:17:08.308846Z' while content on disk has modification time of '2025-10-14T18:17:12.2150952Z'
Number of updated asset objects reloaded before import = 0
Number of asset objects unloaded after import = 0
========================================================================
Received Import Request.
  Time since last request: 0.010914 seconds.
  path: Assets/Scripts/FirebaseCode/LeaderboardManager.cs
  artifactKey: Guid(1a66a2345655f2b41ab45bb2c7f9cfb8) Importer(815301076,1909f56bfc062723c751e8b465ee728b)
Start importing Assets/Scripts/FirebaseCode/LeaderboardManager.cs using Guid(1a66a2345655f2b41ab45bb2c7f9cfb8) Importer(815301076,1909f56bfc062723c751e8b465ee728b)  -> (artifact id: '00000000000000000000000000000000') in 0.000566 seconds
Import Error Code:(4)
Message: Build asset version error: assets/scripts/firebasecode/leaderboardmanager.cs in SourceAssetDB has modification time of '2025-10-14T18:17:08.308846Z' while content on disk has modification time of '2025-10-14T18:17:12.2150952Z'
  ERROR: Build asset version error: assets/scripts/firebasecode/leaderboardmanager.cs in SourceAssetDB has modification time of '2025-10-14T18:17:08.308846Z' while content on disk has modification time of '2025-10-14T18:17:12.2150952Z'
Number of updated asset objects reloaded before import = 0
Number of asset objects unloaded after import = 0
========================================================================
Received Import Request.
  Time since last request: 0.009903 seconds.
  path: Assets/Scripts/FirebaseCode/LeaderboardManager.cs
  artifactKey: Guid(1a66a2345655f2b41ab45bb2c7f9cfb8) Importer(815301076,1909f56bfc062723c751e8b465ee728b)
Start importing Assets/Scripts/FirebaseCode/LeaderboardManager.cs using Guid(1a66a2345655f2b41ab45bb2c7f9cfb8) Importer(815301076,1909f56bfc062723c751e8b465ee728b)  -> (artifact id: '00000000000000000000000000000000') in 0.000603 seconds
Import Error Code:(4)
Message: Build asset version error: assets/scripts/firebasecode/leaderboardmanager.cs in SourceAssetDB has modification time of '2025-10-14T18:17:08.308846Z' while content on disk has modification time of '2025-10-14T18:17:12.2150952Z'
  ERROR: Build asset version error: assets/scripts/firebasecode/leaderboardmanager.cs in SourceAssetDB has modification time of '2025-10-14T18:17:08.308846Z' while content on disk has modification time of '2025-10-14T18:17:12.2150952Z'
Number of updated asset objects reloaded before import = 0
Number of asset objects unloaded after import = 0
========================================================================
Received Import Request.
  Time since last request: 0.010709 seconds.
  path: Assets/Scripts/FirebaseCode/LeaderboardManager.cs
  artifactKey: Guid(1a66a2345655f2b41ab45bb2c7f9cfb8) Importer(815301076,1909f56bfc062723c751e8b465ee728b)
Start importing Assets/Scripts/FirebaseCode/LeaderboardManager.cs using Guid(1a66a2345655f2b41ab45bb2c7f9cfb8) Importer(815301076,1909f56bfc062723c751e8b465ee728b)  -> (artifact id: '00000000000000000000000000000000') in 0.000717 seconds
Import Error Code:(4)
Message: Build asset version error: assets/scripts/firebasecode/leaderboardmanager.cs in SourceAssetDB has modification time of '2025-10-14T18:17:08.308846Z' while content on disk has modification time of '2025-10-14T18:17:12.2150952Z'
  ERROR: Build asset version error: assets/scripts/firebasecode/leaderboardmanager.cs in SourceAssetDB has modification time of '2025-10-14T18:17:08.308846Z' while content on disk has modification time of '2025-10-14T18:17:12.2150952Z'
Number of updated asset objects reloaded before import = 0
Number of asset objects unloaded after import = 0
========================================================================
Received Import Request.
  Time since last request: 0.008469 seconds.
  path: Assets/Scripts/FirebaseCode/LeaderboardManager.cs
  artifactKey: Guid(1a66a2345655f2b41ab45bb2c7f9cfb8) Importer(815301076,1909f56bfc062723c751e8b465ee728b)
Start importing Assets/Scripts/FirebaseCode/LeaderboardManager.cs using Guid(1a66a2345655f2b41ab45bb2c7f9cfb8) Importer(815301076,1909f56bfc062723c751e8b465ee728b)  -> (artifact id: '00000000000000000000000000000000') in 0.000498 seconds
Import Error Code:(4)
Message: Build asset version error: assets/scripts/firebasecode/leaderboardmanager.cs in SourceAssetDB has modification time of '2025-10-14T18:17:08.308846Z' while content on disk has modification time of '2025-10-14T18:17:12.2150952Z'
  ERROR: Build asset version error: assets/scripts/firebasecode/leaderboardmanager.cs in SourceAssetDB has modification time of '2025-10-14T18:17:08.308846Z' while content on disk has modification time of '2025-10-14T18:17:12.2150952Z'
Number of updated asset objects reloaded before import = 0
Number of asset objects unloaded after import = 0
========================================================================
Received Import Request.
  Time since last request: 0.009963 seconds.
  path: Assets/Scripts/FirebaseCode/LeaderboardManager.cs
  artifactKey: Guid(1a66a2345655f2b41ab45bb2c7f9cfb8) Importer(815301076,1909f56bfc062723c751e8b465ee728b)
Start importing Assets/Scripts/FirebaseCode/LeaderboardManager.cs using Guid(1a66a2345655f2b41ab45bb2c7f9cfb8) Importer(815301076,1909f56bfc062723c751e8b465ee728b)  -> (artifact id: '00000000000000000000000000000000') in 0.000715 seconds
Import Error Code:(4)
Message: Build asset version error: assets/scripts/firebasecode/leaderboardmanager.cs in SourceAssetDB has modification time of '2025-10-14T18:17:08.308846Z' while content on disk has modification time of '2025-10-14T18:17:12.2150952Z'
  ERROR: Build asset version error: assets/scripts/firebasecode/leaderboardmanager.cs in SourceAssetDB has modification time of '2025-10-14T18:17:08.308846Z' while content on disk has modification time of '2025-10-14T18:17:12.2150952Z'
Number of updated asset objects reloaded before import = 0
Number of asset objects unloaded after import = 0
========================================================================
Received Import Request.
  Time since last request: 0.009199 seconds.
  path: Assets/Scripts/FirebaseCode/LeaderboardManager.cs
  artifactKey: Guid(1a66a2345655f2b41ab45bb2c7f9cfb8) Importer(815301076,1909f56bfc062723c751e8b465ee728b)
Start importing Assets/Scripts/FirebaseCode/LeaderboardManager.cs using Guid(1a66a2345655f2b41ab45bb2c7f9cfb8) Importer(815301076,1909f56bfc062723c751e8b465ee728b)  -> (artifact id: '00000000000000000000000000000000') in 0.000467 seconds
Import Error Code:(4)
Message: Build asset version error: assets/scripts/firebasecode/leaderboardmanager.cs in SourceAssetDB has modification time of '2025-10-14T18:17:08.308846Z' while content on disk has modification time of '2025-10-14T18:17:12.2150952Z'
  ERROR: Build asset version error: assets/scripts/firebasecode/leaderboardmanager.cs in SourceAssetDB has modification time of '2025-10-14T18:17:08.308846Z' while content on disk has modification time of '2025-10-14T18:17:12.2150952Z'
Number of updated asset objects reloaded before import = 0
Number of asset objects unloaded after import = 0
========================================================================
Received Import Request.
  Time since last request: 0.007749 seconds.
  path: Assets/Scripts/FirebaseCode/LeaderboardManager.cs
  artifactKey: Guid(1a66a2345655f2b41ab45bb2c7f9cfb8) Importer(815301076,1909f56bfc062723c751e8b465ee728b)
Start importing Assets/Scripts/FirebaseCode/LeaderboardManager.cs using Guid(1a66a2345655f2b41ab45bb2c7f9cfb8) Importer(815301076,1909f56bfc062723c751e8b465ee728b)  -> (artifact id: '00000000000000000000000000000000') in 0.000501 seconds
Import Error Code:(4)
Message: Build asset version error: assets/scripts/firebasecode/leaderboardmanager.cs in SourceAssetDB has modification time of '2025-10-14T18:17:08.308846Z' while content on disk has modification time of '2025-10-14T18:17:12.2150952Z'
  ERROR: Build asset version error: assets/scripts/firebasecode/leaderboardmanager.cs in SourceAssetDB has modification time of '2025-10-14T18:17:08.308846Z' while content on disk has modification time of '2025-10-14T18:17:12.2150952Z'
Number of updated asset objects reloaded before import = 0
Number of asset objects unloaded after import = 0
========================================================================
Received Import Request.
  Time since last request: 0.008712 seconds.
  path: Assets/Scripts/FirebaseCode/LeaderboardManager.cs
  artifactKey: Guid(1a66a2345655f2b41ab45bb2c7f9cfb8) Importer(815301076,1909f56bfc062723c751e8b465ee728b)
Start importing Assets/Scripts/FirebaseCode/LeaderboardManager.cs using Guid(1a66a2345655f2b41ab45bb2c7f9cfb8) Importer(815301076,1909f56bfc062723c751e8b465ee728b)  -> (artifact id: '00000000000000000000000000000000') in 0.000860 seconds
Import Error Code:(4)
Message: Build asset version error: assets/scripts/firebasecode/leaderboardmanager.cs in SourceAssetDB has modification time of '2025-10-14T18:17:08.308846Z' while content on disk has modification time of '2025-10-14T18:17:12.2150952Z'
  ERROR: Build asset version error: assets/scripts/firebasecode/leaderboardmanager.cs in SourceAssetDB has modification time of '2025-10-14T18:17:08.308846Z' while content on disk has modification time of '2025-10-14T18:17:12.2150952Z'
Number of updated asset objects reloaded before import = 0
Number of asset objects unloaded after import = 0
========================================================================
Received Import Request.
  Time since last request: 0.008466 seconds.
  path: Assets/Scripts/FirebaseCode/LeaderboardManager.cs
  artifactKey: Guid(1a66a2345655f2b41ab45bb2c7f9cfb8) Importer(815301076,1909f56bfc062723c751e8b465ee728b)
Start importing Assets/Scripts/FirebaseCode/LeaderboardManager.cs using Guid(1a66a2345655f2b41ab45bb2c7f9cfb8) Importer(815301076,1909f56bfc062723c751e8b465ee728b)  -> (artifact id: '00000000000000000000000000000000') in 0.000906 seconds
Import Error Code:(4)
Message: Build asset version error: assets/scripts/firebasecode/leaderboardmanager.cs in SourceAssetDB has modification time of '2025-10-14T18:17:08.308846Z' while content on disk has modification time of '2025-10-14T18:17:12.2150952Z'
  ERROR: Build asset version error: assets/scripts/firebasecode/leaderboardmanager.cs in SourceAssetDB has modification time of '2025-10-14T18:17:08.308846Z' while content on disk has modification time of '2025-10-14T18:17:12.2150952Z'
Number of updated asset objects reloaded before import = 0
Number of asset objects unloaded after import = 0
========================================================================
Received Import Request.
  Time since last request: 0.010301 seconds.
  path: Assets/Scripts/FirebaseCode/LeaderboardManager.cs
  artifactKey: Guid(1a66a2345655f2b41ab45bb2c7f9cfb8) Importer(815301076,1909f56bfc062723c751e8b465ee728b)
Start importing Assets/Scripts/FirebaseCode/LeaderboardManager.cs using Guid(1a66a2345655f2b41ab45bb2c7f9cfb8) Importer(815301076,1909f56bfc062723c751e8b465ee728b)  -> (artifact id: '00000000000000000000000000000000') in 0.000657 seconds
Import Error Code:(4)
Message: Build asset version error: assets/scripts/firebasecode/leaderboardmanager.cs in SourceAssetDB has modification time of '2025-10-14T18:17:08.308846Z' while content on disk has modification time of '2025-10-14T18:17:12.2150952Z'
  ERROR: Build asset version error: assets/scripts/firebasecode/leaderboardmanager.cs in SourceAssetDB has modification time of '2025-10-14T18:17:08.308846Z' while content on disk has modification time of '2025-10-14T18:17:12.2150952Z'
Number of updated asset objects reloaded before import = 0
Number of asset objects unloaded after import = 0
========================================================================
Received Import Request.
  Time since last request: 0.009527 seconds.
  path: Assets/Scripts/FirebaseCode/LeaderboardManager.cs
  artifactKey: Guid(1a66a2345655f2b41ab45bb2c7f9cfb8) Importer(815301076,1909f56bfc062723c751e8b465ee728b)
Start importing Assets/Scripts/FirebaseCode/LeaderboardManager.cs using Guid(1a66a2345655f2b41ab45bb2c7f9cfb8) Importer(815301076,1909f56bfc062723c751e8b465ee728b)  -> (artifact id: '00000000000000000000000000000000') in 0.000621 seconds
Import Error Code:(4)
Message: Build asset version error: assets/scripts/firebasecode/leaderboardmanager.cs in SourceAssetDB has modification time of '2025-10-14T18:17:08.308846Z' while content on disk has modification time of '2025-10-14T18:17:12.2150952Z'
  ERROR: Build asset version error: assets/scripts/firebasecode/leaderboardmanager.cs in SourceAssetDB has modification time of '2025-10-14T18:17:08.308846Z' while content on disk has modification time of '2025-10-14T18:17:12.2150952Z'
Number of updated asset objects reloaded before import = 0
Number of asset objects unloaded after import = 0
========================================================================
Received Import Request.
  Time since last request: 0.009809 seconds.
  path: Assets/Scripts/FirebaseCode/LeaderboardManager.cs
  artifactKey: Guid(1a66a2345655f2b41ab45bb2c7f9cfb8) Importer(815301076,1909f56bfc062723c751e8b465ee728b)
Start importing Assets/Scripts/FirebaseCode/LeaderboardManager.cs using Guid(1a66a2345655f2b41ab45bb2c7f9cfb8) Importer(815301076,1909f56bfc062723c751e8b465ee728b)  -> (artifact id: '00000000000000000000000000000000') in 0.000476 seconds
Import Error Code:(4)
Message: Build asset version error: assets/scripts/firebasecode/leaderboardmanager.cs in SourceAssetDB has modification time of '2025-10-14T18:17:08.308846Z' while content on disk has modification time of '2025-10-14T18:17:12.2150952Z'
  ERROR: Build asset version error: assets/scripts/firebasecode/leaderboardmanager.cs in SourceAssetDB has modification time of '2025-10-14T18:17:08.308846Z' while content on disk has modification time of '2025-10-14T18:17:12.2150952Z'
Number of updated asset objects reloaded before import = 0
Number of asset objects unloaded after import = 0
========================================================================
Received Import Request.
  Time since last request: 0.009851 seconds.
  path: Assets/Scripts/FirebaseCode/LeaderboardManager.cs
  artifactKey: Guid(1a66a2345655f2b41ab45bb2c7f9cfb8) Importer(815301076,1909f56bfc062723c751e8b465ee728b)
Start importing Assets/Scripts/FirebaseCode/LeaderboardManager.cs using Guid(1a66a2345655f2b41ab45bb2c7f9cfb8) Importer(815301076,1909f56bfc062723c751e8b465ee728b)  -> (artifact id: '00000000000000000000000000000000') in 0.000508 seconds
Import Error Code:(4)
Message: Build asset version error: assets/scripts/firebasecode/leaderboardmanager.cs in SourceAssetDB has modification time of '2025-10-14T18:17:08.308846Z' while content on disk has modification time of '2025-10-14T18:17:12.2150952Z'
  ERROR: Build asset version error: assets/scripts/firebasecode/leaderboardmanager.cs in SourceAssetDB has modification time of '2025-10-14T18:17:08.308846Z' while content on disk has modification time of '2025-10-14T18:17:12.2150952Z'
Number of updated asset objects reloaded before import = 0
Number of asset objects unloaded after import = 0
========================================================================
Received Import Request.
  Time since last request: 0.009500 seconds.
  path: Assets/Scripts/FirebaseCode/LeaderboardManager.cs
  artifactKey: Guid(1a66a2345655f2b41ab45bb2c7f9cfb8) Importer(815301076,1909f56bfc062723c751e8b465ee728b)
Start importing Assets/Scripts/FirebaseCode/LeaderboardManager.cs using Guid(1a66a2345655f2b41ab45bb2c7f9cfb8) Importer(815301076,1909f56bfc062723c751e8b465ee728b)  -> (artifact id: '00000000000000000000000000000000') in 0.000667 seconds
Import Error Code:(4)
Message: Build asset version error: assets/scripts/firebasecode/leaderboardmanager.cs in SourceAssetDB has modification time of '2025-10-14T18:17:08.308846Z' while content on disk has modification time of '2025-10-14T18:17:12.2150952Z'
  ERROR: Build asset version error: assets/scripts/firebasecode/leaderboardmanager.cs in SourceAssetDB has modification time of '2025-10-14T18:17:08.308846Z' while content on disk has modification time of '2025-10-14T18:17:12.2150952Z'
Number of updated asset objects reloaded before import = 0
Number of asset objects unloaded after import = 0
========================================================================
Received Import Request.
  Time since last request: 0.008980 seconds.
  path: Assets/Scripts/FirebaseCode/LeaderboardManager.cs
  artifactKey: Guid(1a66a2345655f2b41ab45bb2c7f9cfb8) Importer(815301076,1909f56bfc062723c751e8b465ee728b)
Start importing Assets/Scripts/FirebaseCode/LeaderboardManager.cs using Guid(1a66a2345655f2b41ab45bb2c7f9cfb8) Importer(815301076,1909f56bfc062723c751e8b465ee728b)  -> (artifact id: '00000000000000000000000000000000') in 0.000660 seconds
Import Error Code:(4)
Message: Build asset version error: assets/scripts/firebasecode/leaderboardmanager.cs in SourceAssetDB has modification time of '2025-10-14T18:17:08.308846Z' while content on disk has modification time of '2025-10-14T18:17:12.2150952Z'
  ERROR: Build asset version error: assets/scripts/firebasecode/leaderboardmanager.cs in SourceAssetDB has modification time of '2025-10-14T18:17:08.308846Z' while content on disk has modification time of '2025-10-14T18:17:12.2150952Z'
Number of updated asset objects reloaded before import = 0
Number of asset objects unloaded after import = 0
========================================================================
Received Import Request.
  Time since last request: 0.009945 seconds.
  path: Assets/Scripts/FirebaseCode/LeaderboardManager.cs
  artifactKey: Guid(1a66a2345655f2b41ab45bb2c7f9cfb8) Importer(815301076,1909f56bfc062723c751e8b465ee728b)
Start importing Assets/Scripts/FirebaseCode/LeaderboardManager.cs using Guid(1a66a2345655f2b41ab45bb2c7f9cfb8) Importer(815301076,1909f56bfc062723c751e8b465ee728b)  -> (artifact id: '00000000000000000000000000000000') in 0.000712 seconds
Import Error Code:(4)
Message: Build asset version error: assets/scripts/firebasecode/leaderboardmanager.cs in SourceAssetDB has modification time of '2025-10-14T18:17:08.308846Z' while content on disk has modification time of '2025-10-14T18:17:12.2150952Z'
  ERROR: Build asset version error: assets/scripts/firebasecode/leaderboardmanager.cs in SourceAssetDB has modification time of '2025-10-14T18:17:08.308846Z' while content on disk has modification time of '2025-10-14T18:17:12.2150952Z'
Number of updated asset objects reloaded before import = 0
Number of asset objects unloaded after import = 0
========================================================================
Received Import Request.
  Time since last request: 0.008935 seconds.
  path: Assets/Scripts/FirebaseCode/LeaderboardManager.cs
  artifactKey: Guid(1a66a2345655f2b41ab45bb2c7f9cfb8) Importer(815301076,1909f56bfc062723c751e8b465ee728b)
Start importing Assets/Scripts/FirebaseCode/LeaderboardManager.cs using Guid(1a66a2345655f2b41ab45bb2c7f9cfb8) Importer(815301076,1909f56bfc062723c751e8b465ee728b)  -> (artifact id: '00000000000000000000000000000000') in 0.000830 seconds
Import Error Code:(4)
Message: Build asset version error: assets/scripts/firebasecode/leaderboardmanager.cs in SourceAssetDB has modification time of '2025-10-14T18:17:08.308846Z' while content on disk has modification time of '2025-10-14T18:17:12.2150952Z'
  ERROR: Build asset version error: assets/scripts/firebasecode/leaderboardmanager.cs in SourceAssetDB has modification time of '2025-10-14T18:17:08.308846Z' while content on disk has modification time of '2025-10-14T18:17:12.2150952Z'
Number of updated asset objects reloaded before import = 0
Number of asset objects unloaded after import = 0
========================================================================
Received Import Request.
  Time since last request: 0.008675 seconds.
  path: Assets/Scripts/FirebaseCode/LeaderboardManager.cs
  artifactKey: Guid(1a66a2345655f2b41ab45bb2c7f9cfb8) Importer(815301076,1909f56bfc062723c751e8b465ee728b)
Start importing Assets/Scripts/FirebaseCode/LeaderboardManager.cs using Guid(1a66a2345655f2b41ab45bb2c7f9cfb8) Importer(815301076,1909f56bfc062723c751e8b465ee728b)  -> (artifact id: '00000000000000000000000000000000') in 0.000538 seconds
Import Error Code:(4)
Message: Build asset version error: assets/scripts/firebasecode/leaderboardmanager.cs in SourceAssetDB has modification time of '2025-10-14T18:17:08.308846Z' while content on disk has modification time of '2025-10-14T18:17:12.2150952Z'
  ERROR: Build asset version error: assets/scripts/firebasecode/leaderboardmanager.cs in SourceAssetDB has modification time of '2025-10-14T18:17:08.308846Z' while content on disk has modification time of '2025-10-14T18:17:12.2150952Z'
Number of updated asset objects reloaded before import = 0
Number of asset objects unloaded after import = 0
========================================================================
Received Import Request.
  Time since last request: 0.009859 seconds.
  path: Assets/Scripts/FirebaseCode/LeaderboardManager.cs
  artifactKey: Guid(1a66a2345655f2b41ab45bb2c7f9cfb8) Importer(815301076,1909f56bfc062723c751e8b465ee728b)
Start importing Assets/Scripts/FirebaseCode/LeaderboardManager.cs using Guid(1a66a2345655f2b41ab45bb2c7f9cfb8) Importer(815301076,1909f56bfc062723c751e8b465ee728b)  -> (artifact id: '00000000000000000000000000000000') in 0.000519 seconds
Import Error Code:(4)
Message: Build asset version error: assets/scripts/firebasecode/leaderboardmanager.cs in SourceAssetDB has modification time of '2025-10-14T18:17:08.308846Z' while content on disk has modification time of '2025-10-14T18:17:12.2150952Z'
  ERROR: Build asset version error: assets/scripts/firebasecode/leaderboardmanager.cs in SourceAssetDB has modification time of '2025-10-14T18:17:08.308846Z' while content on disk has modification time of '2025-10-14T18:17:12.2150952Z'
Number of updated asset objects reloaded before import = 0
Number of asset objects unloaded after import = 0
========================================================================
Received Import Request.
  Time since last request: 0.008981 seconds.
  path: Assets/Scripts/FirebaseCode/LeaderboardManager.cs
  artifactKey: Guid(1a66a2345655f2b41ab45bb2c7f9cfb8) Importer(815301076,1909f56bfc062723c751e8b465ee728b)
Start importing Assets/Scripts/FirebaseCode/LeaderboardManager.cs using Guid(1a66a2345655f2b41ab45bb2c7f9cfb8) Importer(815301076,1909f56bfc062723c751e8b465ee728b)  -> (artifact id: '00000000000000000000000000000000') in 0.000684 seconds
Import Error Code:(4)
Message: Build asset version error: assets/scripts/firebasecode/leaderboardmanager.cs in SourceAssetDB has modification time of '2025-10-14T18:17:08.308846Z' while content on disk has modification time of '2025-10-14T18:17:12.2150952Z'
  ERROR: Build asset version error: assets/scripts/firebasecode/leaderboardmanager.cs in SourceAssetDB has modification time of '2025-10-14T18:17:08.308846Z' while content on disk has modification time of '2025-10-14T18:17:12.2150952Z'
Number of updated asset objects reloaded before import = 0
Number of asset objects unloaded after import = 0
========================================================================
Received Import Request.
  Time since last request: 0.010166 seconds.
  path: Assets/Scripts/FirebaseCode/LeaderboardManager.cs
  artifactKey: Guid(1a66a2345655f2b41ab45bb2c7f9cfb8) Importer(815301076,1909f56bfc062723c751e8b465ee728b)
Start importing Assets/Scripts/FirebaseCode/LeaderboardManager.cs using Guid(1a66a2345655f2b41ab45bb2c7f9cfb8) Importer(815301076,1909f56bfc062723c751e8b465ee728b)  -> (artifact id: '00000000000000000000000000000000') in 0.000774 seconds
Import Error Code:(4)
Message: Build asset version error: assets/scripts/firebasecode/leaderboardmanager.cs in SourceAssetDB has modification time of '2025-10-14T18:17:08.308846Z' while content on disk has modification time of '2025-10-14T18:17:12.2150952Z'
  ERROR: Build asset version error: assets/scripts/firebasecode/leaderboardmanager.cs in SourceAssetDB has modification time of '2025-10-14T18:17:08.308846Z' while content on disk has modification time of '2025-10-14T18:17:12.2150952Z'
Number of updated asset objects reloaded before import = 0
Number of asset objects unloaded after import = 0
========================================================================
Received Import Request.
  Time since last request: 0.008353 seconds.
  path: Assets/Scripts/FirebaseCode/LeaderboardManager.cs
  artifactKey: Guid(1a66a2345655f2b41ab45bb2c7f9cfb8) Importer(815301076,1909f56bfc062723c751e8b465ee728b)
Start importing Assets/Scripts/FirebaseCode/LeaderboardManager.cs using Guid(1a66a2345655f2b41ab45bb2c7f9cfb8) Importer(815301076,1909f56bfc062723c751e8b465ee728b)  -> (artifact id: '00000000000000000000000000000000') in 0.000479 seconds
Import Error Code:(4)
Message: Build asset version error: assets/scripts/firebasecode/leaderboardmanager.cs in SourceAssetDB has modification time of '2025-10-14T18:17:08.308846Z' while content on disk has modification time of '2025-10-14T18:17:12.2150952Z'
  ERROR: Build asset version error: assets/scripts/firebasecode/leaderboardmanager.cs in SourceAssetDB has modification time of '2025-10-14T18:17:08.308846Z' while content on disk has modification time of '2025-10-14T18:17:12.2150952Z'
Number of updated asset objects reloaded before import = 0
Number of asset objects unloaded after import = 0
========================================================================
Received Import Request.
  Time since last request: 0.009376 seconds.
  path: Assets/Scripts/FirebaseCode/LeaderboardManager.cs
  artifactKey: Guid(1a66a2345655f2b41ab45bb2c7f9cfb8) Importer(815301076,1909f56bfc062723c751e8b465ee728b)
Start importing Assets/Scripts/FirebaseCode/LeaderboardManager.cs using Guid(1a66a2345655f2b41ab45bb2c7f9cfb8) Importer(815301076,1909f56bfc062723c751e8b465ee728b)  -> (artifact id: '00000000000000000000000000000000') in 0.000707 seconds
Import Error Code:(4)
Message: Build asset version error: assets/scripts/firebasecode/leaderboardmanager.cs in SourceAssetDB has modification time of '2025-10-14T18:17:08.308846Z' while content on disk has modification time of '2025-10-14T18:17:12.2150952Z'
  ERROR: Build asset version error: assets/scripts/firebasecode/leaderboardmanager.cs in SourceAssetDB has modification time of '2025-10-14T18:17:08.308846Z' while content on disk has modification time of '2025-10-14T18:17:12.2150952Z'
Number of updated asset objects reloaded before import = 0
Number of asset objects unloaded after import = 0
========================================================================
Received Import Request.
  Time since last request: 0.011278 seconds.
  path: Assets/Scripts/FirebaseCode/LeaderboardManager.cs
  artifactKey: Guid(1a66a2345655f2b41ab45bb2c7f9cfb8) Importer(815301076,1909f56bfc062723c751e8b465ee728b)
Start importing Assets/Scripts/FirebaseCode/LeaderboardManager.cs using Guid(1a66a2345655f2b41ab45bb2c7f9cfb8) Importer(815301076,1909f56bfc062723c751e8b465ee728b)  -> (artifact id: '00000000000000000000000000000000') in 0.000512 seconds
Import Error Code:(4)
Message: Build asset version error: assets/scripts/firebasecode/leaderboardmanager.cs in SourceAssetDB has modification time of '2025-10-14T18:17:08.308846Z' while content on disk has modification time of '2025-10-14T18:17:12.2150952Z'
  ERROR: Build asset version error: assets/scripts/firebasecode/leaderboardmanager.cs in SourceAssetDB has modification time of '2025-10-14T18:17:08.308846Z' while content on disk has modification time of '2025-10-14T18:17:12.2150952Z'
Number of updated asset objects reloaded before import = 0
Number of asset objects unloaded after import = 0
========================================================================
Received Import Request.
  Time since last request: 0.008983 seconds.
  path: Assets/Scripts/FirebaseCode/LeaderboardManager.cs
  artifactKey: Guid(1a66a2345655f2b41ab45bb2c7f9cfb8) Importer(815301076,1909f56bfc062723c751e8b465ee728b)
Start importing Assets/Scripts/FirebaseCode/LeaderboardManager.cs using Guid(1a66a2345655f2b41ab45bb2c7f9cfb8) Importer(815301076,1909f56bfc062723c751e8b465ee728b)  -> (artifact id: '00000000000000000000000000000000') in 0.000643 seconds
Import Error Code:(4)
Message: Build asset version error: assets/scripts/firebasecode/leaderboardmanager.cs in SourceAssetDB has modification time of '2025-10-14T18:17:08.308846Z' while content on disk has modification time of '2025-10-14T18:17:12.2150952Z'
  ERROR: Build asset version error: assets/scripts/firebasecode/leaderboardmanager.cs in SourceAssetDB has modification time of '2025-10-14T18:17:08.308846Z' while content on disk has modification time of '2025-10-14T18:17:12.2150952Z'
Number of updated asset objects reloaded before import = 0
Number of asset objects unloaded after import = 0
========================================================================
Received Import Request.
  Time since last request: 0.008211 seconds.
  path: Assets/Scripts/FirebaseCode/LeaderboardManager.cs
  artifactKey: Guid(1a66a2345655f2b41ab45bb2c7f9cfb8) Importer(815301076,1909f56bfc062723c751e8b465ee728b)
Start importing Assets/Scripts/FirebaseCode/LeaderboardManager.cs using Guid(1a66a2345655f2b41ab45bb2c7f9cfb8) Importer(815301076,1909f56bfc062723c751e8b465ee728b)  -> (artifact id: '00000000000000000000000000000000') in 0.000607 seconds
Import Error Code:(4)
Message: Build asset version error: assets/scripts/firebasecode/leaderboardmanager.cs in SourceAssetDB has modification time of '2025-10-14T18:17:08.308846Z' while content on disk has modification time of '2025-10-14T18:17:12.2150952Z'
  ERROR: Build asset version error: assets/scripts/firebasecode/leaderboardmanager.cs in SourceAssetDB has modification time of '2025-10-14T18:17:08.308846Z' while content on disk has modification time of '2025-10-14T18:17:12.2150952Z'
Number of updated asset objects reloaded before import = 0
Number of asset objects unloaded after import = 0
========================================================================
Received Import Request.
  Time since last request: 0.010672 seconds.
  path: Assets/Scripts/FirebaseCode/LeaderboardManager.cs
  artifactKey: Guid(1a66a2345655f2b41ab45bb2c7f9cfb8) Importer(815301076,1909f56bfc062723c751e8b465ee728b)
Start importing Assets/Scripts/FirebaseCode/LeaderboardManager.cs using Guid(1a66a2345655f2b41ab45bb2c7f9cfb8) Importer(815301076,1909f56bfc062723c751e8b465ee728b)  -> (artifact id: '00000000000000000000000000000000') in 0.000599 seconds
Import Error Code:(4)
Message: Build asset version error: assets/scripts/firebasecode/leaderboardmanager.cs in SourceAssetDB has modification time of '2025-10-14T18:17:08.308846Z' while content on disk has modification time of '2025-10-14T18:17:12.2150952Z'
  ERROR: Build asset version error: assets/scripts/firebasecode/leaderboardmanager.cs in SourceAssetDB has modification time of '2025-10-14T18:17:08.308846Z' while content on disk has modification time of '2025-10-14T18:17:12.2150952Z'
Number of updated asset objects reloaded before import = 0
Number of asset objects unloaded after import = 0
========================================================================
Received Import Request.
  Time since last request: 0.009832 seconds.
  path: Assets/Scripts/FirebaseCode/LeaderboardManager.cs
  artifactKey: Guid(1a66a2345655f2b41ab45bb2c7f9cfb8) Importer(815301076,1909f56bfc062723c751e8b465ee728b)
Start importing Assets/Scripts/FirebaseCode/LeaderboardManager.cs using Guid(1a66a2345655f2b41ab45bb2c7f9cfb8) Importer(815301076,1909f56bfc062723c751e8b465ee728b)  -> (artifact id: '00000000000000000000000000000000') in 0.000840 seconds
Import Error Code:(4)
Message: Build asset version error: assets/scripts/firebasecode/leaderboardmanager.cs in SourceAssetDB has modification time of '2025-10-14T18:17:08.308846Z' while content on disk has modification time of '2025-10-14T18:17:12.2150952Z'
  ERROR: Build asset version error: assets/scripts/firebasecode/leaderboardmanager.cs in SourceAssetDB has modification time of '2025-10-14T18:17:08.308846Z' while content on disk has modification time of '2025-10-14T18:17:12.2150952Z'
Number of updated asset objects reloaded before import = 0
Number of asset objects unloaded after import = 0
========================================================================
Received Import Request.
  Time since last request: 0.008618 seconds.
  path: Assets/Scripts/FirebaseCode/LeaderboardManager.cs
  artifactKey: Guid(1a66a2345655f2b41ab45bb2c7f9cfb8) Importer(815301076,1909f56bfc062723c751e8b465ee728b)
Start importing Assets/Scripts/FirebaseCode/LeaderboardManager.cs using Guid(1a66a2345655f2b41ab45bb2c7f9cfb8) Importer(815301076,1909f56bfc062723c751e8b465ee728b)  -> (artifact id: '00000000000000000000000000000000') in 0.000736 seconds
Import Error Code:(4)
Message: Build asset version error: assets/scripts/firebasecode/leaderboardmanager.cs in SourceAssetDB has modification time of '2025-10-14T18:17:08.308846Z' while content on disk has modification time of '2025-10-14T18:17:12.2150952Z'
  ERROR: Build asset version error: assets/scripts/firebasecode/leaderboardmanager.cs in SourceAssetDB has modification time of '2025-10-14T18:17:08.308846Z' while content on disk has modification time of '2025-10-14T18:17:12.2150952Z'
Number of updated asset objects reloaded before import = 0
Number of asset objects unloaded after import = 0
========================================================================
Received Import Request.
  Time since last request: 0.010078 seconds.
  path: Assets/Scripts/FirebaseCode/LeaderboardManager.cs
  artifactKey: Guid(1a66a2345655f2b41ab45bb2c7f9cfb8) Importer(815301076,1909f56bfc062723c751e8b465ee728b)
Start importing Assets/Scripts/FirebaseCode/LeaderboardManager.cs using Guid(1a66a2345655f2b41ab45bb2c7f9cfb8) Importer(815301076,1909f56bfc062723c751e8b465ee728b)  -> (artifact id: '00000000000000000000000000000000') in 0.000807 seconds
Import Error Code:(4)
Message: Build asset version error: assets/scripts/firebasecode/leaderboardmanager.cs in SourceAssetDB has modification time of '2025-10-14T18:17:08.308846Z' while content on disk has modification time of '2025-10-14T18:17:12.2150952Z'
  ERROR: Build asset version error: assets/scripts/firebasecode/leaderboardmanager.cs in SourceAssetDB has modification time of '2025-10-14T18:17:08.308846Z' while content on disk has modification time of '2025-10-14T18:17:12.2150952Z'
Number of updated asset objects reloaded before import = 0
Number of asset objects unloaded after import = 0
========================================================================
Received Import Request.
  Time since last request: 0.009081 seconds.
  path: Assets/Scripts/FirebaseCode/LeaderboardManager.cs
  artifactKey: Guid(1a66a2345655f2b41ab45bb2c7f9cfb8) Importer(815301076,1909f56bfc062723c751e8b465ee728b)
Start importing Assets/Scripts/FirebaseCode/LeaderboardManager.cs using Guid(1a66a2345655f2b41ab45bb2c7f9cfb8) Importer(815301076,1909f56bfc062723c751e8b465ee728b)  -> (artifact id: '00000000000000000000000000000000') in 0.000563 seconds
Import Error Code:(4)
Message: Build asset version error: assets/scripts/firebasecode/leaderboardmanager.cs in SourceAssetDB has modification time of '2025-10-14T18:17:08.308846Z' while content on disk has modification time of '2025-10-14T18:17:12.2150952Z'
  ERROR: Build asset version error: assets/scripts/firebasecode/leaderboardmanager.cs in SourceAssetDB has modification time of '2025-10-14T18:17:08.308846Z' while content on disk has modification time of '2025-10-14T18:17:12.2150952Z'
Number of updated asset objects reloaded before import = 0
Number of asset objects unloaded after import = 0
========================================================================
Received Import Request.
  Time since last request: 0.012237 seconds.
  path: Assets/Scripts/FirebaseCode/LeaderboardManager.cs
  artifactKey: Guid(1a66a2345655f2b41ab45bb2c7f9cfb8) Importer(815301076,1909f56bfc062723c751e8b465ee728b)
Start importing Assets/Scripts/FirebaseCode/LeaderboardManager.cs using Guid(1a66a2345655f2b41ab45bb2c7f9cfb8) Importer(815301076,1909f56bfc062723c751e8b465ee728b)  -> (artifact id: '00000000000000000000000000000000') in 0.000789 seconds
Import Error Code:(4)
Message: Build asset version error: assets/scripts/firebasecode/leaderboardmanager.cs in SourceAssetDB has modification time of '2025-10-14T18:17:08.308846Z' while content on disk has modification time of '2025-10-14T18:17:12.2150952Z'
  ERROR: Build asset version error: assets/scripts/firebasecode/leaderboardmanager.cs in SourceAssetDB has modification time of '2025-10-14T18:17:08.308846Z' while content on disk has modification time of '2025-10-14T18:17:12.2150952Z'
Number of updated asset objects reloaded before import = 0
Number of asset objects unloaded after import = 0
========================================================================
Received Import Request.
  Time since last request: 0.011322 seconds.
  path: Assets/Scripts/FirebaseCode/LeaderboardManager.cs
  artifactKey: Guid(1a66a2345655f2b41ab45bb2c7f9cfb8) Importer(815301076,1909f56bfc062723c751e8b465ee728b)
Start importing Assets/Scripts/FirebaseCode/LeaderboardManager.cs using Guid(1a66a2345655f2b41ab45bb2c7f9cfb8) Importer(815301076,1909f56bfc062723c751e8b465ee728b)  -> (artifact id: '00000000000000000000000000000000') in 0.000493 seconds
Import Error Code:(4)
Message: Build asset version error: assets/scripts/firebasecode/leaderboardmanager.cs in SourceAssetDB has modification time of '2025-10-14T18:17:08.308846Z' while content on disk has modification time of '2025-10-14T18:17:12.2150952Z'
  ERROR: Build asset version error: assets/scripts/firebasecode/leaderboardmanager.cs in SourceAssetDB has modification time of '2025-10-14T18:17:08.308846Z' while content on disk has modification time of '2025-10-14T18:17:12.2150952Z'
Number of updated asset objects reloaded before import = 0
Number of asset objects unloaded after import = 0
========================================================================
Received Import Request.
  Time since last request: 0.009446 seconds.
  path: Assets/Scripts/FirebaseCode/LeaderboardManager.cs
  artifactKey: Guid(1a66a2345655f2b41ab45bb2c7f9cfb8) Importer(815301076,1909f56bfc062723c751e8b465ee728b)
Start importing Assets/Scripts/FirebaseCode/LeaderboardManager.cs using Guid(1a66a2345655f2b41ab45bb2c7f9cfb8) Importer(815301076,1909f56bfc062723c751e8b465ee728b)  -> (artifact id: '00000000000000000000000000000000') in 0.000539 seconds
Import Error Code:(4)
Message: Build asset version error: assets/scripts/firebasecode/leaderboardmanager.cs in SourceAssetDB has modification time of '2025-10-14T18:17:08.308846Z' while content on disk has modification time of '2025-10-14T18:17:12.2150952Z'
  ERROR: Build asset version error: assets/scripts/firebasecode/leaderboardmanager.cs in SourceAssetDB has modification time of '2025-10-14T18:17:08.308846Z' while content on disk has modification time of '2025-10-14T18:17:12.2150952Z'
Number of updated asset objects reloaded before import = 0
Number of asset objects unloaded after import = 0
========================================================================
Received Import Request.
  Time since last request: 0.008827 seconds.
  path: Assets/Scripts/FirebaseCode/LeaderboardManager.cs
  artifactKey: Guid(1a66a2345655f2b41ab45bb2c7f9cfb8) Importer(815301076,1909f56bfc062723c751e8b465ee728b)
Start importing Assets/Scripts/FirebaseCode/LeaderboardManager.cs using Guid(1a66a2345655f2b41ab45bb2c7f9cfb8) Importer(815301076,1909f56bfc062723c751e8b465ee728b)  -> (artifact id: '00000000000000000000000000000000') in 0.000526 seconds
Import Error Code:(4)
Message: Build asset version error: assets/scripts/firebasecode/leaderboardmanager.cs in SourceAssetDB has modification time of '2025-10-14T18:17:08.308846Z' while content on disk has modification time of '2025-10-14T18:17:12.2150952Z'
  ERROR: Build asset version error: assets/scripts/firebasecode/leaderboardmanager.cs in SourceAssetDB has modification time of '2025-10-14T18:17:08.308846Z' while content on disk has modification time of '2025-10-14T18:17:12.2150952Z'
Number of updated asset objects reloaded before import = 0
Number of asset objects unloaded after import = 0
========================================================================
Received Import Request.
  Time since last request: 0.008951 seconds.
  path: Assets/Scripts/FirebaseCode/LeaderboardManager.cs
  artifactKey: Guid(1a66a2345655f2b41ab45bb2c7f9cfb8) Importer(815301076,1909f56bfc062723c751e8b465ee728b)
Start importing Assets/Scripts/FirebaseCode/LeaderboardManager.cs using Guid(1a66a2345655f2b41ab45bb2c7f9cfb8) Importer(815301076,1909f56bfc062723c751e8b465ee728b)  -> (artifact id: '00000000000000000000000000000000') in 0.000480 seconds
Import Error Code:(4)
Message: Build asset version error: assets/scripts/firebasecode/leaderboardmanager.cs in SourceAssetDB has modification time of '2025-10-14T18:17:08.308846Z' while content on disk has modification time of '2025-10-14T18:17:12.2150952Z'
  ERROR: Build asset version error: assets/scripts/firebasecode/leaderboardmanager.cs in SourceAssetDB has modification time of '2025-10-14T18:17:08.308846Z' while content on disk has modification time of '2025-10-14T18:17:12.2150952Z'
Number of updated asset objects reloaded before import = 0
Number of asset objects unloaded after import = 0
========================================================================
Received Import Request.
  Time since last request: 0.009059 seconds.
  path: Assets/Scripts/FirebaseCode/LeaderboardManager.cs
  artifactKey: Guid(1a66a2345655f2b41ab45bb2c7f9cfb8) Importer(815301076,1909f56bfc062723c751e8b465ee728b)
Start importing Assets/Scripts/FirebaseCode/LeaderboardManager.cs using Guid(1a66a2345655f2b41ab45bb2c7f9cfb8) Importer(815301076,1909f56bfc062723c751e8b465ee728b)  -> (artifact id: '00000000000000000000000000000000') in 0.000504 seconds
Import Error Code:(4)
Message: Build asset version error: assets/scripts/firebasecode/leaderboardmanager.cs in SourceAssetDB has modification time of '2025-10-14T18:17:08.308846Z' while content on disk has modification time of '2025-10-14T18:17:12.2150952Z'
  ERROR: Build asset version error: assets/scripts/firebasecode/leaderboardmanager.cs in SourceAssetDB has modification time of '2025-10-14T18:17:08.308846Z' while content on disk has modification time of '2025-10-14T18:17:12.2150952Z'
Number of updated asset objects reloaded before import = 0
Number of asset objects unloaded after import = 0
========================================================================
Received Import Request.
  Time since last request: 0.009631 seconds.
  path: Assets/Scripts/FirebaseCode/LeaderboardManager.cs
  artifactKey: Guid(1a66a2345655f2b41ab45bb2c7f9cfb8) Importer(815301076,1909f56bfc062723c751e8b465ee728b)
Start importing Assets/Scripts/FirebaseCode/LeaderboardManager.cs using Guid(1a66a2345655f2b41ab45bb2c7f9cfb8) Importer(815301076,1909f56bfc062723c751e8b465ee728b)  -> (artifact id: '00000000000000000000000000000000') in 0.000647 seconds
Import Error Code:(4)
Message: Build asset version error: assets/scripts/firebasecode/leaderboardmanager.cs in SourceAssetDB has modification time of '2025-10-14T18:17:08.308846Z' while content on disk has modification time of '2025-10-14T18:17:12.2150952Z'
  ERROR: Build asset version error: assets/scripts/firebasecode/leaderboardmanager.cs in SourceAssetDB has modification time of '2025-10-14T18:17:08.308846Z' while content on disk has modification time of '2025-10-14T18:17:12.2150952Z'
Number of updated asset objects reloaded before import = 0
Number of asset objects unloaded after import = 0
========================================================================
Received Import Request.
  Time since last request: 0.008623 seconds.
  path: Assets/Scripts/FirebaseCode/LeaderboardManager.cs
  artifactKey: Guid(1a66a2345655f2b41ab45bb2c7f9cfb8) Importer(815301076,1909f56bfc062723c751e8b465ee728b)
Start importing Assets/Scripts/FirebaseCode/LeaderboardManager.cs using Guid(1a66a2345655f2b41ab45bb2c7f9cfb8) Importer(815301076,1909f56bfc062723c751e8b465ee728b)  -> (artifact id: '00000000000000000000000000000000') in 0.000489 seconds
Import Error Code:(4)
Message: Build asset version error: assets/scripts/firebasecode/leaderboardmanager.cs in SourceAssetDB has modification time of '2025-10-14T18:17:08.308846Z' while content on disk has modification time of '2025-10-14T18:17:12.2150952Z'
  ERROR: Build asset version error: assets/scripts/firebasecode/leaderboardmanager.cs in SourceAssetDB has modification time of '2025-10-14T18:17:08.308846Z' while content on disk has modification time of '2025-10-14T18:17:12.2150952Z'
Number of updated asset objects reloaded before import = 0
Number of asset objects unloaded after import = 0
========================================================================
Received Import Request.
  Time since last request: 0.008540 seconds.
  path: Assets/Scripts/FirebaseCode/LeaderboardManager.cs
  artifactKey: Guid(1a66a2345655f2b41ab45bb2c7f9cfb8) Importer(815301076,1909f56bfc062723c751e8b465ee728b)
Start importing Assets/Scripts/FirebaseCode/LeaderboardManager.cs using Guid(1a66a2345655f2b41ab45bb2c7f9cfb8) Importer(815301076,1909f56bfc062723c751e8b465ee728b)  -> (artifact id: '00000000000000000000000000000000') in 0.000575 seconds
Import Error Code:(4)
Message: Build asset version error: assets/scripts/firebasecode/leaderboardmanager.cs in SourceAssetDB has modification time of '2025-10-14T18:17:08.308846Z' while content on disk has modification time of '2025-10-14T18:17:12.2150952Z'
  ERROR: Build asset version error: assets/scripts/firebasecode/leaderboardmanager.cs in SourceAssetDB has modification time of '2025-10-14T18:17:08.308846Z' while content on disk has modification time of '2025-10-14T18:17:12.2150952Z'
Number of updated asset objects reloaded before import = 0
Number of asset objects unloaded after import = 0
========================================================================
Received Import Request.
  Time since last request: 0.009517 seconds.
  path: Assets/Scripts/FirebaseCode/LeaderboardManager.cs
  artifactKey: Guid(1a66a2345655f2b41ab45bb2c7f9cfb8) Importer(815301076,1909f56bfc062723c751e8b465ee728b)
Start importing Assets/Scripts/FirebaseCode/LeaderboardManager.cs using Guid(1a66a2345655f2b41ab45bb2c7f9cfb8) Importer(815301076,1909f56bfc062723c751e8b465ee728b)  -> (artifact id: '00000000000000000000000000000000') in 0.000630 seconds
Import Error Code:(4)
Message: Build asset version error: assets/scripts/firebasecode/leaderboardmanager.cs in SourceAssetDB has modification time of '2025-10-14T18:17:08.308846Z' while content on disk has modification time of '2025-10-14T18:17:12.2150952Z'
  ERROR: Build asset version error: assets/scripts/firebasecode/leaderboardmanager.cs in SourceAssetDB has modification time of '2025-10-14T18:17:08.308846Z' while content on disk has modification time of '2025-10-14T18:17:12.2150952Z'
Number of updated asset objects reloaded before import = 0
Number of asset objects unloaded after import = 0
========================================================================
Received Import Request.
  Time since last request: 0.008302 seconds.
  path: Assets/Scripts/FirebaseCode/LeaderboardManager.cs
  artifactKey: Guid(1a66a2345655f2b41ab45bb2c7f9cfb8) Importer(815301076,1909f56bfc062723c751e8b465ee728b)
Start importing Assets/Scripts/FirebaseCode/LeaderboardManager.cs using Guid(1a66a2345655f2b41ab45bb2c7f9cfb8) Importer(815301076,1909f56bfc062723c751e8b465ee728b)  -> (artifact id: '00000000000000000000000000000000') in 0.000811 seconds
Import Error Code:(4)
Message: Build asset version error: assets/scripts/firebasecode/leaderboardmanager.cs in SourceAssetDB has modification time of '2025-10-14T18:17:08.308846Z' while content on disk has modification time of '2025-10-14T18:17:12.2150952Z'
  ERROR: Build asset version error: assets/scripts/firebasecode/leaderboardmanager.cs in SourceAssetDB has modification time of '2025-10-14T18:17:08.308846Z' while content on disk has modification time of '2025-10-14T18:17:12.2150952Z'
Number of updated asset objects reloaded before import = 0
Number of asset objects unloaded after import = 0
========================================================================
Received Import Request.
  Time since last request: 0.009066 seconds.
  path: Assets/Scripts/FirebaseCode/LeaderboardManager.cs
  artifactKey: Guid(1a66a2345655f2b41ab45bb2c7f9cfb8) Importer(815301076,1909f56bfc062723c751e8b465ee728b)
Start importing Assets/Scripts/FirebaseCode/LeaderboardManager.cs using Guid(1a66a2345655f2b41ab45bb2c7f9cfb8) Importer(815301076,1909f56bfc062723c751e8b465ee728b)  -> (artifact id: '00000000000000000000000000000000') in 0.000657 seconds
Import Error Code:(4)
Message: Build asset version error: assets/scripts/firebasecode/leaderboardmanager.cs in SourceAssetDB has modification time of '2025-10-14T18:17:08.308846Z' while content on disk has modification time of '2025-10-14T18:17:12.2150952Z'
  ERROR: Build asset version error: assets/scripts/firebasecode/leaderboardmanager.cs in SourceAssetDB has modification time of '2025-10-14T18:17:08.308846Z' while content on disk has modification time of '2025-10-14T18:17:12.2150952Z'
Number of updated asset objects reloaded before import = 0
Number of asset objects unloaded after import = 0
========================================================================
Received Import Request.
  Time since last request: 0.009334 seconds.
  path: Assets/Scripts/FirebaseCode/LeaderboardManager.cs
  artifactKey: Guid(1a66a2345655f2b41ab45bb2c7f9cfb8) Importer(815301076,1909f56bfc062723c751e8b465ee728b)
Start importing Assets/Scripts/FirebaseCode/LeaderboardManager.cs using Guid(1a66a2345655f2b41ab45bb2c7f9cfb8) Importer(815301076,1909f56bfc062723c751e8b465ee728b)  -> (artifact id: '00000000000000000000000000000000') in 0.000762 seconds
Import Error Code:(4)
Message: Build asset version error: assets/scripts/firebasecode/leaderboardmanager.cs in SourceAssetDB has modification time of '2025-10-14T18:17:08.308846Z' while content on disk has modification time of '2025-10-14T18:17:12.2150952Z'
  ERROR: Build asset version error: assets/scripts/firebasecode/leaderboardmanager.cs in SourceAssetDB has modification time of '2025-10-14T18:17:08.308846Z' while content on disk has modification time of '2025-10-14T18:17:12.2150952Z'
Number of updated asset objects reloaded before import = 0
Number of asset objects unloaded after import = 0
========================================================================
Received Import Request.
  Time since last request: 0.013242 seconds.
  path: Assets/Scripts/FirebaseCode/LeaderboardManager.cs
  artifactKey: Guid(1a66a2345655f2b41ab45bb2c7f9cfb8) Importer(815301076,1909f56bfc062723c751e8b465ee728b)
Start importing Assets/Scripts/FirebaseCode/LeaderboardManager.cs using Guid(1a66a2345655f2b41ab45bb2c7f9cfb8) Importer(815301076,1909f56bfc062723c751e8b465ee728b)  -> (artifact id: '00000000000000000000000000000000') in 0.000659 seconds
Import Error Code:(4)
Message: Build asset version error: assets/scripts/firebasecode/leaderboardmanager.cs in SourceAssetDB has modification time of '2025-10-14T18:17:08.308846Z' while content on disk has modification time of '2025-10-14T18:17:12.2150952Z'
  ERROR: Build asset version error: assets/scripts/firebasecode/leaderboardmanager.cs in SourceAssetDB has modification time of '2025-10-14T18:17:08.308846Z' while content on disk has modification time of '2025-10-14T18:17:12.2150952Z'
Number of updated asset objects reloaded before import = 0
Number of asset objects unloaded after import = 0
========================================================================
Received Import Request.
  Time since last request: 0.010354 seconds.
  path: Assets/Scripts/FirebaseCode/LeaderboardManager.cs
  artifactKey: Guid(1a66a2345655f2b41ab45bb2c7f9cfb8) Importer(815301076,1909f56bfc062723c751e8b465ee728b)
Start importing Assets/Scripts/FirebaseCode/LeaderboardManager.cs using Guid(1a66a2345655f2b41ab45bb2c7f9cfb8) Importer(815301076,1909f56bfc062723c751e8b465ee728b)  -> (artifact id: '00000000000000000000000000000000') in 0.000561 seconds
Import Error Code:(4)
Message: Build asset version error: assets/scripts/firebasecode/leaderboardmanager.cs in SourceAssetDB has modification time of '2025-10-14T18:17:08.308846Z' while content on disk has modification time of '2025-10-14T18:17:12.2150952Z'
  ERROR: Build asset version error: assets/scripts/firebasecode/leaderboardmanager.cs in SourceAssetDB has modification time of '2025-10-14T18:17:08.308846Z' while content on disk has modification time of '2025-10-14T18:17:12.2150952Z'
Number of updated asset objects reloaded before import = 0
Number of asset objects unloaded after import = 0
========================================================================
Received Import Request.
  Time since last request: 0.010774 seconds.
  path: Assets/Scripts/FirebaseCode/LeaderboardManager.cs
  artifactKey: Guid(1a66a2345655f2b41ab45bb2c7f9cfb8) Importer(815301076,1909f56bfc062723c751e8b465ee728b)
Start importing Assets/Scripts/FirebaseCode/LeaderboardManager.cs using Guid(1a66a2345655f2b41ab45bb2c7f9cfb8) Importer(815301076,1909f56bfc062723c751e8b465ee728b)  -> (artifact id: '00000000000000000000000000000000') in 0.000483 seconds
Import Error Code:(4)
Message: Build asset version error: assets/scripts/firebasecode/leaderboardmanager.cs in SourceAssetDB has modification time of '2025-10-14T18:17:08.308846Z' while content on disk has modification time of '2025-10-14T18:17:12.2150952Z'
  ERROR: Build asset version error: assets/scripts/firebasecode/leaderboardmanager.cs in SourceAssetDB has modification time of '2025-10-14T18:17:08.308846Z' while content on disk has modification time of '2025-10-14T18:17:12.2150952Z'
Number of updated asset objects reloaded before import = 0
Number of asset objects unloaded after import = 0
========================================================================
Received Import Request.
  Time since last request: 0.010611 seconds.
  path: Assets/Scripts/FirebaseCode/LeaderboardManager.cs
  artifactKey: Guid(1a66a2345655f2b41ab45bb2c7f9cfb8) Importer(815301076,1909f56bfc062723c751e8b465ee728b)
Start importing Assets/Scripts/FirebaseCode/LeaderboardManager.cs using Guid(1a66a2345655f2b41ab45bb2c7f9cfb8) Importer(815301076,1909f56bfc062723c751e8b465ee728b)  -> (artifact id: '00000000000000000000000000000000') in 0.000544 seconds
Import Error Code:(4)
Message: Build asset version error: assets/scripts/firebasecode/leaderboardmanager.cs in SourceAssetDB has modification time of '2025-10-14T18:17:08.308846Z' while content on disk has modification time of '2025-10-14T18:17:12.2150952Z'
  ERROR: Build asset version error: assets/scripts/firebasecode/leaderboardmanager.cs in SourceAssetDB has modification time of '2025-10-14T18:17:08.308846Z' while content on disk has modification time of '2025-10-14T18:17:12.2150952Z'
Number of updated asset objects reloaded before import = 0
Number of asset objects unloaded after import = 0
========================================================================
Received Import Request.
  Time since last request: 0.009322 seconds.
  path: Assets/Scripts/FirebaseCode/LeaderboardManager.cs
  artifactKey: Guid(1a66a2345655f2b41ab45bb2c7f9cfb8) Importer(815301076,1909f56bfc062723c751e8b465ee728b)
Start importing Assets/Scripts/FirebaseCode/LeaderboardManager.cs using Guid(1a66a2345655f2b41ab45bb2c7f9cfb8) Importer(815301076,1909f56bfc062723c751e8b465ee728b)  -> (artifact id: '00000000000000000000000000000000') in 0.000510 seconds
Import Error Code:(4)
Message: Build asset version error: assets/scripts/firebasecode/leaderboardmanager.cs in SourceAssetDB has modification time of '2025-10-14T18:17:08.308846Z' while content on disk has modification time of '2025-10-14T18:17:12.2150952Z'
  ERROR: Build asset version error: assets/scripts/firebasecode/leaderboardmanager.cs in SourceAssetDB has modification time of '2025-10-14T18:17:08.308846Z' while content on disk has modification time of '2025-10-14T18:17:12.2150952Z'
Number of updated asset objects reloaded before import = 0
Number of asset objects unloaded after import = 0
========================================================================
Received Import Request.
  Time since last request: 0.009129 seconds.
  path: Assets/Scripts/FirebaseCode/LeaderboardManager.cs
  artifactKey: Guid(1a66a2345655f2b41ab45bb2c7f9cfb8) Importer(815301076,1909f56bfc062723c751e8b465ee728b)
Start importing Assets/Scripts/FirebaseCode/LeaderboardManager.cs using Guid(1a66a2345655f2b41ab45bb2c7f9cfb8) Importer(815301076,1909f56bfc062723c751e8b465ee728b)  -> (artifact id: '00000000000000000000000000000000') in 0.000517 seconds
Import Error Code:(4)
Message: Build asset version error: assets/scripts/firebasecode/leaderboardmanager.cs in SourceAssetDB has modification time of '2025-10-14T18:17:08.308846Z' while content on disk has modification time of '2025-10-14T18:17:12.2150952Z'
  ERROR: Build asset version error: assets/scripts/firebasecode/leaderboardmanager.cs in SourceAssetDB has modification time of '2025-10-14T18:17:08.308846Z' while content on disk has modification time of '2025-10-14T18:17:12.2150952Z'
Number of updated asset objects reloaded before import = 0
Number of asset objects unloaded after import = 0
========================================================================
Received Import Request.
  Time since last request: 0.012672 seconds.
  path: Assets/Scripts/FirebaseCode/LeaderboardManager.cs
  artifactKey: Guid(1a66a2345655f2b41ab45bb2c7f9cfb8) Importer(815301076,1909f56bfc062723c751e8b465ee728b)
Start importing Assets/Scripts/FirebaseCode/LeaderboardManager.cs using Guid(1a66a2345655f2b41ab45bb2c7f9cfb8) Importer(815301076,1909f56bfc062723c751e8b465ee728b)  -> (artifact id: '00000000000000000000000000000000') in 0.000507 seconds
Import Error Code:(4)
Message: Build asset version error: assets/scripts/firebasecode/leaderboardmanager.cs in SourceAssetDB has modification time of '2025-10-14T18:17:08.308846Z' while content on disk has modification time of '2025-10-14T18:17:12.2150952Z'
  ERROR: Build asset version error: assets/scripts/firebasecode/leaderboardmanager.cs in SourceAssetDB has modification time of '2025-10-14T18:17:08.308846Z' while content on disk has modification time of '2025-10-14T18:17:12.2150952Z'
Number of updated asset objects reloaded before import = 0
Number of asset objects unloaded after import = 0
========================================================================
Received Import Request.
  Time since last request: 0.010861 seconds.
  path: Assets/Scripts/FirebaseCode/LeaderboardManager.cs
  artifactKey: Guid(1a66a2345655f2b41ab45bb2c7f9cfb8) Importer(815301076,1909f56bfc062723c751e8b465ee728b)
Start importing Assets/Scripts/FirebaseCode/LeaderboardManager.cs using Guid(1a66a2345655f2b41ab45bb2c7f9cfb8) Importer(815301076,1909f56bfc062723c751e8b465ee728b)  -> (artifact id: '00000000000000000000000000000000') in 0.000567 seconds
Import Error Code:(4)
Message: Build asset version error: assets/scripts/firebasecode/leaderboardmanager.cs in SourceAssetDB has modification time of '2025-10-14T18:17:08.308846Z' while content on disk has modification time of '2025-10-14T18:17:12.2150952Z'
  ERROR: Build asset version error: assets/scripts/firebasecode/leaderboardmanager.cs in SourceAssetDB has modification time of '2025-10-14T18:17:08.308846Z' while content on disk has modification time of '2025-10-14T18:17:12.2150952Z'
Number of updated asset objects reloaded before import = 0
Number of asset objects unloaded after import = 0
========================================================================
Received Import Request.
  Time since last request: 0.014277 seconds.
  path: Assets/Scripts/FirebaseCode/LeaderboardManager.cs
  artifactKey: Guid(1a66a2345655f2b41ab45bb2c7f9cfb8) Importer(815301076,1909f56bfc062723c751e8b465ee728b)
Start importing Assets/Scripts/FirebaseCode/LeaderboardManager.cs using Guid(1a66a2345655f2b41ab45bb2c7f9cfb8) Importer(815301076,1909f56bfc062723c751e8b465ee728b)  -> (artifact id: '00000000000000000000000000000000') in 0.000521 seconds
Import Error Code:(4)
Message: Build asset version error: assets/scripts/firebasecode/leaderboardmanager.cs in SourceAssetDB has modification time of '2025-10-14T18:17:08.308846Z' while content on disk has modification time of '2025-10-14T18:17:12.2150952Z'
  ERROR: Build asset version error: assets/scripts/firebasecode/leaderboardmanager.cs in SourceAssetDB has modification time of '2025-10-14T18:17:08.308846Z' while content on disk has modification time of '2025-10-14T18:17:12.2150952Z'
Number of updated asset objects reloaded before import = 0
Number of asset objects unloaded after import = 0
========================================================================
Received Import Request.
  Time since last request: 0.009561 seconds.
  path: Assets/Scripts/FirebaseCode/LeaderboardManager.cs
  artifactKey: Guid(1a66a2345655f2b41ab45bb2c7f9cfb8) Importer(815301076,1909f56bfc062723c751e8b465ee728b)
Start importing Assets/Scripts/FirebaseCode/LeaderboardManager.cs using Guid(1a66a2345655f2b41ab45bb2c7f9cfb8) Importer(815301076,1909f56bfc062723c751e8b465ee728b)  -> (artifact id: '00000000000000000000000000000000') in 0.000535 seconds
Import Error Code:(4)
Message: Build asset version error: assets/scripts/firebasecode/leaderboardmanager.cs in SourceAssetDB has modification time of '2025-10-14T18:17:08.308846Z' while content on disk has modification time of '2025-10-14T18:17:12.2150952Z'
  ERROR: Build asset version error: assets/scripts/firebasecode/leaderboardmanager.cs in SourceAssetDB has modification time of '2025-10-14T18:17:08.308846Z' while content on disk has modification time of '2025-10-14T18:17:12.2150952Z'
Number of updated asset objects reloaded before import = 0
Number of asset objects unloaded after import = 0
========================================================================
Received Import Request.
  Time since last request: 0.009874 seconds.
  path: Assets/Scripts/FirebaseCode/LeaderboardManager.cs
  artifactKey: Guid(1a66a2345655f2b41ab45bb2c7f9cfb8) Importer(815301076,1909f56bfc062723c751e8b465ee728b)
Start importing Assets/Scripts/FirebaseCode/LeaderboardManager.cs using Guid(1a66a2345655f2b41ab45bb2c7f9cfb8) Importer(815301076,1909f56bfc062723c751e8b465ee728b)  -> (artifact id: '00000000000000000000000000000000') in 0.000724 seconds
Import Error Code:(4)
Message: Build asset version error: assets/scripts/firebasecode/leaderboardmanager.cs in SourceAssetDB has modification time of '2025-10-14T18:17:08.308846Z' while content on disk has modification time of '2025-10-14T18:17:12.2150952Z'
  ERROR: Build asset version error: assets/scripts/firebasecode/leaderboardmanager.cs in SourceAssetDB has modification time of '2025-10-14T18:17:08.308846Z' while content on disk has modification time of '2025-10-14T18:17:12.2150952Z'
Number of updated asset objects reloaded before import = 0
Number of asset objects unloaded after import = 0
========================================================================
Received Import Request.
  Time since last request: 0.010634 seconds.
  path: Assets/Scripts/FirebaseCode/LeaderboardManager.cs
  artifactKey: Guid(1a66a2345655f2b41ab45bb2c7f9cfb8) Importer(815301076,1909f56bfc062723c751e8b465ee728b)
Start importing Assets/Scripts/FirebaseCode/LeaderboardManager.cs using Guid(1a66a2345655f2b41ab45bb2c7f9cfb8) Importer(815301076,1909f56bfc062723c751e8b465ee728b)  -> (artifact id: '00000000000000000000000000000000') in 0.000766 seconds
Import Error Code:(4)
Message: Build asset version error: assets/scripts/firebasecode/leaderboardmanager.cs in SourceAssetDB has modification time of '2025-10-14T18:17:08.308846Z' while content on disk has modification time of '2025-10-14T18:17:12.2150952Z'
  ERROR: Build asset version error: assets/scripts/firebasecode/leaderboardmanager.cs in SourceAssetDB has modification time of '2025-10-14T18:17:08.308846Z' while content on disk has modification time of '2025-10-14T18:17:12.2150952Z'
Number of updated asset objects reloaded before import = 0
Number of asset objects unloaded after import = 0
========================================================================
Received Import Request.
  Time since last request: 0.008391 seconds.
  path: Assets/Scripts/FirebaseCode/LeaderboardManager.cs
  artifactKey: Guid(1a66a2345655f2b41ab45bb2c7f9cfb8) Importer(815301076,1909f56bfc062723c751e8b465ee728b)
Start importing Assets/Scripts/FirebaseCode/LeaderboardManager.cs using Guid(1a66a2345655f2b41ab45bb2c7f9cfb8) Importer(815301076,1909f56bfc062723c751e8b465ee728b)  -> (artifact id: '00000000000000000000000000000000') in 0.000536 seconds
Import Error Code:(4)
Message: Build asset version error: assets/scripts/firebasecode/leaderboardmanager.cs in SourceAssetDB has modification time of '2025-10-14T18:17:08.308846Z' while content on disk has modification time of '2025-10-14T18:17:12.2150952Z'
  ERROR: Build asset version error: assets/scripts/firebasecode/leaderboardmanager.cs in SourceAssetDB has modification time of '2025-10-14T18:17:08.308846Z' while content on disk has modification time of '2025-10-14T18:17:12.2150952Z'
Number of updated asset objects reloaded before import = 0
Number of asset objects unloaded after import = 0
========================================================================
Received Import Request.
  Time since last request: 0.008412 seconds.
  path: Assets/Scripts/FirebaseCode/LeaderboardManager.cs
  artifactKey: Guid(1a66a2345655f2b41ab45bb2c7f9cfb8) Importer(815301076,1909f56bfc062723c751e8b465ee728b)
Start importing Assets/Scripts/FirebaseCode/LeaderboardManager.cs using Guid(1a66a2345655f2b41ab45bb2c7f9cfb8) Importer(815301076,1909f56bfc062723c751e8b465ee728b)  -> (artifact id: '00000000000000000000000000000000') in 0.000513 seconds
Import Error Code:(4)
Message: Build asset version error: assets/scripts/firebasecode/leaderboardmanager.cs in SourceAssetDB has modification time of '2025-10-14T18:17:08.308846Z' while content on disk has modification time of '2025-10-14T18:17:12.2150952Z'
  ERROR: Build asset version error: assets/scripts/firebasecode/leaderboardmanager.cs in SourceAssetDB has modification time of '2025-10-14T18:17:08.308846Z' while content on disk has modification time of '2025-10-14T18:17:12.2150952Z'
Number of updated asset objects reloaded before import = 0
Number of asset objects unloaded after import = 0
========================================================================
Received Import Request.
  Time since last request: 0.008946 seconds.
  path: Assets/Scripts/FirebaseCode/LeaderboardManager.cs
  artifactKey: Guid(1a66a2345655f2b41ab45bb2c7f9cfb8) Importer(815301076,1909f56bfc062723c751e8b465ee728b)
Start importing Assets/Scripts/FirebaseCode/LeaderboardManager.cs using Guid(1a66a2345655f2b41ab45bb2c7f9cfb8) Importer(815301076,1909f56bfc062723c751e8b465ee728b)  -> (artifact id: '00000000000000000000000000000000') in 0.000919 seconds
Import Error Code:(4)
Message: Build asset version error: assets/scripts/firebasecode/leaderboardmanager.cs in SourceAssetDB has modification time of '2025-10-14T18:17:08.308846Z' while content on disk has modification time of '2025-10-14T18:17:12.2150952Z'
  ERROR: Build asset version error: assets/scripts/firebasecode/leaderboardmanager.cs in SourceAssetDB has modification time of '2025-10-14T18:17:08.308846Z' while content on disk has modification time of '2025-10-14T18:17:12.2150952Z'
Number of updated asset objects reloaded before import = 0
Number of asset objects unloaded after import = 0
========================================================================
Received Import Request.
  Time since last request: 0.008481 seconds.
  path: Assets/Scripts/FirebaseCode/LeaderboardManager.cs
  artifactKey: Guid(1a66a2345655f2b41ab45bb2c7f9cfb8) Importer(815301076,1909f56bfc062723c751e8b465ee728b)
Start importing Assets/Scripts/FirebaseCode/LeaderboardManager.cs using Guid(1a66a2345655f2b41ab45bb2c7f9cfb8) Importer(815301076,1909f56bfc062723c751e8b465ee728b)  -> (artifact id: '00000000000000000000000000000000') in 0.000446 seconds
Import Error Code:(4)
Message: Build asset version error: assets/scripts/firebasecode/leaderboardmanager.cs in SourceAssetDB has modification time of '2025-10-14T18:17:08.308846Z' while content on disk has modification time of '2025-10-14T18:17:12.2150952Z'
  ERROR: Build asset version error: assets/scripts/firebasecode/leaderboardmanager.cs in SourceAssetDB has modification time of '2025-10-14T18:17:08.308846Z' while content on disk has modification time of '2025-10-14T18:17:12.2150952Z'
Number of updated asset objects reloaded before import = 0
Number of asset objects unloaded after import = 0
========================================================================
Received Import Request.
  Time since last request: 0.008379 seconds.
  path: Assets/Scripts/FirebaseCode/LeaderboardManager.cs
  artifactKey: Guid(1a66a2345655f2b41ab45bb2c7f9cfb8) Importer(815301076,1909f56bfc062723c751e8b465ee728b)
Start importing Assets/Scripts/FirebaseCode/LeaderboardManager.cs using Guid(1a66a2345655f2b41ab45bb2c7f9cfb8) Importer(815301076,1909f56bfc062723c751e8b465ee728b)  -> (artifact id: '00000000000000000000000000000000') in 0.000563 seconds
Import Error Code:(4)
Message: Build asset version error: assets/scripts/firebasecode/leaderboardmanager.cs in SourceAssetDB has modification time of '2025-10-14T18:17:08.308846Z' while content on disk has modification time of '2025-10-14T18:17:12.2150952Z'
  ERROR: Build asset version error: assets/scripts/firebasecode/leaderboardmanager.cs in SourceAssetDB has modification time of '2025-10-14T18:17:08.308846Z' while content on disk has modification time of '2025-10-14T18:17:12.2150952Z'
Number of updated asset objects reloaded before import = 0
Number of asset objects unloaded after import = 0
========================================================================
Received Import Request.
  Time since last request: 0.009518 seconds.
  path: Assets/Scripts/FirebaseCode/LeaderboardManager.cs
  artifactKey: Guid(1a66a2345655f2b41ab45bb2c7f9cfb8) Importer(815301076,1909f56bfc062723c751e8b465ee728b)
Start importing Assets/Scripts/FirebaseCode/LeaderboardManager.cs using Guid(1a66a2345655f2b41ab45bb2c7f9cfb8) Importer(815301076,1909f56bfc062723c751e8b465ee728b)  -> (artifact id: '00000000000000000000000000000000') in 0.000589 seconds
Import Error Code:(4)
Message: Build asset version error: assets/scripts/firebasecode/leaderboardmanager.cs in SourceAssetDB has modification time of '2025-10-14T18:17:08.308846Z' while content on disk has modification time of '2025-10-14T18:17:12.2150952Z'
  ERROR: Build asset version error: assets/scripts/firebasecode/leaderboardmanager.cs in SourceAssetDB has modification time of '2025-10-14T18:17:08.308846Z' while content on disk has modification time of '2025-10-14T18:17:12.2150952Z'
Number of updated asset objects reloaded before import = 0
Number of asset objects unloaded after import = 0
========================================================================
Received Import Request.
  Time since last request: 0.008323 seconds.
  path: Assets/Scripts/FirebaseCode/LeaderboardManager.cs
  artifactKey: Guid(1a66a2345655f2b41ab45bb2c7f9cfb8) Importer(815301076,1909f56bfc062723c751e8b465ee728b)
Start importing Assets/Scripts/FirebaseCode/LeaderboardManager.cs using Guid(1a66a2345655f2b41ab45bb2c7f9cfb8) Importer(815301076,1909f56bfc062723c751e8b465ee728b)  -> (artifact id: '00000000000000000000000000000000') in 0.000601 seconds
Import Error Code:(4)
Message: Build asset version error: assets/scripts/firebasecode/leaderboardmanager.cs in SourceAssetDB has modification time of '2025-10-14T18:17:08.308846Z' while content on disk has modification time of '2025-10-14T18:17:12.2150952Z'
  ERROR: Build asset version error: assets/scripts/firebasecode/leaderboardmanager.cs in SourceAssetDB has modification time of '2025-10-14T18:17:08.308846Z' while content on disk has modification time of '2025-10-14T18:17:12.2150952Z'
Number of updated asset objects reloaded before import = 0
Number of asset objects unloaded after import = 0
========================================================================
Received Import Request.
  Time since last request: 0.007773 seconds.
  path: Assets/Scripts/FirebaseCode/LeaderboardManager.cs
  artifactKey: Guid(1a66a2345655f2b41ab45bb2c7f9cfb8) Importer(815301076,1909f56bfc062723c751e8b465ee728b)
Start importing Assets/Scripts/FirebaseCode/LeaderboardManager.cs using Guid(1a66a2345655f2b41ab45bb2c7f9cfb8) Importer(815301076,1909f56bfc062723c751e8b465ee728b)  -> (artifact id: '00000000000000000000000000000000') in 0.000895 seconds
Import Error Code:(4)
Message: Build asset version error: assets/scripts/firebasecode/leaderboardmanager.cs in SourceAssetDB has modification time of '2025-10-14T18:17:08.308846Z' while content on disk has modification time of '2025-10-14T18:17:12.2150952Z'
  ERROR: Build asset version error: assets/scripts/firebasecode/leaderboardmanager.cs in SourceAssetDB has modification time of '2025-10-14T18:17:08.308846Z' while content on disk has modification time of '2025-10-14T18:17:12.2150952Z'
Number of updated asset objects reloaded before import = 0
Number of asset objects unloaded after import = 0
========================================================================
Received Import Request.
  Time since last request: 0.008412 seconds.
  path: Assets/Scripts/FirebaseCode/LeaderboardManager.cs
  artifactKey: Guid(1a66a2345655f2b41ab45bb2c7f9cfb8) Importer(815301076,1909f56bfc062723c751e8b465ee728b)
Start importing Assets/Scripts/FirebaseCode/LeaderboardManager.cs using Guid(1a66a2345655f2b41ab45bb2c7f9cfb8) Importer(815301076,1909f56bfc062723c751e8b465ee728b)  -> (artifact id: '00000000000000000000000000000000') in 0.000473 seconds
Import Error Code:(4)
Message: Build asset version error: assets/scripts/firebasecode/leaderboardmanager.cs in SourceAssetDB has modification time of '2025-10-14T18:17:08.308846Z' while content on disk has modification time of '2025-10-14T18:17:12.2150952Z'
  ERROR: Build asset version error: assets/scripts/firebasecode/leaderboardmanager.cs in SourceAssetDB has modification time of '2025-10-14T18:17:08.308846Z' while content on disk has modification time of '2025-10-14T18:17:12.2150952Z'
Number of updated asset objects reloaded before import = 0
Number of asset objects unloaded after import = 0
========================================================================
Received Import Request.
  Time since last request: 0.008091 seconds.
  path: Assets/Scripts/FirebaseCode/LeaderboardManager.cs
  artifactKey: Guid(1a66a2345655f2b41ab45bb2c7f9cfb8) Importer(815301076,1909f56bfc062723c751e8b465ee728b)
Start importing Assets/Scripts/FirebaseCode/LeaderboardManager.cs using Guid(1a66a2345655f2b41ab45bb2c7f9cfb8) Importer(815301076,1909f56bfc062723c751e8b465ee728b)  -> (artifact id: '00000000000000000000000000000000') in 0.000534 seconds
Import Error Code:(4)
Message: Build asset version error: assets/scripts/firebasecode/leaderboardmanager.cs in SourceAssetDB has modification time of '2025-10-14T18:17:08.308846Z' while content on disk has modification time of '2025-10-14T18:17:12.2150952Z'
  ERROR: Build asset version error: assets/scripts/firebasecode/leaderboardmanager.cs in SourceAssetDB has modification time of '2025-10-14T18:17:08.308846Z' while content on disk has modification time of '2025-10-14T18:17:12.2150952Z'
Number of updated asset objects reloaded before import = 0
Number of asset objects unloaded after import = 0
========================================================================
Received Import Request.
  Time since last request: 0.008712 seconds.
  path: Assets/Scripts/FirebaseCode/LeaderboardManager.cs
  artifactKey: Guid(1a66a2345655f2b41ab45bb2c7f9cfb8) Importer(815301076,1909f56bfc062723c751e8b465ee728b)
Start importing Assets/Scripts/FirebaseCode/LeaderboardManager.cs using Guid(1a66a2345655f2b41ab45bb2c7f9cfb8) Importer(815301076,1909f56bfc062723c751e8b465ee728b)  -> (artifact id: '00000000000000000000000000000000') in 0.000487 seconds
Import Error Code:(4)
Message: Build asset version error: assets/scripts/firebasecode/leaderboardmanager.cs in SourceAssetDB has modification time of '2025-10-14T18:17:08.308846Z' while content on disk has modification time of '2025-10-14T18:17:12.2150952Z'
  ERROR: Build asset version error: assets/scripts/firebasecode/leaderboardmanager.cs in SourceAssetDB has modification time of '2025-10-14T18:17:08.308846Z' while content on disk has modification time of '2025-10-14T18:17:12.2150952Z'
Number of updated asset objects reloaded before import = 0
Number of asset objects unloaded after import = 0
========================================================================
Received Import Request.
  Time since last request: 0.008904 seconds.
  path: Assets/Scripts/FirebaseCode/LeaderboardManager.cs
  artifactKey: Guid(1a66a2345655f2b41ab45bb2c7f9cfb8) Importer(815301076,1909f56bfc062723c751e8b465ee728b)
Start importing Assets/Scripts/FirebaseCode/LeaderboardManager.cs using Guid(1a66a2345655f2b41ab45bb2c7f9cfb8) Importer(815301076,1909f56bfc062723c751e8b465ee728b)  -> (artifact id: '00000000000000000000000000000000') in 0.000591 seconds
Import Error Code:(4)
Message: Build asset version error: assets/scripts/firebasecode/leaderboardmanager.cs in SourceAssetDB has modification time of '2025-10-14T18:17:08.308846Z' while content on disk has modification time of '2025-10-14T18:17:12.2150952Z'
  ERROR: Build asset version error: assets/scripts/firebasecode/leaderboardmanager.cs in SourceAssetDB has modification time of '2025-10-14T18:17:08.308846Z' while content on disk has modification time of '2025-10-14T18:17:12.2150952Z'
Number of updated asset objects reloaded before import = 0
Number of asset objects unloaded after import = 0
========================================================================
Received Import Request.
  Time since last request: 0.008730 seconds.
  path: Assets/Scripts/FirebaseCode/LeaderboardManager.cs
  artifactKey: Guid(1a66a2345655f2b41ab45bb2c7f9cfb8) Importer(815301076,1909f56bfc062723c751e8b465ee728b)
Start importing Assets/Scripts/FirebaseCode/LeaderboardManager.cs using Guid(1a66a2345655f2b41ab45bb2c7f9cfb8) Importer(815301076,1909f56bfc062723c751e8b465ee728b)  -> (artifact id: '00000000000000000000000000000000') in 0.000539 seconds
Import Error Code:(4)
Message: Build asset version error: assets/scripts/firebasecode/leaderboardmanager.cs in SourceAssetDB has modification time of '2025-10-14T18:17:08.308846Z' while content on disk has modification time of '2025-10-14T18:17:12.2150952Z'
  ERROR: Build asset version error: assets/scripts/firebasecode/leaderboardmanager.cs in SourceAssetDB has modification time of '2025-10-14T18:17:08.308846Z' while content on disk has modification time of '2025-10-14T18:17:12.2150952Z'
Number of updated asset objects reloaded before import = 0
Number of asset objects unloaded after import = 0
========================================================================
Received Import Request.
  Time since last request: 0.008894 seconds.
  path: Assets/Scripts/FirebaseCode/LeaderboardManager.cs
  artifactKey: Guid(1a66a2345655f2b41ab45bb2c7f9cfb8) Importer(815301076,1909f56bfc062723c751e8b465ee728b)
Start importing Assets/Scripts/FirebaseCode/LeaderboardManager.cs using Guid(1a66a2345655f2b41ab45bb2c7f9cfb8) Importer(815301076,1909f56bfc062723c751e8b465ee728b)  -> (artifact id: '00000000000000000000000000000000') in 0.000729 seconds
Import Error Code:(4)
Message: Build asset version error: assets/scripts/firebasecode/leaderboardmanager.cs in SourceAssetDB has modification time of '2025-10-14T18:17:08.308846Z' while content on disk has modification time of '2025-10-14T18:17:12.2150952Z'
  ERROR: Build asset version error: assets/scripts/firebasecode/leaderboardmanager.cs in SourceAssetDB has modification time of '2025-10-14T18:17:08.308846Z' while content on disk has modification time of '2025-10-14T18:17:12.2150952Z'
Number of updated asset objects reloaded before import = 0
Number of asset objects unloaded after import = 0
========================================================================
Received Import Request.
  Time since last request: 0.008899 seconds.
  path: Assets/Scripts/FirebaseCode/LeaderboardManager.cs
  artifactKey: Guid(1a66a2345655f2b41ab45bb2c7f9cfb8) Importer(815301076,1909f56bfc062723c751e8b465ee728b)
Start importing Assets/Scripts/FirebaseCode/LeaderboardManager.cs using Guid(1a66a2345655f2b41ab45bb2c7f9cfb8) Importer(815301076,1909f56bfc062723c751e8b465ee728b)  -> (artifact id: '00000000000000000000000000000000') in 0.000883 seconds
Import Error Code:(4)
Message: Build asset version error: assets/scripts/firebasecode/leaderboardmanager.cs in SourceAssetDB has modification time of '2025-10-14T18:17:08.308846Z' while content on disk has modification time of '2025-10-14T18:17:12.2150952Z'
  ERROR: Build asset version error: assets/scripts/firebasecode/leaderboardmanager.cs in SourceAssetDB has modification time of '2025-10-14T18:17:08.308846Z' while content on disk has modification time of '2025-10-14T18:17:12.2150952Z'
Number of updated asset objects reloaded before import = 0
Number of asset objects unloaded after import = 0
========================================================================
Received Import Request.
  Time since last request: 0.008586 seconds.
  path: Assets/Scripts/FirebaseCode/LeaderboardManager.cs
  artifactKey: Guid(1a66a2345655f2b41ab45bb2c7f9cfb8) Importer(815301076,1909f56bfc062723c751e8b465ee728b)
Start importing Assets/Scripts/FirebaseCode/LeaderboardManager.cs using Guid(1a66a2345655f2b41ab45bb2c7f9cfb8) Importer(815301076,1909f56bfc062723c751e8b465ee728b)  -> (artifact id: '00000000000000000000000000000000') in 0.000463 seconds
Import Error Code:(4)
Message: Build asset version error: assets/scripts/firebasecode/leaderboardmanager.cs in SourceAssetDB has modification time of '2025-10-14T18:17:08.308846Z' while content on disk has modification time of '2025-10-14T18:17:12.2150952Z'
  ERROR: Build asset version error: assets/scripts/firebasecode/leaderboardmanager.cs in SourceAssetDB has modification time of '2025-10-14T18:17:08.308846Z' while content on disk has modification time of '2025-10-14T18:17:12.2150952Z'
Number of updated asset objects reloaded before import = 0
Number of asset objects unloaded after import = 0
========================================================================
Received Import Request.
  Time since last request: 0.008858 seconds.
  path: Assets/Scripts/FirebaseCode/LeaderboardManager.cs
  artifactKey: Guid(1a66a2345655f2b41ab45bb2c7f9cfb8) Importer(815301076,1909f56bfc062723c751e8b465ee728b)
Start importing Assets/Scripts/FirebaseCode/LeaderboardManager.cs using Guid(1a66a2345655f2b41ab45bb2c7f9cfb8) Importer(815301076,1909f56bfc062723c751e8b465ee728b)  -> (artifact id: '00000000000000000000000000000000') in 0.000556 seconds
Import Error Code:(4)
Message: Build asset version error: assets/scripts/firebasecode/leaderboardmanager.cs in SourceAssetDB has modification time of '2025-10-14T18:17:08.308846Z' while content on disk has modification time of '2025-10-14T18:17:12.2150952Z'
  ERROR: Build asset version error: assets/scripts/firebasecode/leaderboardmanager.cs in SourceAssetDB has modification time of '2025-10-14T18:17:08.308846Z' while content on disk has modification time of '2025-10-14T18:17:12.2150952Z'
Number of updated asset objects reloaded before import = 0
Number of asset objects unloaded after import = 0
========================================================================
Received Import Request.
  Time since last request: 0.008557 seconds.
  path: Assets/Scripts/FirebaseCode/LeaderboardManager.cs
  artifactKey: Guid(1a66a2345655f2b41ab45bb2c7f9cfb8) Importer(815301076,1909f56bfc062723c751e8b465ee728b)
Start importing Assets/Scripts/FirebaseCode/LeaderboardManager.cs using Guid(1a66a2345655f2b41ab45bb2c7f9cfb8) Importer(815301076,1909f56bfc062723c751e8b465ee728b)  -> (artifact id: '00000000000000000000000000000000') in 0.000858 seconds
Import Error Code:(4)
Message: Build asset version error: assets/scripts/firebasecode/leaderboardmanager.cs in SourceAssetDB has modification time of '2025-10-14T18:17:08.308846Z' while content on disk has modification time of '2025-10-14T18:17:12.2150952Z'
  ERROR: Build asset version error: assets/scripts/firebasecode/leaderboardmanager.cs in SourceAssetDB has modification time of '2025-10-14T18:17:08.308846Z' while content on disk has modification time of '2025-10-14T18:17:12.2150952Z'
Number of updated asset objects reloaded before import = 0
Number of asset objects unloaded after import = 0
========================================================================
Received Import Request.
  Time since last request: 0.009283 seconds.
  path: Assets/Scripts/FirebaseCode/LeaderboardManager.cs
  artifactKey: Guid(1a66a2345655f2b41ab45bb2c7f9cfb8) Importer(815301076,1909f56bfc062723c751e8b465ee728b)
Start importing Assets/Scripts/FirebaseCode/LeaderboardManager.cs using Guid(1a66a2345655f2b41ab45bb2c7f9cfb8) Importer(815301076,1909f56bfc062723c751e8b465ee728b)  -> (artifact id: '00000000000000000000000000000000') in 0.000603 seconds
Import Error Code:(4)
Message: Build asset version error: assets/scripts/firebasecode/leaderboardmanager.cs in SourceAssetDB has modification time of '2025-10-14T18:17:08.308846Z' while content on disk has modification time of '2025-10-14T18:17:12.2150952Z'
  ERROR: Build asset version error: assets/scripts/firebasecode/leaderboardmanager.cs in SourceAssetDB has modification time of '2025-10-14T18:17:08.308846Z' while content on disk has modification time of '2025-10-14T18:17:12.2150952Z'
Number of updated asset objects reloaded before import = 0
Number of asset objects unloaded after import = 0
========================================================================
Received Import Request.
  Time since last request: 0.008940 seconds.
  path: Assets/Scripts/FirebaseCode/LeaderboardManager.cs
  artifactKey: Guid(1a66a2345655f2b41ab45bb2c7f9cfb8) Importer(815301076,1909f56bfc062723c751e8b465ee728b)
Start importing Assets/Scripts/FirebaseCode/LeaderboardManager.cs using Guid(1a66a2345655f2b41ab45bb2c7f9cfb8) Importer(815301076,1909f56bfc062723c751e8b465ee728b)  -> (artifact id: '00000000000000000000000000000000') in 0.000890 seconds
Import Error Code:(4)
Message: Build asset version error: assets/scripts/firebasecode/leaderboardmanager.cs in SourceAssetDB has modification time of '2025-10-14T18:17:08.308846Z' while content on disk has modification time of '2025-10-14T18:17:12.2150952Z'
  ERROR: Build asset version error: assets/scripts/firebasecode/leaderboardmanager.cs in SourceAssetDB has modification time of '2025-10-14T18:17:08.308846Z' while content on disk has modification time of '2025-10-14T18:17:12.2150952Z'
Number of updated asset objects reloaded before import = 0
Number of asset objects unloaded after import = 0
========================================================================
Received Import Request.
  Time since last request: 0.008185 seconds.
  path: Assets/Scripts/FirebaseCode/LeaderboardManager.cs
  artifactKey: Guid(1a66a2345655f2b41ab45bb2c7f9cfb8) Importer(815301076,1909f56bfc062723c751e8b465ee728b)
Start importing Assets/Scripts/FirebaseCode/LeaderboardManager.cs using Guid(1a66a2345655f2b41ab45bb2c7f9cfb8) Importer(815301076,1909f56bfc062723c751e8b465ee728b)  -> (artifact id: '00000000000000000000000000000000') in 0.000611 seconds
Import Error Code:(4)
Message: Build asset version error: assets/scripts/firebasecode/leaderboardmanager.cs in SourceAssetDB has modification time of '2025-10-14T18:17:08.308846Z' while content on disk has modification time of '2025-10-14T18:17:12.2150952Z'
  ERROR: Build asset version error: assets/scripts/firebasecode/leaderboardmanager.cs in SourceAssetDB has modification time of '2025-10-14T18:17:08.308846Z' while content on disk has modification time of '2025-10-14T18:17:12.2150952Z'
Number of updated asset objects reloaded before import = 0
Number of asset objects unloaded after import = 0
========================================================================
Received Import Request.
  Time since last request: 0.008557 seconds.
  path: Assets/Scripts/FirebaseCode/LeaderboardManager.cs
  artifactKey: Guid(1a66a2345655f2b41ab45bb2c7f9cfb8) Importer(815301076,1909f56bfc062723c751e8b465ee728b)
Start importing Assets/Scripts/FirebaseCode/LeaderboardManager.cs using Guid(1a66a2345655f2b41ab45bb2c7f9cfb8) Importer(815301076,1909f56bfc062723c751e8b465ee728b)  -> (artifact id: '00000000000000000000000000000000') in 0.000845 seconds
Import Error Code:(4)
Message: Build asset version error: assets/scripts/firebasecode/leaderboardmanager.cs in SourceAssetDB has modification time of '2025-10-14T18:17:08.308846Z' while content on disk has modification time of '2025-10-14T18:17:12.2150952Z'
  ERROR: Build asset version error: assets/scripts/firebasecode/leaderboardmanager.cs in SourceAssetDB has modification time of '2025-10-14T18:17:08.308846Z' while content on disk has modification time of '2025-10-14T18:17:12.2150952Z'
Number of updated asset objects reloaded before import = 0
Number of asset objects unloaded after import = 0
========================================================================
Received Import Request.
  Time since last request: 0.008298 seconds.
  path: Assets/Scripts/FirebaseCode/LeaderboardManager.cs
  artifactKey: Guid(1a66a2345655f2b41ab45bb2c7f9cfb8) Importer(815301076,1909f56bfc062723c751e8b465ee728b)
Start importing Assets/Scripts/FirebaseCode/LeaderboardManager.cs using Guid(1a66a2345655f2b41ab45bb2c7f9cfb8) Importer(815301076,1909f56bfc062723c751e8b465ee728b)  -> (artifact id: '00000000000000000000000000000000') in 0.000479 seconds
Import Error Code:(4)
Message: Build asset version error: assets/scripts/firebasecode/leaderboardmanager.cs in SourceAssetDB has modification time of '2025-10-14T18:17:08.308846Z' while content on disk has modification time of '2025-10-14T18:17:12.2150952Z'
  ERROR: Build asset version error: assets/scripts/firebasecode/leaderboardmanager.cs in SourceAssetDB has modification time of '2025-10-14T18:17:08.308846Z' while content on disk has modification time of '2025-10-14T18:17:12.2150952Z'
Number of updated asset objects reloaded before import = 0
Number of asset objects unloaded after import = 0
========================================================================
Received Import Request.
  Time since last request: 0.012493 seconds.
  path: Assets/Scripts/FirebaseCode/LeaderboardManager.cs
  artifactKey: Guid(1a66a2345655f2b41ab45bb2c7f9cfb8) Importer(815301076,1909f56bfc062723c751e8b465ee728b)
Start importing Assets/Scripts/FirebaseCode/LeaderboardManager.cs using Guid(1a66a2345655f2b41ab45bb2c7f9cfb8) Importer(815301076,1909f56bfc062723c751e8b465ee728b)  -> (artifact id: '00000000000000000000000000000000') in 0.000572 seconds
Import Error Code:(4)
Message: Build asset version error: assets/scripts/firebasecode/leaderboardmanager.cs in SourceAssetDB has modification time of '2025-10-14T18:17:08.308846Z' while content on disk has modification time of '2025-10-14T18:17:12.2150952Z'
  ERROR: Build asset version error: assets/scripts/firebasecode/leaderboardmanager.cs in SourceAssetDB has modification time of '2025-10-14T18:17:08.308846Z' while content on disk has modification time of '2025-10-14T18:17:12.2150952Z'
Number of updated asset objects reloaded before import = 0
Number of asset objects unloaded after import = 0
========================================================================
Received Import Request.
  Time since last request: 0.009709 seconds.
  path: Assets/Scripts/FirebaseCode/LeaderboardManager.cs
  artifactKey: Guid(1a66a2345655f2b41ab45bb2c7f9cfb8) Importer(815301076,1909f56bfc062723c751e8b465ee728b)
Start importing Assets/Scripts/FirebaseCode/LeaderboardManager.cs using Guid(1a66a2345655f2b41ab45bb2c7f9cfb8) Importer(815301076,1909f56bfc062723c751e8b465ee728b)  -> (artifact id: '00000000000000000000000000000000') in 0.000510 seconds
Import Error Code:(4)
Message: Build asset version error: assets/scripts/firebasecode/leaderboardmanager.cs in SourceAssetDB has modification time of '2025-10-14T18:17:08.308846Z' while content on disk has modification time of '2025-10-14T18:17:12.2150952Z'
  ERROR: Build asset version error: assets/scripts/firebasecode/leaderboardmanager.cs in SourceAssetDB has modification time of '2025-10-14T18:17:08.308846Z' while content on disk has modification time of '2025-10-14T18:17:12.2150952Z'
Number of updated asset objects reloaded before import = 0
Number of asset objects unloaded after import = 0
========================================================================
Received Import Request.
  Time since last request: 0.008529 seconds.
  path: Assets/Scripts/FirebaseCode/LeaderboardManager.cs
  artifactKey: Guid(1a66a2345655f2b41ab45bb2c7f9cfb8) Importer(815301076,1909f56bfc062723c751e8b465ee728b)
Start importing Assets/Scripts/FirebaseCode/LeaderboardManager.cs using Guid(1a66a2345655f2b41ab45bb2c7f9cfb8) Importer(815301076,1909f56bfc062723c751e8b465ee728b)  -> (artifact id: '00000000000000000000000000000000') in 0.000463 seconds
Import Error Code:(4)
Message: Build asset version error: assets/scripts/firebasecode/leaderboardmanager.cs in SourceAssetDB has modification time of '2025-10-14T18:17:08.308846Z' while content on disk has modification time of '2025-10-14T18:17:12.2150952Z'
  ERROR: Build asset version error: assets/scripts/firebasecode/leaderboardmanager.cs in SourceAssetDB has modification time of '2025-10-14T18:17:08.308846Z' while content on disk has modification time of '2025-10-14T18:17:12.2150952Z'
Number of updated asset objects reloaded before import = 0
Number of asset objects unloaded after import = 0
========================================================================
Received Import Request.
  Time since last request: 0.008929 seconds.
  path: Assets/Scripts/FirebaseCode/LeaderboardManager.cs
  artifactKey: Guid(1a66a2345655f2b41ab45bb2c7f9cfb8) Importer(815301076,1909f56bfc062723c751e8b465ee728b)
Start importing Assets/Scripts/FirebaseCode/LeaderboardManager.cs using Guid(1a66a2345655f2b41ab45bb2c7f9cfb8) Importer(815301076,1909f56bfc062723c751e8b465ee728b)  -> (artifact id: '00000000000000000000000000000000') in 0.000784 seconds
Import Error Code:(4)
Message: Build asset version error: assets/scripts/firebasecode/leaderboardmanager.cs in SourceAssetDB has modification time of '2025-10-14T18:17:08.308846Z' while content on disk has modification time of '2025-10-14T18:17:12.2150952Z'
  ERROR: Build asset version error: assets/scripts/firebasecode/leaderboardmanager.cs in SourceAssetDB has modification time of '2025-10-14T18:17:08.308846Z' while content on disk has modification time of '2025-10-14T18:17:12.2150952Z'
Number of updated asset objects reloaded before import = 0
Number of asset objects unloaded after import = 0
========================================================================
Received Import Request.
  Time since last request: 0.008219 seconds.
  path: Assets/Scripts/FirebaseCode/LeaderboardManager.cs
  artifactKey: Guid(1a66a2345655f2b41ab45bb2c7f9cfb8) Importer(815301076,1909f56bfc062723c751e8b465ee728b)
Start importing Assets/Scripts/FirebaseCode/LeaderboardManager.cs using Guid(1a66a2345655f2b41ab45bb2c7f9cfb8) Importer(815301076,1909f56bfc062723c751e8b465ee728b)  -> (artifact id: '00000000000000000000000000000000') in 0.000790 seconds
Import Error Code:(4)
Message: Build asset version error: assets/scripts/firebasecode/leaderboardmanager.cs in SourceAssetDB has modification time of '2025-10-14T18:17:08.308846Z' while content on disk has modification time of '2025-10-14T18:17:12.2150952Z'
  ERROR: Build asset version error: assets/scripts/firebasecode/leaderboardmanager.cs in SourceAssetDB has modification time of '2025-10-14T18:17:08.308846Z' while content on disk has modification time of '2025-10-14T18:17:12.2150952Z'
Number of updated asset objects reloaded before import = 0
Number of asset objects unloaded after import = 0
========================================================================
Received Import Request.
  Time since last request: 0.008483 seconds.
  path: Assets/Scripts/FirebaseCode/LeaderboardManager.cs
  artifactKey: Guid(1a66a2345655f2b41ab45bb2c7f9cfb8) Importer(815301076,1909f56bfc062723c751e8b465ee728b)
Start importing Assets/Scripts/FirebaseCode/LeaderboardManager.cs using Guid(1a66a2345655f2b41ab45bb2c7f9cfb8) Importer(815301076,1909f56bfc062723c751e8b465ee728b)  -> (artifact id: '00000000000000000000000000000000') in 0.000557 seconds
Import Error Code:(4)
Message: Build asset version error: assets/scripts/firebasecode/leaderboardmanager.cs in SourceAssetDB has modification time of '2025-10-14T18:17:08.308846Z' while content on disk has modification time of '2025-10-14T18:17:12.2150952Z'
  ERROR: Build asset version error: assets/scripts/firebasecode/leaderboardmanager.cs in SourceAssetDB has modification time of '2025-10-14T18:17:08.308846Z' while content on disk has modification time of '2025-10-14T18:17:12.2150952Z'
Number of updated asset objects reloaded before import = 0
Number of asset objects unloaded after import = 0
========================================================================
Received Import Request.
  Time since last request: 0.008846 seconds.
  path: Assets/Scripts/FirebaseCode/LeaderboardManager.cs
  artifactKey: Guid(1a66a2345655f2b41ab45bb2c7f9cfb8) Importer(815301076,1909f56bfc062723c751e8b465ee728b)
Start importing Assets/Scripts/FirebaseCode/LeaderboardManager.cs using Guid(1a66a2345655f2b41ab45bb2c7f9cfb8) Importer(815301076,1909f56bfc062723c751e8b465ee728b)  -> (artifact id: '00000000000000000000000000000000') in 0.000882 seconds
Import Error Code:(4)
Message: Build asset version error: assets/scripts/firebasecode/leaderboardmanager.cs in SourceAssetDB has modification time of '2025-10-14T18:17:08.308846Z' while content on disk has modification time of '2025-10-14T18:17:12.2150952Z'
  ERROR: Build asset version error: assets/scripts/firebasecode/leaderboardmanager.cs in SourceAssetDB has modification time of '2025-10-14T18:17:08.308846Z' while content on disk has modification time of '2025-10-14T18:17:12.2150952Z'
Number of updated asset objects reloaded before import = 0
Number of asset objects unloaded after import = 0
========================================================================
Received Import Request.
  Time since last request: 0.007866 seconds.
  path: Assets/Scripts/FirebaseCode/LeaderboardManager.cs
  artifactKey: Guid(1a66a2345655f2b41ab45bb2c7f9cfb8) Importer(815301076,1909f56bfc062723c751e8b465ee728b)
Start importing Assets/Scripts/FirebaseCode/LeaderboardManager.cs using Guid(1a66a2345655f2b41ab45bb2c7f9cfb8) Importer(815301076,1909f56bfc062723c751e8b465ee728b)  -> (artifact id: '00000000000000000000000000000000') in 0.000531 seconds
Import Error Code:(4)
Message: Build asset version error: assets/scripts/firebasecode/leaderboardmanager.cs in SourceAssetDB has modification time of '2025-10-14T18:17:08.308846Z' while content on disk has modification time of '2025-10-14T18:17:12.2150952Z'
  ERROR: Build asset version error: assets/scripts/firebasecode/leaderboardmanager.cs in SourceAssetDB has modification time of '2025-10-14T18:17:08.308846Z' while content on disk has modification time of '2025-10-14T18:17:12.2150952Z'
Number of updated asset objects reloaded before import = 0
Number of asset objects unloaded after import = 0
========================================================================
Received Import Request.
  Time since last request: 0.009026 seconds.
  path: Assets/Scripts/FirebaseCode/LeaderboardManager.cs
  artifactKey: Guid(1a66a2345655f2b41ab45bb2c7f9cfb8) Importer(815301076,1909f56bfc062723c751e8b465ee728b)
Start importing Assets/Scripts/FirebaseCode/LeaderboardManager.cs using Guid(1a66a2345655f2b41ab45bb2c7f9cfb8) Importer(815301076,1909f56bfc062723c751e8b465ee728b)  -> (artifact id: '00000000000000000000000000000000') in 0.000500 seconds
Import Error Code:(4)
Message: Build asset version error: assets/scripts/firebasecode/leaderboardmanager.cs in SourceAssetDB has modification time of '2025-10-14T18:17:08.308846Z' while content on disk has modification time of '2025-10-14T18:17:12.2150952Z'
  ERROR: Build asset version error: assets/scripts/firebasecode/leaderboardmanager.cs in SourceAssetDB has modification time of '2025-10-14T18:17:08.308846Z' while content on disk has modification time of '2025-10-14T18:17:12.2150952Z'
Number of updated asset objects reloaded before import = 0
Number of asset objects unloaded after import = 0
========================================================================
Received Import Request.
  Time since last request: 0.009266 seconds.
  path: Assets/Scripts/FirebaseCode/LeaderboardManager.cs
  artifactKey: Guid(1a66a2345655f2b41ab45bb2c7f9cfb8) Importer(815301076,1909f56bfc062723c751e8b465ee728b)
Start importing Assets/Scripts/FirebaseCode/LeaderboardManager.cs using Guid(1a66a2345655f2b41ab45bb2c7f9cfb8) Importer(815301076,1909f56bfc062723c751e8b465ee728b)  -> (artifact id: '00000000000000000000000000000000') in 0.000533 seconds
Import Error Code:(4)
Message: Build asset version error: assets/scripts/firebasecode/leaderboardmanager.cs in SourceAssetDB has modification time of '2025-10-14T18:17:08.308846Z' while content on disk has modification time of '2025-10-14T18:17:12.2150952Z'
  ERROR: Build asset version error: assets/scripts/firebasecode/leaderboardmanager.cs in SourceAssetDB has modification time of '2025-10-14T18:17:08.308846Z' while content on disk has modification time of '2025-10-14T18:17:12.2150952Z'
Number of updated asset objects reloaded before import = 0
Number of asset objects unloaded after import = 0
========================================================================
Received Import Request.
  Time since last request: 0.009201 seconds.
  path: Assets/Scripts/FirebaseCode/LeaderboardManager.cs
  artifactKey: Guid(1a66a2345655f2b41ab45bb2c7f9cfb8) Importer(815301076,1909f56bfc062723c751e8b465ee728b)
Start importing Assets/Scripts/FirebaseCode/LeaderboardManager.cs using Guid(1a66a2345655f2b41ab45bb2c7f9cfb8) Importer(815301076,1909f56bfc062723c751e8b465ee728b)  -> (artifact id: '00000000000000000000000000000000') in 0.000765 seconds
Import Error Code:(4)
Message: Build asset version error: assets/scripts/firebasecode/leaderboardmanager.cs in SourceAssetDB has modification time of '2025-10-14T18:17:08.308846Z' while content on disk has modification time of '2025-10-14T18:17:12.2150952Z'
  ERROR: Build asset version error: assets/scripts/firebasecode/leaderboardmanager.cs in SourceAssetDB has modification time of '2025-10-14T18:17:08.308846Z' while content on disk has modification time of '2025-10-14T18:17:12.2150952Z'
Number of updated asset objects reloaded before import = 0
Number of asset objects unloaded after import = 0
========================================================================
Received Import Request.
  Time since last request: 0.008780 seconds.
  path: Assets/Scripts/FirebaseCode/LeaderboardManager.cs
  artifactKey: Guid(1a66a2345655f2b41ab45bb2c7f9cfb8) Importer(815301076,1909f56bfc062723c751e8b465ee728b)
Start importing Assets/Scripts/FirebaseCode/LeaderboardManager.cs using Guid(1a66a2345655f2b41ab45bb2c7f9cfb8) Importer(815301076,1909f56bfc062723c751e8b465ee728b)  -> (artifact id: '00000000000000000000000000000000') in 0.000520 seconds
Import Error Code:(4)
Message: Build asset version error: assets/scripts/firebasecode/leaderboardmanager.cs in SourceAssetDB has modification time of '2025-10-14T18:17:08.308846Z' while content on disk has modification time of '2025-10-14T18:17:12.2150952Z'
  ERROR: Build asset version error: assets/scripts/firebasecode/leaderboardmanager.cs in SourceAssetDB has modification time of '2025-10-14T18:17:08.308846Z' while content on disk has modification time of '2025-10-14T18:17:12.2150952Z'
Number of updated asset objects reloaded before import = 0
Number of asset objects unloaded after import = 0
========================================================================
Received Import Request.
  Time since last request: 0.007946 seconds.
  path: Assets/Scripts/FirebaseCode/LeaderboardManager.cs
  artifactKey: Guid(1a66a2345655f2b41ab45bb2c7f9cfb8) Importer(815301076,1909f56bfc062723c751e8b465ee728b)
Start importing Assets/Scripts/FirebaseCode/LeaderboardManager.cs using Guid(1a66a2345655f2b41ab45bb2c7f9cfb8) Importer(815301076,1909f56bfc062723c751e8b465ee728b)  -> (artifact id: '00000000000000000000000000000000') in 0.000508 seconds
Import Error Code:(4)
Message: Build asset version error: assets/scripts/firebasecode/leaderboardmanager.cs in SourceAssetDB has modification time of '2025-10-14T18:17:08.308846Z' while content on disk has modification time of '2025-10-14T18:17:12.2150952Z'
  ERROR: Build asset version error: assets/scripts/firebasecode/leaderboardmanager.cs in SourceAssetDB has modification time of '2025-10-14T18:17:08.308846Z' while content on disk has modification time of '2025-10-14T18:17:12.2150952Z'
Number of updated asset objects reloaded before import = 0
Number of asset objects unloaded after import = 0
========================================================================
Received Import Request.
  Time since last request: 0.009315 seconds.
  path: Assets/Scripts/FirebaseCode/LeaderboardManager.cs
  artifactKey: Guid(1a66a2345655f2b41ab45bb2c7f9cfb8) Importer(815301076,1909f56bfc062723c751e8b465ee728b)
Start importing Assets/Scripts/FirebaseCode/LeaderboardManager.cs using Guid(1a66a2345655f2b41ab45bb2c7f9cfb8) Importer(815301076,1909f56bfc062723c751e8b465ee728b)  -> (artifact id: '00000000000000000000000000000000') in 0.000763 seconds
Import Error Code:(4)
Message: Build asset version error: assets/scripts/firebasecode/leaderboardmanager.cs in SourceAssetDB has modification time of '2025-10-14T18:17:08.308846Z' while content on disk has modification time of '2025-10-14T18:17:12.2150952Z'
  ERROR: Build asset version error: assets/scripts/firebasecode/leaderboardmanager.cs in SourceAssetDB has modification time of '2025-10-14T18:17:08.308846Z' while content on disk has modification time of '2025-10-14T18:17:12.2150952Z'
Number of updated asset objects reloaded before import = 0
Number of asset objects unloaded after import = 0
========================================================================
Received Import Request.
  Time since last request: 0.009340 seconds.
  path: Assets/Scripts/FirebaseCode/LeaderboardManager.cs
  artifactKey: Guid(1a66a2345655f2b41ab45bb2c7f9cfb8) Importer(815301076,1909f56bfc062723c751e8b465ee728b)
Start importing Assets/Scripts/FirebaseCode/LeaderboardManager.cs using Guid(1a66a2345655f2b41ab45bb2c7f9cfb8) Importer(815301076,1909f56bfc062723c751e8b465ee728b)  -> (artifact id: '00000000000000000000000000000000') in 0.000540 seconds
Import Error Code:(4)
Message: Build asset version error: assets/scripts/firebasecode/leaderboardmanager.cs in SourceAssetDB has modification time of '2025-10-14T18:17:08.308846Z' while content on disk has modification time of '2025-10-14T18:17:12.2150952Z'
  ERROR: Build asset version error: assets/scripts/firebasecode/leaderboardmanager.cs in SourceAssetDB has modification time of '2025-10-14T18:17:08.308846Z' while content on disk has modification time of '2025-10-14T18:17:12.2150952Z'
Number of updated asset objects reloaded before import = 0
Number of asset objects unloaded after import = 0
========================================================================
Received Import Request.
  Time since last request: 0.008844 seconds.
  path: Assets/Scripts/FirebaseCode/LeaderboardManager.cs
  artifactKey: Guid(1a66a2345655f2b41ab45bb2c7f9cfb8) Importer(815301076,1909f56bfc062723c751e8b465ee728b)
Start importing Assets/Scripts/FirebaseCode/LeaderboardManager.cs using Guid(1a66a2345655f2b41ab45bb2c7f9cfb8) Importer(815301076,1909f56bfc062723c751e8b465ee728b)  -> (artifact id: '00000000000000000000000000000000') in 0.000509 seconds
Import Error Code:(4)
Message: Build asset version error: assets/scripts/firebasecode/leaderboardmanager.cs in SourceAssetDB has modification time of '2025-10-14T18:17:08.308846Z' while content on disk has modification time of '2025-10-14T18:17:12.2150952Z'
  ERROR: Build asset version error: assets/scripts/firebasecode/leaderboardmanager.cs in SourceAssetDB has modification time of '2025-10-14T18:17:08.308846Z' while content on disk has modification time of '2025-10-14T18:17:12.2150952Z'
Number of updated asset objects reloaded before import = 0
Number of asset objects unloaded after import = 0
========================================================================
Received Import Request.
  Time since last request: 0.009132 seconds.
  path: Assets/Scripts/FirebaseCode/LeaderboardManager.cs
  artifactKey: Guid(1a66a2345655f2b41ab45bb2c7f9cfb8) Importer(815301076,1909f56bfc062723c751e8b465ee728b)
Start importing Assets/Scripts/FirebaseCode/LeaderboardManager.cs using Guid(1a66a2345655f2b41ab45bb2c7f9cfb8) Importer(815301076,1909f56bfc062723c751e8b465ee728b)  -> (artifact id: '00000000000000000000000000000000') in 0.000639 seconds
Import Error Code:(4)
Message: Build asset version error: assets/scripts/firebasecode/leaderboardmanager.cs in SourceAssetDB has modification time of '2025-10-14T18:17:08.308846Z' while content on disk has modification time of '2025-10-14T18:17:12.2150952Z'
  ERROR: Build asset version error: assets/scripts/firebasecode/leaderboardmanager.cs in SourceAssetDB has modification time of '2025-10-14T18:17:08.308846Z' while content on disk has modification time of '2025-10-14T18:17:12.2150952Z'
Number of updated asset objects reloaded before import = 0
Number of asset objects unloaded after import = 0
========================================================================
Received Import Request.
  Time since last request: 0.008949 seconds.
  path: Assets/Scripts/FirebaseCode/LeaderboardManager.cs
  artifactKey: Guid(1a66a2345655f2b41ab45bb2c7f9cfb8) Importer(815301076,1909f56bfc062723c751e8b465ee728b)
Start importing Assets/Scripts/FirebaseCode/LeaderboardManager.cs using Guid(1a66a2345655f2b41ab45bb2c7f9cfb8) Importer(815301076,1909f56bfc062723c751e8b465ee728b)  -> (artifact id: '00000000000000000000000000000000') in 0.000765 seconds
Import Error Code:(4)
Message: Build asset version error: assets/scripts/firebasecode/leaderboardmanager.cs in SourceAssetDB has modification time of '2025-10-14T18:17:08.308846Z' while content on disk has modification time of '2025-10-14T18:17:12.2150952Z'
  ERROR: Build asset version error: assets/scripts/firebasecode/leaderboardmanager.cs in SourceAssetDB has modification time of '2025-10-14T18:17:08.308846Z' while content on disk has modification time of '2025-10-14T18:17:12.2150952Z'
Number of updated asset objects reloaded before import = 0
Number of asset objects unloaded after import = 0
========================================================================
Received Import Request.
  Time since last request: 0.009775 seconds.
  path: Assets/Scripts/FirebaseCode/LeaderboardManager.cs
  artifactKey: Guid(1a66a2345655f2b41ab45bb2c7f9cfb8) Importer(815301076,1909f56bfc062723c751e8b465ee728b)
Start importing Assets/Scripts/FirebaseCode/LeaderboardManager.cs using Guid(1a66a2345655f2b41ab45bb2c7f9cfb8) Importer(815301076,1909f56bfc062723c751e8b465ee728b)  -> (artifact id: '00000000000000000000000000000000') in 0.000781 seconds
Import Error Code:(4)
Message: Build asset version error: assets/scripts/firebasecode/leaderboardmanager.cs in SourceAssetDB has modification time of '2025-10-14T18:17:08.308846Z' while content on disk has modification time of '2025-10-14T18:17:12.2150952Z'
  ERROR: Build asset version error: assets/scripts/firebasecode/leaderboardmanager.cs in SourceAssetDB has modification time of '2025-10-14T18:17:08.308846Z' while content on disk has modification time of '2025-10-14T18:17:12.2150952Z'
Number of updated asset objects reloaded before import = 0
Number of asset objects unloaded after import = 0
========================================================================
Received Import Request.
  Time since last request: 0.008679 seconds.
  path: Assets/Scripts/FirebaseCode/LeaderboardManager.cs
  artifactKey: Guid(1a66a2345655f2b41ab45bb2c7f9cfb8) Importer(815301076,1909f56bfc062723c751e8b465ee728b)
Start importing Assets/Scripts/FirebaseCode/LeaderboardManager.cs using Guid(1a66a2345655f2b41ab45bb2c7f9cfb8) Importer(815301076,1909f56bfc062723c751e8b465ee728b)  -> (artifact id: '00000000000000000000000000000000') in 0.000762 seconds
Import Error Code:(4)
Message: Build asset version error: assets/scripts/firebasecode/leaderboardmanager.cs in SourceAssetDB has modification time of '2025-10-14T18:17:08.308846Z' while content on disk has modification time of '2025-10-14T18:17:12.2150952Z'
  ERROR: Build asset version error: assets/scripts/firebasecode/leaderboardmanager.cs in SourceAssetDB has modification time of '2025-10-14T18:17:08.308846Z' while content on disk has modification time of '2025-10-14T18:17:12.2150952Z'
Number of updated asset objects reloaded before import = 0
Number of asset objects unloaded after import = 0
========================================================================
Received Import Request.
  Time since last request: 0.010390 seconds.
  path: Assets/Scripts/FirebaseCode/LeaderboardManager.cs
  artifactKey: Guid(1a66a2345655f2b41ab45bb2c7f9cfb8) Importer(815301076,1909f56bfc062723c751e8b465ee728b)
Start importing Assets/Scripts/FirebaseCode/LeaderboardManager.cs using Guid(1a66a2345655f2b41ab45bb2c7f9cfb8) Importer(815301076,1909f56bfc062723c751e8b465ee728b)  -> (artifact id: '00000000000000000000000000000000') in 0.000544 seconds
Import Error Code:(4)
Message: Build asset version error: assets/scripts/firebasecode/leaderboardmanager.cs in SourceAssetDB has modification time of '2025-10-14T18:17:08.308846Z' while content on disk has modification time of '2025-10-14T18:17:12.2150952Z'
  ERROR: Build asset version error: assets/scripts/firebasecode/leaderboardmanager.cs in SourceAssetDB has modification time of '2025-10-14T18:17:08.308846Z' while content on disk has modification time of '2025-10-14T18:17:12.2150952Z'
Number of updated asset objects reloaded before import = 0
Number of asset objects unloaded after import = 0
========================================================================
Received Import Request.
  Time since last request: 0.009874 seconds.
  path: Assets/Scripts/FirebaseCode/LeaderboardManager.cs
  artifactKey: Guid(1a66a2345655f2b41ab45bb2c7f9cfb8) Importer(815301076,1909f56bfc062723c751e8b465ee728b)
Start importing Assets/Scripts/FirebaseCode/LeaderboardManager.cs using Guid(1a66a2345655f2b41ab45bb2c7f9cfb8) Importer(815301076,1909f56bfc062723c751e8b465ee728b)  -> (artifact id: '00000000000000000000000000000000') in 0.000533 seconds
Import Error Code:(4)
Message: Build asset version error: assets/scripts/firebasecode/leaderboardmanager.cs in SourceAssetDB has modification time of '2025-10-14T18:17:08.308846Z' while content on disk has modification time of '2025-10-14T18:17:12.2150952Z'
  ERROR: Build asset version error: assets/scripts/firebasecode/leaderboardmanager.cs in SourceAssetDB has modification time of '2025-10-14T18:17:08.308846Z' while content on disk has modification time of '2025-10-14T18:17:12.2150952Z'
Number of updated asset objects reloaded before import = 0
Number of asset objects unloaded after import = 0
========================================================================
Received Import Request.
  Time since last request: 0.009367 seconds.
  path: Assets/Scripts/FirebaseCode/LeaderboardManager.cs
  artifactKey: Guid(1a66a2345655f2b41ab45bb2c7f9cfb8) Importer(815301076,1909f56bfc062723c751e8b465ee728b)
Start importing Assets/Scripts/FirebaseCode/LeaderboardManager.cs using Guid(1a66a2345655f2b41ab45bb2c7f9cfb8) Importer(815301076,1909f56bfc062723c751e8b465ee728b)  -> (artifact id: '00000000000000000000000000000000') in 0.000495 seconds
Import Error Code:(4)
Message: Build asset version error: assets/scripts/firebasecode/leaderboardmanager.cs in SourceAssetDB has modification time of '2025-10-14T18:17:08.308846Z' while content on disk has modification time of '2025-10-14T18:17:12.2150952Z'
  ERROR: Build asset version error: assets/scripts/firebasecode/leaderboardmanager.cs in SourceAssetDB has modification time of '2025-10-14T18:17:08.308846Z' while content on disk has modification time of '2025-10-14T18:17:12.2150952Z'
Number of updated asset objects reloaded before import = 0
Number of asset objects unloaded after import = 0
========================================================================
Received Import Request.
  Time since last request: 0.008871 seconds.
  path: Assets/Scripts/FirebaseCode/LeaderboardManager.cs
  artifactKey: Guid(1a66a2345655f2b41ab45bb2c7f9cfb8) Importer(815301076,1909f56bfc062723c751e8b465ee728b)
Start importing Assets/Scripts/FirebaseCode/LeaderboardManager.cs using Guid(1a66a2345655f2b41ab45bb2c7f9cfb8) Importer(815301076,1909f56bfc062723c751e8b465ee728b)  -> (artifact id: '00000000000000000000000000000000') in 0.000454 seconds
Import Error Code:(4)
Message: Build asset version error: assets/scripts/firebasecode/leaderboardmanager.cs in SourceAssetDB has modification time of '2025-10-14T18:17:08.308846Z' while content on disk has modification time of '2025-10-14T18:17:12.2150952Z'
  ERROR: Build asset version error: assets/scripts/firebasecode/leaderboardmanager.cs in SourceAssetDB has modification time of '2025-10-14T18:17:08.308846Z' while content on disk has modification time of '2025-10-14T18:17:12.2150952Z'
Number of updated asset objects reloaded before import = 0
Number of asset objects unloaded after import = 0
========================================================================
Received Import Request.
  Time since last request: 0.009403 seconds.
  path: Assets/Scripts/FirebaseCode/LeaderboardManager.cs
  artifactKey: Guid(1a66a2345655f2b41ab45bb2c7f9cfb8) Importer(815301076,1909f56bfc062723c751e8b465ee728b)
Start importing Assets/Scripts/FirebaseCode/LeaderboardManager.cs using Guid(1a66a2345655f2b41ab45bb2c7f9cfb8) Importer(815301076,1909f56bfc062723c751e8b465ee728b)  -> (artifact id: '00000000000000000000000000000000') in 0.000600 seconds
Import Error Code:(4)
Message: Build asset version error: assets/scripts/firebasecode/leaderboardmanager.cs in SourceAssetDB has modification time of '2025-10-14T18:17:08.308846Z' while content on disk has modification time of '2025-10-14T18:17:12.2150952Z'
  ERROR: Build asset version error: assets/scripts/firebasecode/leaderboardmanager.cs in SourceAssetDB has modification time of '2025-10-14T18:17:08.308846Z' while content on disk has modification time of '2025-10-14T18:17:12.2150952Z'
Number of updated asset objects reloaded before import = 0
Number of asset objects unloaded after import = 0
========================================================================
Received Import Request.
  Time since last request: 0.013891 seconds.
  path: Assets/Scripts/FirebaseCode/LeaderboardManager.cs
  artifactKey: Guid(1a66a2345655f2b41ab45bb2c7f9cfb8) Importer(815301076,1909f56bfc062723c751e8b465ee728b)
Start importing Assets/Scripts/FirebaseCode/LeaderboardManager.cs using Guid(1a66a2345655f2b41ab45bb2c7f9cfb8) Importer(815301076,1909f56bfc062723c751e8b465ee728b)  -> (artifact id: '00000000000000000000000000000000') in 0.000511 seconds
Import Error Code:(4)
Message: Build asset version error: assets/scripts/firebasecode/leaderboardmanager.cs in SourceAssetDB has modification time of '2025-10-14T18:17:08.308846Z' while content on disk has modification time of '2025-10-14T18:17:12.2150952Z'
  ERROR: Build asset version error: assets/scripts/firebasecode/leaderboardmanager.cs in SourceAssetDB has modification time of '2025-10-14T18:17:08.308846Z' while content on disk has modification time of '2025-10-14T18:17:12.2150952Z'
Number of updated asset objects reloaded before import = 0
Number of asset objects unloaded after import = 0
========================================================================
Received Import Request.
  Time since last request: 0.008694 seconds.
  path: Assets/Scripts/FirebaseCode/LeaderboardManager.cs
  artifactKey: Guid(1a66a2345655f2b41ab45bb2c7f9cfb8) Importer(815301076,1909f56bfc062723c751e8b465ee728b)
Start importing Assets/Scripts/FirebaseCode/LeaderboardManager.cs using Guid(1a66a2345655f2b41ab45bb2c7f9cfb8) Importer(815301076,1909f56bfc062723c751e8b465ee728b)  -> (artifact id: '00000000000000000000000000000000') in 0.000687 seconds
Import Error Code:(4)
Message: Build asset version error: assets/scripts/firebasecode/leaderboardmanager.cs in SourceAssetDB has modification time of '2025-10-14T18:17:08.308846Z' while content on disk has modification time of '2025-10-14T18:17:12.2150952Z'
  ERROR: Build asset version error: assets/scripts/firebasecode/leaderboardmanager.cs in SourceAssetDB has modification time of '2025-10-14T18:17:08.308846Z' while content on disk has modification time of '2025-10-14T18:17:12.2150952Z'
Number of updated asset objects reloaded before import = 0
Number of asset objects unloaded after import = 0
========================================================================
Received Import Request.
  Time since last request: 0.010683 seconds.
  path: Assets/Scripts/FirebaseCode/LeaderboardManager.cs
  artifactKey: Guid(1a66a2345655f2b41ab45bb2c7f9cfb8) Importer(815301076,1909f56bfc062723c751e8b465ee728b)
Start importing Assets/Scripts/FirebaseCode/LeaderboardManager.cs using Guid(1a66a2345655f2b41ab45bb2c7f9cfb8) Importer(815301076,1909f56bfc062723c751e8b465ee728b)  -> (artifact id: '00000000000000000000000000000000') in 0.000636 seconds
Import Error Code:(4)
Message: Build asset version error: assets/scripts/firebasecode/leaderboardmanager.cs in SourceAssetDB has modification time of '2025-10-14T18:17:08.308846Z' while content on disk has modification time of '2025-10-14T18:17:12.2150952Z'
  ERROR: Build asset version error: assets/scripts/firebasecode/leaderboardmanager.cs in SourceAssetDB has modification time of '2025-10-14T18:17:08.308846Z' while content on disk has modification time of '2025-10-14T18:17:12.2150952Z'
Number of updated asset objects reloaded before import = 0
Number of asset objects unloaded after import = 0
========================================================================
Received Import Request.
  Time since last request: 0.013357 seconds.
  path: Assets/Scripts/FirebaseCode/LeaderboardManager.cs
  artifactKey: Guid(1a66a2345655f2b41ab45bb2c7f9cfb8) Importer(815301076,1909f56bfc062723c751e8b465ee728b)
Start importing Assets/Scripts/FirebaseCode/LeaderboardManager.cs using Guid(1a66a2345655f2b41ab45bb2c7f9cfb8) Importer(815301076,1909f56bfc062723c751e8b465ee728b)  -> (artifact id: '00000000000000000000000000000000') in 0.000477 seconds
Import Error Code:(4)
Message: Build asset version error: assets/scripts/firebasecode/leaderboardmanager.cs in SourceAssetDB has modification time of '2025-10-14T18:17:08.308846Z' while content on disk has modification time of '2025-10-14T18:17:12.2150952Z'
  ERROR: Build asset version error: assets/scripts/firebasecode/leaderboardmanager.cs in SourceAssetDB has modification time of '2025-10-14T18:17:08.308846Z' while content on disk has modification time of '2025-10-14T18:17:12.2150952Z'
Number of updated asset objects reloaded before import = 0
Number of asset objects unloaded after import = 0
========================================================================
Received Import Request.
  Time since last request: 0.013390 seconds.
  path: Assets/Scripts/FirebaseCode/LeaderboardManager.cs
  artifactKey: Guid(1a66a2345655f2b41ab45bb2c7f9cfb8) Importer(815301076,1909f56bfc062723c751e8b465ee728b)
Start importing Assets/Scripts/FirebaseCode/LeaderboardManager.cs using Guid(1a66a2345655f2b41ab45bb2c7f9cfb8) Importer(815301076,1909f56bfc062723c751e8b465ee728b)  -> (artifact id: '00000000000000000000000000000000') in 0.000994 seconds
Import Error Code:(4)
Message: Build asset version error: assets/scripts/firebasecode/leaderboardmanager.cs in SourceAssetDB has modification time of '2025-10-14T18:17:08.308846Z' while content on disk has modification time of '2025-10-14T18:17:12.2150952Z'
  ERROR: Build asset version error: assets/scripts/firebasecode/leaderboardmanager.cs in SourceAssetDB has modification time of '2025-10-14T18:17:08.308846Z' while content on disk has modification time of '2025-10-14T18:17:12.2150952Z'
Number of updated asset objects reloaded before import = 0
Number of asset objects unloaded after import = 0
========================================================================
Received Import Request.
  Time since last request: 0.010262 seconds.
  path: Assets/Scripts/FirebaseCode/LeaderboardManager.cs
  artifactKey: Guid(1a66a2345655f2b41ab45bb2c7f9cfb8) Importer(815301076,1909f56bfc062723c751e8b465ee728b)
Start importing Assets/Scripts/FirebaseCode/LeaderboardManager.cs using Guid(1a66a2345655f2b41ab45bb2c7f9cfb8) Importer(815301076,1909f56bfc062723c751e8b465ee728b)  -> (artifact id: '00000000000000000000000000000000') in 0.000849 seconds
Import Error Code:(4)
Message: Build asset version error: assets/scripts/firebasecode/leaderboardmanager.cs in SourceAssetDB has modification time of '2025-10-14T18:17:08.308846Z' while content on disk has modification time of '2025-10-14T18:17:12.2150952Z'
  ERROR: Build asset version error: assets/scripts/firebasecode/leaderboardmanager.cs in SourceAssetDB has modification time of '2025-10-14T18:17:08.308846Z' while content on disk has modification time of '2025-10-14T18:17:12.2150952Z'
Number of updated asset objects reloaded before import = 0
Number of asset objects unloaded after import = 0
========================================================================
Received Import Request.
  Time since last request: 0.008327 seconds.
  path: Assets/Scripts/FirebaseCode/LeaderboardManager.cs
  artifactKey: Guid(1a66a2345655f2b41ab45bb2c7f9cfb8) Importer(815301076,1909f56bfc062723c751e8b465ee728b)
Start importing Assets/Scripts/FirebaseCode/LeaderboardManager.cs using Guid(1a66a2345655f2b41ab45bb2c7f9cfb8) Importer(815301076,1909f56bfc062723c751e8b465ee728b)  -> (artifact id: '00000000000000000000000000000000') in 0.000559 seconds
Import Error Code:(4)
Message: Build asset version error: assets/scripts/firebasecode/leaderboardmanager.cs in SourceAssetDB has modification time of '2025-10-14T18:17:08.308846Z' while content on disk has modification time of '2025-10-14T18:17:12.2150952Z'
  ERROR: Build asset version error: assets/scripts/firebasecode/leaderboardmanager.cs in SourceAssetDB has modification time of '2025-10-14T18:17:08.308846Z' while content on disk has modification time of '2025-10-14T18:17:12.2150952Z'
Number of updated asset objects reloaded before import = 0
Number of asset objects unloaded after import = 0
========================================================================
Received Import Request.
  Time since last request: 0.011001 seconds.
  path: Assets/Scripts/FirebaseCode/LeaderboardManager.cs
  artifactKey: Guid(1a66a2345655f2b41ab45bb2c7f9cfb8) Importer(815301076,1909f56bfc062723c751e8b465ee728b)
Start importing Assets/Scripts/FirebaseCode/LeaderboardManager.cs using Guid(1a66a2345655f2b41ab45bb2c7f9cfb8) Importer(815301076,1909f56bfc062723c751e8b465ee728b)  -> (artifact id: '00000000000000000000000000000000') in 0.000767 seconds
Import Error Code:(4)
Message: Build asset version error: assets/scripts/firebasecode/leaderboardmanager.cs in SourceAssetDB has modification time of '2025-10-14T18:17:08.308846Z' while content on disk has modification time of '2025-10-14T18:17:12.2150952Z'
  ERROR: Build asset version error: assets/scripts/firebasecode/leaderboardmanager.cs in SourceAssetDB has modification time of '2025-10-14T18:17:08.308846Z' while content on disk has modification time of '2025-10-14T18:17:12.2150952Z'
Number of updated asset objects reloaded before import = 0
Number of asset objects unloaded after import = 0
========================================================================
Received Import Request.
  Time since last request: 0.015473 seconds.
  path: Assets/Scripts/FirebaseCode/LeaderboardManager.cs
  artifactKey: Guid(1a66a2345655f2b41ab45bb2c7f9cfb8) Importer(815301076,1909f56bfc062723c751e8b465ee728b)
Start importing Assets/Scripts/FirebaseCode/LeaderboardManager.cs using Guid(1a66a2345655f2b41ab45bb2c7f9cfb8) Importer(815301076,1909f56bfc062723c751e8b465ee728b)  -> (artifact id: '00000000000000000000000000000000') in 0.000785 seconds
Import Error Code:(4)
Message: Build asset version error: assets/scripts/firebasecode/leaderboardmanager.cs in SourceAssetDB has modification time of '2025-10-14T18:17:08.308846Z' while content on disk has modification time of '2025-10-14T18:17:12.2150952Z'
  ERROR: Build asset version error: assets/scripts/firebasecode/leaderboardmanager.cs in SourceAssetDB has modification time of '2025-10-14T18:17:08.308846Z' while content on disk has modification time of '2025-10-14T18:17:12.2150952Z'
Number of updated asset objects reloaded before import = 0
Number of asset objects unloaded after import = 0
========================================================================
Received Import Request.
  Time since last request: 0.009458 seconds.
  path: Assets/Scripts/FirebaseCode/LeaderboardManager.cs
  artifactKey: Guid(1a66a2345655f2b41ab45bb2c7f9cfb8) Importer(815301076,1909f56bfc062723c751e8b465ee728b)
Start importing Assets/Scripts/FirebaseCode/LeaderboardManager.cs using Guid(1a66a2345655f2b41ab45bb2c7f9cfb8) Importer(815301076,1909f56bfc062723c751e8b465ee728b)  -> (artifact id: '00000000000000000000000000000000') in 0.000482 seconds
Import Error Code:(4)
Message: Build asset version error: assets/scripts/firebasecode/leaderboardmanager.cs in SourceAssetDB has modification time of '2025-10-14T18:17:08.308846Z' while content on disk has modification time of '2025-10-14T18:17:12.2150952Z'
  ERROR: Build asset version error: assets/scripts/firebasecode/leaderboardmanager.cs in SourceAssetDB has modification time of '2025-10-14T18:17:08.308846Z' while content on disk has modification time of '2025-10-14T18:17:12.2150952Z'
Number of updated asset objects reloaded before import = 0
Number of asset objects unloaded after import = 0
========================================================================
Received Import Request.
  Time since last request: 0.009075 seconds.
  path: Assets/Scripts/FirebaseCode/LeaderboardManager.cs
  artifactKey: Guid(1a66a2345655f2b41ab45bb2c7f9cfb8) Importer(815301076,1909f56bfc062723c751e8b465ee728b)
Start importing Assets/Scripts/FirebaseCode/LeaderboardManager.cs using Guid(1a66a2345655f2b41ab45bb2c7f9cfb8) Importer(815301076,1909f56bfc062723c751e8b465ee728b)  -> (artifact id: '00000000000000000000000000000000') in 0.000756 seconds
Import Error Code:(4)
Message: Build asset version error: assets/scripts/firebasecode/leaderboardmanager.cs in SourceAssetDB has modification time of '2025-10-14T18:17:08.308846Z' while content on disk has modification time of '2025-10-14T18:17:12.2150952Z'
  ERROR: Build asset version error: assets/scripts/firebasecode/leaderboardmanager.cs in SourceAssetDB has modification time of '2025-10-14T18:17:08.308846Z' while content on disk has modification time of '2025-10-14T18:17:12.2150952Z'
Number of updated asset objects reloaded before import = 0
Number of asset objects unloaded after import = 0
========================================================================
Received Import Request.
  Time since last request: 0.008951 seconds.
  path: Assets/Scripts/FirebaseCode/LeaderboardManager.cs
  artifactKey: Guid(1a66a2345655f2b41ab45bb2c7f9cfb8) Importer(815301076,1909f56bfc062723c751e8b465ee728b)
Start importing Assets/Scripts/FirebaseCode/LeaderboardManager.cs using Guid(1a66a2345655f2b41ab45bb2c7f9cfb8) Importer(815301076,1909f56bfc062723c751e8b465ee728b)  -> (artifact id: '00000000000000000000000000000000') in 0.000736 seconds
Import Error Code:(4)
Message: Build asset version error: assets/scripts/firebasecode/leaderboardmanager.cs in SourceAssetDB has modification time of '2025-10-14T18:17:08.308846Z' while content on disk has modification time of '2025-10-14T18:17:12.2150952Z'
  ERROR: Build asset version error: assets/scripts/firebasecode/leaderboardmanager.cs in SourceAssetDB has modification time of '2025-10-14T18:17:08.308846Z' while content on disk has modification time of '2025-10-14T18:17:12.2150952Z'
Number of updated asset objects reloaded before import = 0
Number of asset objects unloaded after import = 0
========================================================================
Received Import Request.
  Time since last request: 0.009341 seconds.
  path: Assets/Scripts/FirebaseCode/LeaderboardManager.cs
  artifactKey: Guid(1a66a2345655f2b41ab45bb2c7f9cfb8) Importer(815301076,1909f56bfc062723c751e8b465ee728b)
Start importing Assets/Scripts/FirebaseCode/LeaderboardManager.cs using Guid(1a66a2345655f2b41ab45bb2c7f9cfb8) Importer(815301076,1909f56bfc062723c751e8b465ee728b)  -> (artifact id: '00000000000000000000000000000000') in 0.000515 seconds
Import Error Code:(4)
Message: Build asset version error: assets/scripts/firebasecode/leaderboardmanager.cs in SourceAssetDB has modification time of '2025-10-14T18:17:08.308846Z' while content on disk has modification time of '2025-10-14T18:17:12.2150952Z'
  ERROR: Build asset version error: assets/scripts/firebasecode/leaderboardmanager.cs in SourceAssetDB has modification time of '2025-10-14T18:17:08.308846Z' while content on disk has modification time of '2025-10-14T18:17:12.2150952Z'
Number of updated asset objects reloaded before import = 0
Number of asset objects unloaded after import = 0
========================================================================
Received Import Request.
  Time since last request: 0.009555 seconds.
  path: Assets/Scripts/FirebaseCode/LeaderboardManager.cs
  artifactKey: Guid(1a66a2345655f2b41ab45bb2c7f9cfb8) Importer(815301076,1909f56bfc062723c751e8b465ee728b)
Start importing Assets/Scripts/FirebaseCode/LeaderboardManager.cs using Guid(1a66a2345655f2b41ab45bb2c7f9cfb8) Importer(815301076,1909f56bfc062723c751e8b465ee728b)  -> (artifact id: '00000000000000000000000000000000') in 0.000696 seconds
Import Error Code:(4)
Message: Build asset version error: assets/scripts/firebasecode/leaderboardmanager.cs in SourceAssetDB has modification time of '2025-10-14T18:17:08.308846Z' while content on disk has modification time of '2025-10-14T18:17:12.2150952Z'
  ERROR: Build asset version error: assets/scripts/firebasecode/leaderboardmanager.cs in SourceAssetDB has modification time of '2025-10-14T18:17:08.308846Z' while content on disk has modification time of '2025-10-14T18:17:12.2150952Z'
Number of updated asset objects reloaded before import = 0
Number of asset objects unloaded after import = 0
========================================================================
Received Import Request.
  Time since last request: 0.008620 seconds.
  path: Assets/Scripts/FirebaseCode/LeaderboardManager.cs
  artifactKey: Guid(1a66a2345655f2b41ab45bb2c7f9cfb8) Importer(815301076,1909f56bfc062723c751e8b465ee728b)
Start importing Assets/Scripts/FirebaseCode/LeaderboardManager.cs using Guid(1a66a2345655f2b41ab45bb2c7f9cfb8) Importer(815301076,1909f56bfc062723c751e8b465ee728b)  -> (artifact id: '00000000000000000000000000000000') in 0.000515 seconds
Import Error Code:(4)
Message: Build asset version error: assets/scripts/firebasecode/leaderboardmanager.cs in SourceAssetDB has modification time of '2025-10-14T18:17:08.308846Z' while content on disk has modification time of '2025-10-14T18:17:12.2150952Z'
  ERROR: Build asset version error: assets/scripts/firebasecode/leaderboardmanager.cs in SourceAssetDB has modification time of '2025-10-14T18:17:08.308846Z' while content on disk has modification time of '2025-10-14T18:17:12.2150952Z'
Number of updated asset objects reloaded before import = 0
Number of asset objects unloaded after import = 0
========================================================================
Received Import Request.
  Time since last request: 0.008841 seconds.
  path: Assets/Scripts/FirebaseCode/LeaderboardManager.cs
  artifactKey: Guid(1a66a2345655f2b41ab45bb2c7f9cfb8) Importer(815301076,1909f56bfc062723c751e8b465ee728b)
Start importing Assets/Scripts/FirebaseCode/LeaderboardManager.cs using Guid(1a66a2345655f2b41ab45bb2c7f9cfb8) Importer(815301076,1909f56bfc062723c751e8b465ee728b)  -> (artifact id: '00000000000000000000000000000000') in 0.000507 seconds
Import Error Code:(4)
Message: Build asset version error: assets/scripts/firebasecode/leaderboardmanager.cs in SourceAssetDB has modification time of '2025-10-14T18:17:08.308846Z' while content on disk has modification time of '2025-10-14T18:17:12.2150952Z'
  ERROR: Build asset version error: assets/scripts/firebasecode/leaderboardmanager.cs in SourceAssetDB has modification time of '2025-10-14T18:17:08.308846Z' while content on disk has modification time of '2025-10-14T18:17:12.2150952Z'
Number of updated asset objects reloaded before import = 0
Number of asset objects unloaded after import = 0
========================================================================
Received Import Request.
  Time since last request: 0.009580 seconds.
  path: Assets/Scripts/FirebaseCode/LeaderboardManager.cs
  artifactKey: Guid(1a66a2345655f2b41ab45bb2c7f9cfb8) Importer(815301076,1909f56bfc062723c751e8b465ee728b)
Start importing Assets/Scripts/FirebaseCode/LeaderboardManager.cs using Guid(1a66a2345655f2b41ab45bb2c7f9cfb8) Importer(815301076,1909f56bfc062723c751e8b465ee728b)  -> (artifact id: '00000000000000000000000000000000') in 0.000613 seconds
Import Error Code:(4)
Message: Build asset version error: assets/scripts/firebasecode/leaderboardmanager.cs in SourceAssetDB has modification time of '2025-10-14T18:17:08.308846Z' while content on disk has modification time of '2025-10-14T18:17:12.2150952Z'
  ERROR: Build asset version error: assets/scripts/firebasecode/leaderboardmanager.cs in SourceAssetDB has modification time of '2025-10-14T18:17:08.308846Z' while content on disk has modification time of '2025-10-14T18:17:12.2150952Z'
Number of updated asset objects reloaded before import = 0
Number of asset objects unloaded after import = 0
========================================================================
Received Import Request.
  Time since last request: 0.008816 seconds.
  path: Assets/Scripts/FirebaseCode/LeaderboardManager.cs
  artifactKey: Guid(1a66a2345655f2b41ab45bb2c7f9cfb8) Importer(815301076,1909f56bfc062723c751e8b465ee728b)
Start importing Assets/Scripts/FirebaseCode/LeaderboardManager.cs using Guid(1a66a2345655f2b41ab45bb2c7f9cfb8) Importer(815301076,1909f56bfc062723c751e8b465ee728b)  -> (artifact id: '00000000000000000000000000000000') in 0.000842 seconds
Import Error Code:(4)
Message: Build asset version error: assets/scripts/firebasecode/leaderboardmanager.cs in SourceAssetDB has modification time of '2025-10-14T18:17:08.308846Z' while content on disk has modification time of '2025-10-14T18:17:12.2150952Z'
  ERROR: Build asset version error: assets/scripts/firebasecode/leaderboardmanager.cs in SourceAssetDB has modification time of '2025-10-14T18:17:08.308846Z' while content on disk has modification time of '2025-10-14T18:17:12.2150952Z'
Number of updated asset objects reloaded before import = 0
Number of asset objects unloaded after import = 0
========================================================================
Received Import Request.
  Time since last request: 0.008962 seconds.
  path: Assets/Scripts/FirebaseCode/LeaderboardManager.cs
  artifactKey: Guid(1a66a2345655f2b41ab45bb2c7f9cfb8) Importer(815301076,1909f56bfc062723c751e8b465ee728b)
Start importing Assets/Scripts/FirebaseCode/LeaderboardManager.cs using Guid(1a66a2345655f2b41ab45bb2c7f9cfb8) Importer(815301076,1909f56bfc062723c751e8b465ee728b)  -> (artifact id: '00000000000000000000000000000000') in 0.000492 seconds
Import Error Code:(4)
Message: Build asset version error: assets/scripts/firebasecode/leaderboardmanager.cs in SourceAssetDB has modification time of '2025-10-14T18:17:08.308846Z' while content on disk has modification time of '2025-10-14T18:17:12.2150952Z'
  ERROR: Build asset version error: assets/scripts/firebasecode/leaderboardmanager.cs in SourceAssetDB has modification time of '2025-10-14T18:17:08.308846Z' while content on disk has modification time of '2025-10-14T18:17:12.2150952Z'
Number of updated asset objects reloaded before import = 0
Number of asset objects unloaded after import = 0
========================================================================
Received Import Request.
  Time since last request: 0.009577 seconds.
  path: Assets/Scripts/FirebaseCode/LeaderboardManager.cs
  artifactKey: Guid(1a66a2345655f2b41ab45bb2c7f9cfb8) Importer(815301076,1909f56bfc062723c751e8b465ee728b)
Start importing Assets/Scripts/FirebaseCode/LeaderboardManager.cs using Guid(1a66a2345655f2b41ab45bb2c7f9cfb8) Importer(815301076,1909f56bfc062723c751e8b465ee728b)  -> (artifact id: '00000000000000000000000000000000') in 0.000712 seconds
Import Error Code:(4)
Message: Build asset version error: assets/scripts/firebasecode/leaderboardmanager.cs in SourceAssetDB has modification time of '2025-10-14T18:17:08.308846Z' while content on disk has modification time of '2025-10-14T18:17:12.2150952Z'
  ERROR: Build asset version error: assets/scripts/firebasecode/leaderboardmanager.cs in SourceAssetDB has modification time of '2025-10-14T18:17:08.308846Z' while content on disk has modification time of '2025-10-14T18:17:12.2150952Z'
Number of updated asset objects reloaded before import = 0
Number of asset objects unloaded after import = 0
========================================================================
Received Import Request.
  Time since last request: 0.007696 seconds.
  path: Assets/Scripts/FirebaseCode/LeaderboardManager.cs
  artifactKey: Guid(1a66a2345655f2b41ab45bb2c7f9cfb8) Importer(815301076,1909f56bfc062723c751e8b465ee728b)
Start importing Assets/Scripts/FirebaseCode/LeaderboardManager.cs using Guid(1a66a2345655f2b41ab45bb2c7f9cfb8) Importer(815301076,1909f56bfc062723c751e8b465ee728b)  -> (artifact id: '00000000000000000000000000000000') in 0.000540 seconds
Import Error Code:(4)
Message: Build asset version error: assets/scripts/firebasecode/leaderboardmanager.cs in SourceAssetDB has modification time of '2025-10-14T18:17:08.308846Z' while content on disk has modification time of '2025-10-14T18:17:12.2150952Z'
  ERROR: Build asset version error: assets/scripts/firebasecode/leaderboardmanager.cs in SourceAssetDB has modification time of '2025-10-14T18:17:08.308846Z' while content on disk has modification time of '2025-10-14T18:17:12.2150952Z'
Number of updated asset objects reloaded before import = 0
Number of asset objects unloaded after import = 0
========================================================================
Received Import Request.
  Time since last request: 0.009839 seconds.
  path: Assets/Scripts/FirebaseCode/LeaderboardManager.cs
  artifactKey: Guid(1a66a2345655f2b41ab45bb2c7f9cfb8) Importer(815301076,1909f56bfc062723c751e8b465ee728b)
Start importing Assets/Scripts/FirebaseCode/LeaderboardManager.cs using Guid(1a66a2345655f2b41ab45bb2c7f9cfb8) Importer(815301076,1909f56bfc062723c751e8b465ee728b)  -> (artifact id: '00000000000000000000000000000000') in 0.000489 seconds
Import Error Code:(4)
Message: Build asset version error: assets/scripts/firebasecode/leaderboardmanager.cs in SourceAssetDB has modification time of '2025-10-14T18:17:08.308846Z' while content on disk has modification time of '2025-10-14T18:17:12.2150952Z'
  ERROR: Build asset version error: assets/scripts/firebasecode/leaderboardmanager.cs in SourceAssetDB has modification time of '2025-10-14T18:17:08.308846Z' while content on disk has modification time of '2025-10-14T18:17:12.2150952Z'
Number of updated asset objects reloaded before import = 0
Number of asset objects unloaded after import = 0
========================================================================
Received Import Request.
  Time since last request: 0.012117 seconds.
  path: Assets/Scripts/FirebaseCode/LeaderboardManager.cs
  artifactKey: Guid(1a66a2345655f2b41ab45bb2c7f9cfb8) Importer(815301076,1909f56bfc062723c751e8b465ee728b)
Start importing Assets/Scripts/FirebaseCode/LeaderboardManager.cs using Guid(1a66a2345655f2b41ab45bb2c7f9cfb8) Importer(815301076,1909f56bfc062723c751e8b465ee728b)  -> (artifact id: '00000000000000000000000000000000') in 0.000823 seconds
Import Error Code:(4)
Message: Build asset version error: assets/scripts/firebasecode/leaderboardmanager.cs in SourceAssetDB has modification time of '2025-10-14T18:17:08.308846Z' while content on disk has modification time of '2025-10-14T18:17:12.2150952Z'
  ERROR: Build asset version error: assets/scripts/firebasecode/leaderboardmanager.cs in SourceAssetDB has modification time of '2025-10-14T18:17:08.308846Z' while content on disk has modification time of '2025-10-14T18:17:12.2150952Z'
Number of updated asset objects reloaded before import = 0
Number of asset objects unloaded after import = 0
========================================================================
Received Import Request.
  Time since last request: 0.009450 seconds.
  path: Assets/Scripts/FirebaseCode/LeaderboardManager.cs
  artifactKey: Guid(1a66a2345655f2b41ab45bb2c7f9cfb8) Importer(815301076,1909f56bfc062723c751e8b465ee728b)
Start importing Assets/Scripts/FirebaseCode/LeaderboardManager.cs using Guid(1a66a2345655f2b41ab45bb2c7f9cfb8) Importer(815301076,1909f56bfc062723c751e8b465ee728b)  -> (artifact id: '00000000000000000000000000000000') in 0.000746 seconds
Import Error Code:(4)
Message: Build asset version error: assets/scripts/firebasecode/leaderboardmanager.cs in SourceAssetDB has modification time of '2025-10-14T18:17:08.308846Z' while content on disk has modification time of '2025-10-14T18:17:12.2150952Z'
  ERROR: Build asset version error: assets/scripts/firebasecode/leaderboardmanager.cs in SourceAssetDB has modification time of '2025-10-14T18:17:08.308846Z' while content on disk has modification time of '2025-10-14T18:17:12.2150952Z'
Number of updated asset objects reloaded before import = 0
Number of asset objects unloaded after import = 0
========================================================================
Received Import Request.
  Time since last request: 0.009303 seconds.
  path: Assets/Scripts/FirebaseCode/LeaderboardManager.cs
  artifactKey: Guid(1a66a2345655f2b41ab45bb2c7f9cfb8) Importer(815301076,1909f56bfc062723c751e8b465ee728b)
Start importing Assets/Scripts/FirebaseCode/LeaderboardManager.cs using Guid(1a66a2345655f2b41ab45bb2c7f9cfb8) Importer(815301076,1909f56bfc062723c751e8b465ee728b)  -> (artifact id: '00000000000000000000000000000000') in 0.000556 seconds
Import Error Code:(4)
Message: Build asset version error: assets/scripts/firebasecode/leaderboardmanager.cs in SourceAssetDB has modification time of '2025-10-14T18:17:08.308846Z' while content on disk has modification time of '2025-10-14T18:17:12.2150952Z'
  ERROR: Build asset version error: assets/scripts/firebasecode/leaderboardmanager.cs in SourceAssetDB has modification time of '2025-10-14T18:17:08.308846Z' while content on disk has modification time of '2025-10-14T18:17:12.2150952Z'
Number of updated asset objects reloaded before import = 0
Number of asset objects unloaded after import = 0
========================================================================
Received Import Request.
  Time since last request: 0.008898 seconds.
  path: Assets/Scripts/FirebaseCode/LeaderboardManager.cs
  artifactKey: Guid(1a66a2345655f2b41ab45bb2c7f9cfb8) Importer(815301076,1909f56bfc062723c751e8b465ee728b)
Start importing Assets/Scripts/FirebaseCode/LeaderboardManager.cs using Guid(1a66a2345655f2b41ab45bb2c7f9cfb8) Importer(815301076,1909f56bfc062723c751e8b465ee728b)  -> (artifact id: '00000000000000000000000000000000') in 0.000675 seconds
Import Error Code:(4)
Message: Build asset version error: assets/scripts/firebasecode/leaderboardmanager.cs in SourceAssetDB has modification time of '2025-10-14T18:17:08.308846Z' while content on disk has modification time of '2025-10-14T18:17:12.2150952Z'
  ERROR: Build asset version error: assets/scripts/firebasecode/leaderboardmanager.cs in SourceAssetDB has modification time of '2025-10-14T18:17:08.308846Z' while content on disk has modification time of '2025-10-14T18:17:12.2150952Z'
Number of updated asset objects reloaded before import = 0
Number of asset objects unloaded after import = 0
========================================================================
Received Import Request.
  Time since last request: 0.008039 seconds.
  path: Assets/Scripts/FirebaseCode/LeaderboardManager.cs
  artifactKey: Guid(1a66a2345655f2b41ab45bb2c7f9cfb8) Importer(815301076,1909f56bfc062723c751e8b465ee728b)
Start importing Assets/Scripts/FirebaseCode/LeaderboardManager.cs using Guid(1a66a2345655f2b41ab45bb2c7f9cfb8) Importer(815301076,1909f56bfc062723c751e8b465ee728b)  -> (artifact id: '00000000000000000000000000000000') in 0.000902 seconds
Import Error Code:(4)
Message: Build asset version error: assets/scripts/firebasecode/leaderboardmanager.cs in SourceAssetDB has modification time of '2025-10-14T18:17:08.308846Z' while content on disk has modification time of '2025-10-14T18:17:12.2150952Z'
  ERROR: Build asset version error: assets/scripts/firebasecode/leaderboardmanager.cs in SourceAssetDB has modification time of '2025-10-14T18:17:08.308846Z' while content on disk has modification time of '2025-10-14T18:17:12.2150952Z'
Number of updated asset objects reloaded before import = 0
Number of asset objects unloaded after import = 0
========================================================================
Received Import Request.
  Time since last request: 0.009018 seconds.
  path: Assets/Scripts/FirebaseCode/LeaderboardManager.cs
  artifactKey: Guid(1a66a2345655f2b41ab45bb2c7f9cfb8) Importer(815301076,1909f56bfc062723c751e8b465ee728b)
Start importing Assets/Scripts/FirebaseCode/LeaderboardManager.cs using Guid(1a66a2345655f2b41ab45bb2c7f9cfb8) Importer(815301076,1909f56bfc062723c751e8b465ee728b)  -> (artifact id: '00000000000000000000000000000000') in 0.000475 seconds
Import Error Code:(4)
Message: Build asset version error: assets/scripts/firebasecode/leaderboardmanager.cs in SourceAssetDB has modification time of '2025-10-14T18:17:08.308846Z' while content on disk has modification time of '2025-10-14T18:17:12.2150952Z'
  ERROR: Build asset version error: assets/scripts/firebasecode/leaderboardmanager.cs in SourceAssetDB has modification time of '2025-10-14T18:17:08.308846Z' while content on disk has modification time of '2025-10-14T18:17:12.2150952Z'
Number of updated asset objects reloaded before import = 0
Number of asset objects unloaded after import = 0
========================================================================
Received Import Request.
  Time since last request: 0.011229 seconds.
  path: Assets/Scripts/FirebaseCode/LeaderboardManager.cs
  artifactKey: Guid(1a66a2345655f2b41ab45bb2c7f9cfb8) Importer(815301076,1909f56bfc062723c751e8b465ee728b)
Start importing Assets/Scripts/FirebaseCode/LeaderboardManager.cs using Guid(1a66a2345655f2b41ab45bb2c7f9cfb8) Importer(815301076,1909f56bfc062723c751e8b465ee728b)  -> (artifact id: '00000000000000000000000000000000') in 0.000511 seconds
Import Error Code:(4)
Message: Build asset version error: assets/scripts/firebasecode/leaderboardmanager.cs in SourceAssetDB has modification time of '2025-10-14T18:17:08.308846Z' while content on disk has modification time of '2025-10-14T18:17:12.2150952Z'
  ERROR: Build asset version error: assets/scripts/firebasecode/leaderboardmanager.cs in SourceAssetDB has modification time of '2025-10-14T18:17:08.308846Z' while content on disk has modification time of '2025-10-14T18:17:12.2150952Z'
Number of updated asset objects reloaded before import = 0
Number of asset objects unloaded after import = 0
========================================================================
Received Import Request.
  Time since last request: 0.009489 seconds.
  path: Assets/Scripts/FirebaseCode/LeaderboardManager.cs
  artifactKey: Guid(1a66a2345655f2b41ab45bb2c7f9cfb8) Importer(815301076,1909f56bfc062723c751e8b465ee728b)
Start importing Assets/Scripts/FirebaseCode/LeaderboardManager.cs using Guid(1a66a2345655f2b41ab45bb2c7f9cfb8) Importer(815301076,1909f56bfc062723c751e8b465ee728b)  -> (artifact id: '00000000000000000000000000000000') in 0.000517 seconds
Import Error Code:(4)
Message: Build asset version error: assets/scripts/firebasecode/leaderboardmanager.cs in SourceAssetDB has modification time of '2025-10-14T18:17:08.308846Z' while content on disk has modification time of '2025-10-14T18:17:12.2150952Z'
  ERROR: Build asset version error: assets/scripts/firebasecode/leaderboardmanager.cs in SourceAssetDB has modification time of '2025-10-14T18:17:08.308846Z' while content on disk has modification time of '2025-10-14T18:17:12.2150952Z'
Number of updated asset objects reloaded before import = 0
Number of asset objects unloaded after import = 0
========================================================================
Received Import Request.
  Time since last request: 0.008535 seconds.
  path: Assets/Scripts/FirebaseCode/LeaderboardManager.cs
  artifactKey: Guid(1a66a2345655f2b41ab45bb2c7f9cfb8) Importer(815301076,1909f56bfc062723c751e8b465ee728b)
Start importing Assets/Scripts/FirebaseCode/LeaderboardManager.cs using Guid(1a66a2345655f2b41ab45bb2c7f9cfb8) Importer(815301076,1909f56bfc062723c751e8b465ee728b)  -> (artifact id: '00000000000000000000000000000000') in 0.000635 seconds
Import Error Code:(4)
Message: Build asset version error: assets/scripts/firebasecode/leaderboardmanager.cs in SourceAssetDB has modification time of '2025-10-14T18:17:08.308846Z' while content on disk has modification time of '2025-10-14T18:17:12.2150952Z'
  ERROR: Build asset version error: assets/scripts/firebasecode/leaderboardmanager.cs in SourceAssetDB has modification time of '2025-10-14T18:17:08.308846Z' while content on disk has modification time of '2025-10-14T18:17:12.2150952Z'
Number of updated asset objects reloaded before import = 0
Number of asset objects unloaded after import = 0
========================================================================
Received Import Request.
  Time since last request: 0.009012 seconds.
  path: Assets/Scripts/FirebaseCode/LeaderboardManager.cs
  artifactKey: Guid(1a66a2345655f2b41ab45bb2c7f9cfb8) Importer(815301076,1909f56bfc062723c751e8b465ee728b)
Start importing Assets/Scripts/FirebaseCode/LeaderboardManager.cs using Guid(1a66a2345655f2b41ab45bb2c7f9cfb8) Importer(815301076,1909f56bfc062723c751e8b465ee728b)  -> (artifact id: '00000000000000000000000000000000') in 0.000675 seconds
Import Error Code:(4)
Message: Build asset version error: assets/scripts/firebasecode/leaderboardmanager.cs in SourceAssetDB has modification time of '2025-10-14T18:17:08.308846Z' while content on disk has modification time of '2025-10-14T18:17:12.2150952Z'
  ERROR: Build asset version error: assets/scripts/firebasecode/leaderboardmanager.cs in SourceAssetDB has modification time of '2025-10-14T18:17:08.308846Z' while content on disk has modification time of '2025-10-14T18:17:12.2150952Z'
Number of updated asset objects reloaded before import = 0
Number of asset objects unloaded after import = 0
========================================================================
Received Import Request.
  Time since last request: 0.009175 seconds.
  path: Assets/Scripts/FirebaseCode/LeaderboardManager.cs
  artifactKey: Guid(1a66a2345655f2b41ab45bb2c7f9cfb8) Importer(815301076,1909f56bfc062723c751e8b465ee728b)
Start importing Assets/Scripts/FirebaseCode/LeaderboardManager.cs using Guid(1a66a2345655f2b41ab45bb2c7f9cfb8) Importer(815301076,1909f56bfc062723c751e8b465ee728b)  -> (artifact id: '00000000000000000000000000000000') in 0.000542 seconds
Import Error Code:(4)
Message: Build asset version error: assets/scripts/firebasecode/leaderboardmanager.cs in SourceAssetDB has modification time of '2025-10-14T18:17:08.308846Z' while content on disk has modification time of '2025-10-14T18:17:12.2150952Z'
  ERROR: Build asset version error: assets/scripts/firebasecode/leaderboardmanager.cs in SourceAssetDB has modification time of '2025-10-14T18:17:08.308846Z' while content on disk has modification time of '2025-10-14T18:17:12.2150952Z'
Number of updated asset objects reloaded before import = 0
Number of asset objects unloaded after import = 0
========================================================================
Received Import Request.
  Time since last request: 0.009169 seconds.
  path: Assets/Scripts/FirebaseCode/LeaderboardManager.cs
  artifactKey: Guid(1a66a2345655f2b41ab45bb2c7f9cfb8) Importer(815301076,1909f56bfc062723c751e8b465ee728b)
Start importing Assets/Scripts/FirebaseCode/LeaderboardManager.cs using Guid(1a66a2345655f2b41ab45bb2c7f9cfb8) Importer(815301076,1909f56bfc062723c751e8b465ee728b)  -> (artifact id: '00000000000000000000000000000000') in 0.000591 seconds
Import Error Code:(4)
Message: Build asset version error: assets/scripts/firebasecode/leaderboardmanager.cs in SourceAssetDB has modification time of '2025-10-14T18:17:08.308846Z' while content on disk has modification time of '2025-10-14T18:17:12.2150952Z'
  ERROR: Build asset version error: assets/scripts/firebasecode/leaderboardmanager.cs in SourceAssetDB has modification time of '2025-10-14T18:17:08.308846Z' while content on disk has modification time of '2025-10-14T18:17:12.2150952Z'
Number of updated asset objects reloaded before import = 0
Number of asset objects unloaded after import = 0
========================================================================
Received Import Request.
  Time since last request: 0.008599 seconds.
  path: Assets/Scripts/FirebaseCode/LeaderboardManager.cs
  artifactKey: Guid(1a66a2345655f2b41ab45bb2c7f9cfb8) Importer(815301076,1909f56bfc062723c751e8b465ee728b)
Start importing Assets/Scripts/FirebaseCode/LeaderboardManager.cs using Guid(1a66a2345655f2b41ab45bb2c7f9cfb8) Importer(815301076,1909f56bfc062723c751e8b465ee728b)  -> (artifact id: '00000000000000000000000000000000') in 0.000936 seconds
Import Error Code:(4)
Message: Build asset version error: assets/scripts/firebasecode/leaderboardmanager.cs in SourceAssetDB has modification time of '2025-10-14T18:17:08.308846Z' while content on disk has modification time of '2025-10-14T18:17:12.2150952Z'
  ERROR: Build asset version error: assets/scripts/firebasecode/leaderboardmanager.cs in SourceAssetDB has modification time of '2025-10-14T18:17:08.308846Z' while content on disk has modification time of '2025-10-14T18:17:12.2150952Z'
Number of updated asset objects reloaded before import = 0
Number of asset objects unloaded after import = 0
========================================================================
Received Import Request.
  Time since last request: 0.008583 seconds.
  path: Assets/Scripts/FirebaseCode/LeaderboardManager.cs
  artifactKey: Guid(1a66a2345655f2b41ab45bb2c7f9cfb8) Importer(815301076,1909f56bfc062723c751e8b465ee728b)
Start importing Assets/Scripts/FirebaseCode/LeaderboardManager.cs using Guid(1a66a2345655f2b41ab45bb2c7f9cfb8) Importer(815301076,1909f56bfc062723c751e8b465ee728b)  -> (artifact id: '00000000000000000000000000000000') in 0.000692 seconds
Import Error Code:(4)
Message: Build asset version error: assets/scripts/firebasecode/leaderboardmanager.cs in SourceAssetDB has modification time of '2025-10-14T18:17:08.308846Z' while content on disk has modification time of '2025-10-14T18:17:12.2150952Z'
  ERROR: Build asset version error: assets/scripts/firebasecode/leaderboardmanager.cs in SourceAssetDB has modification time of '2025-10-14T18:17:08.308846Z' while content on disk has modification time of '2025-10-14T18:17:12.2150952Z'
Number of updated asset objects reloaded before import = 0
Number of asset objects unloaded after import = 0
========================================================================
Received Import Request.
  Time since last request: 0.008988 seconds.
  path: Assets/Scripts/FirebaseCode/LeaderboardManager.cs
  artifactKey: Guid(1a66a2345655f2b41ab45bb2c7f9cfb8) Importer(815301076,1909f56bfc062723c751e8b465ee728b)
Start importing Assets/Scripts/FirebaseCode/LeaderboardManager.cs using Guid(1a66a2345655f2b41ab45bb2c7f9cfb8) Importer(815301076,1909f56bfc062723c751e8b465ee728b)  -> (artifact id: '00000000000000000000000000000000') in 0.000537 seconds
Import Error Code:(4)
Message: Build asset version error: assets/scripts/firebasecode/leaderboardmanager.cs in SourceAssetDB has modification time of '2025-10-14T18:17:08.308846Z' while content on disk has modification time of '2025-10-14T18:17:12.2150952Z'
  ERROR: Build asset version error: assets/scripts/firebasecode/leaderboardmanager.cs in SourceAssetDB has modification time of '2025-10-14T18:17:08.308846Z' while content on disk has modification time of '2025-10-14T18:17:12.2150952Z'
Number of updated asset objects reloaded before import = 0
Number of asset objects unloaded after import = 0
========================================================================
Received Import Request.
  Time since last request: 0.009215 seconds.
  path: Assets/Scripts/FirebaseCode/LeaderboardManager.cs
  artifactKey: Guid(1a66a2345655f2b41ab45bb2c7f9cfb8) Importer(815301076,1909f56bfc062723c751e8b465ee728b)
Start importing Assets/Scripts/FirebaseCode/LeaderboardManager.cs using Guid(1a66a2345655f2b41ab45bb2c7f9cfb8) Importer(815301076,1909f56bfc062723c751e8b465ee728b)  -> (artifact id: '00000000000000000000000000000000') in 0.000486 seconds
Import Error Code:(4)
Message: Build asset version error: assets/scripts/firebasecode/leaderboardmanager.cs in SourceAssetDB has modification time of '2025-10-14T18:17:08.308846Z' while content on disk has modification time of '2025-10-14T18:17:12.2150952Z'
  ERROR: Build asset version error: assets/scripts/firebasecode/leaderboardmanager.cs in SourceAssetDB has modification time of '2025-10-14T18:17:08.308846Z' while content on disk has modification time of '2025-10-14T18:17:12.2150952Z'
Number of updated asset objects reloaded before import = 0
Number of asset objects unloaded after import = 0
========================================================================
Received Import Request.
  Time since last request: 0.009196 seconds.
  path: Assets/Scripts/FirebaseCode/LeaderboardManager.cs
  artifactKey: Guid(1a66a2345655f2b41ab45bb2c7f9cfb8) Importer(815301076,1909f56bfc062723c751e8b465ee728b)
Start importing Assets/Scripts/FirebaseCode/LeaderboardManager.cs using Guid(1a66a2345655f2b41ab45bb2c7f9cfb8) Importer(815301076,1909f56bfc062723c751e8b465ee728b)  -> (artifact id: '00000000000000000000000000000000') in 0.000516 seconds
Import Error Code:(4)
Message: Build asset version error: assets/scripts/firebasecode/leaderboardmanager.cs in SourceAssetDB has modification time of '2025-10-14T18:17:08.308846Z' while content on disk has modification time of '2025-10-14T18:17:12.2150952Z'
  ERROR: Build asset version error: assets/scripts/firebasecode/leaderboardmanager.cs in SourceAssetDB has modification time of '2025-10-14T18:17:08.308846Z' while content on disk has modification time of '2025-10-14T18:17:12.2150952Z'
Number of updated asset objects reloaded before import = 0
Number of asset objects unloaded after import = 0
========================================================================
Received Import Request.
  Time since last request: 0.008380 seconds.
  path: Assets/Scripts/FirebaseCode/LeaderboardManager.cs
  artifactKey: Guid(1a66a2345655f2b41ab45bb2c7f9cfb8) Importer(815301076,1909f56bfc062723c751e8b465ee728b)
Start importing Assets/Scripts/FirebaseCode/LeaderboardManager.cs using Guid(1a66a2345655f2b41ab45bb2c7f9cfb8) Importer(815301076,1909f56bfc062723c751e8b465ee728b)  -> (artifact id: '00000000000000000000000000000000') in 0.000763 seconds
Import Error Code:(4)
Message: Build asset version error: assets/scripts/firebasecode/leaderboardmanager.cs in SourceAssetDB has modification time of '2025-10-14T18:17:08.308846Z' while content on disk has modification time of '2025-10-14T18:17:12.2150952Z'
  ERROR: Build asset version error: assets/scripts/firebasecode/leaderboardmanager.cs in SourceAssetDB has modification time of '2025-10-14T18:17:08.308846Z' while content on disk has modification time of '2025-10-14T18:17:12.2150952Z'
Number of updated asset objects reloaded before import = 0
Number of asset objects unloaded after import = 0
========================================================================
Received Import Request.
  Time since last request: 0.009142 seconds.
  path: Assets/Scripts/FirebaseCode/LeaderboardManager.cs
  artifactKey: Guid(1a66a2345655f2b41ab45bb2c7f9cfb8) Importer(815301076,1909f56bfc062723c751e8b465ee728b)
Start importing Assets/Scripts/FirebaseCode/LeaderboardManager.cs using Guid(1a66a2345655f2b41ab45bb2c7f9cfb8) Importer(815301076,1909f56bfc062723c751e8b465ee728b)  -> (artifact id: '00000000000000000000000000000000') in 0.000778 seconds
Import Error Code:(4)
Message: Build asset version error: assets/scripts/firebasecode/leaderboardmanager.cs in SourceAssetDB has modification time of '2025-10-14T18:17:08.308846Z' while content on disk has modification time of '2025-10-14T18:17:12.2150952Z'
  ERROR: Build asset version error: assets/scripts/firebasecode/leaderboardmanager.cs in SourceAssetDB has modification time of '2025-10-14T18:17:08.308846Z' while content on disk has modification time of '2025-10-14T18:17:12.2150952Z'
Number of updated asset objects reloaded before import = 0
Number of asset objects unloaded after import = 0
========================================================================
Received Import Request.
  Time since last request: 0.009251 seconds.
  path: Assets/Scripts/FirebaseCode/LeaderboardManager.cs
  artifactKey: Guid(1a66a2345655f2b41ab45bb2c7f9cfb8) Importer(815301076,1909f56bfc062723c751e8b465ee728b)
Start importing Assets/Scripts/FirebaseCode/LeaderboardManager.cs using Guid(1a66a2345655f2b41ab45bb2c7f9cfb8) Importer(815301076,1909f56bfc062723c751e8b465ee728b)  -> (artifact id: '00000000000000000000000000000000') in 0.001090 seconds
Import Error Code:(4)
Message: Build asset version error: assets/scripts/firebasecode/leaderboardmanager.cs in SourceAssetDB has modification time of '2025-10-14T18:17:08.308846Z' while content on disk has modification time of '2025-10-14T18:17:12.2150952Z'
  ERROR: Build asset version error: assets/scripts/firebasecode/leaderboardmanager.cs in SourceAssetDB has modification time of '2025-10-14T18:17:08.308846Z' while content on disk has modification time of '2025-10-14T18:17:12.2150952Z'
Number of updated asset objects reloaded before import = 0
Number of asset objects unloaded after import = 0
========================================================================
Received Import Request.
  Time since last request: 0.008613 seconds.
  path: Assets/Scripts/FirebaseCode/LeaderboardManager.cs
  artifactKey: Guid(1a66a2345655f2b41ab45bb2c7f9cfb8) Importer(815301076,1909f56bfc062723c751e8b465ee728b)
Start importing Assets/Scripts/FirebaseCode/LeaderboardManager.cs using Guid(1a66a2345655f2b41ab45bb2c7f9cfb8) Importer(815301076,1909f56bfc062723c751e8b465ee728b)  -> (artifact id: '00000000000000000000000000000000') in 0.000662 seconds
Import Error Code:(4)
Message: Build asset version error: assets/scripts/firebasecode/leaderboardmanager.cs in SourceAssetDB has modification time of '2025-10-14T18:17:08.308846Z' while content on disk has modification time of '2025-10-14T18:17:12.2150952Z'
  ERROR: Build asset version error: assets/scripts/firebasecode/leaderboardmanager.cs in SourceAssetDB has modification time of '2025-10-14T18:17:08.308846Z' while content on disk has modification time of '2025-10-14T18:17:12.2150952Z'
Number of updated asset objects reloaded before import = 0
Number of asset objects unloaded after import = 0
========================================================================
Received Import Request.
  Time since last request: 0.009259 seconds.
  path: Assets/Scripts/FirebaseCode/LeaderboardManager.cs
  artifactKey: Guid(1a66a2345655f2b41ab45bb2c7f9cfb8) Importer(815301076,1909f56bfc062723c751e8b465ee728b)
Start importing Assets/Scripts/FirebaseCode/LeaderboardManager.cs using Guid(1a66a2345655f2b41ab45bb2c7f9cfb8) Importer(815301076,1909f56bfc062723c751e8b465ee728b)  -> (artifact id: '00000000000000000000000000000000') in 0.000869 seconds
Import Error Code:(4)
Message: Build asset version error: assets/scripts/firebasecode/leaderboardmanager.cs in SourceAssetDB has modification time of '2025-10-14T18:17:08.308846Z' while content on disk has modification time of '2025-10-14T18:17:12.2150952Z'
  ERROR: Build asset version error: assets/scripts/firebasecode/leaderboardmanager.cs in SourceAssetDB has modification time of '2025-10-14T18:17:08.308846Z' while content on disk has modification time of '2025-10-14T18:17:12.2150952Z'
Number of updated asset objects reloaded before import = 0
Number of asset objects unloaded after import = 0
========================================================================
Received Import Request.
  Time since last request: 0.007809 seconds.
  path: Assets/Scripts/FirebaseCode/LeaderboardManager.cs
  artifactKey: Guid(1a66a2345655f2b41ab45bb2c7f9cfb8) Importer(815301076,1909f56bfc062723c751e8b465ee728b)
Start importing Assets/Scripts/FirebaseCode/LeaderboardManager.cs using Guid(1a66a2345655f2b41ab45bb2c7f9cfb8) Importer(815301076,1909f56bfc062723c751e8b465ee728b)  -> (artifact id: '00000000000000000000000000000000') in 0.000593 seconds
Import Error Code:(4)
Message: Build asset version error: assets/scripts/firebasecode/leaderboardmanager.cs in SourceAssetDB has modification time of '2025-10-14T18:17:08.308846Z' while content on disk has modification time of '2025-10-14T18:17:12.2150952Z'
  ERROR: Build asset version error: assets/scripts/firebasecode/leaderboardmanager.cs in SourceAssetDB has modification time of '2025-10-14T18:17:08.308846Z' while content on disk has modification time of '2025-10-14T18:17:12.2150952Z'
Number of updated asset objects reloaded before import = 0
Number of asset objects unloaded after import = 0
========================================================================
Received Import Request.
  Time since last request: 0.008996 seconds.
  path: Assets/Scripts/FirebaseCode/LeaderboardManager.cs
  artifactKey: Guid(1a66a2345655f2b41ab45bb2c7f9cfb8) Importer(815301076,1909f56bfc062723c751e8b465ee728b)
Start importing Assets/Scripts/FirebaseCode/LeaderboardManager.cs using Guid(1a66a2345655f2b41ab45bb2c7f9cfb8) Importer(815301076,1909f56bfc062723c751e8b465ee728b)  -> (artifact id: '00000000000000000000000000000000') in 0.000501 seconds
Import Error Code:(4)
Message: Build asset version error: assets/scripts/firebasecode/leaderboardmanager.cs in SourceAssetDB has modification time of '2025-10-14T18:17:08.308846Z' while content on disk has modification time of '2025-10-14T18:17:12.2150952Z'
  ERROR: Build asset version error: assets/scripts/firebasecode/leaderboardmanager.cs in SourceAssetDB has modification time of '2025-10-14T18:17:08.308846Z' while content on disk has modification time of '2025-10-14T18:17:12.2150952Z'
Number of updated asset objects reloaded before import = 0
Number of asset objects unloaded after import = 0
========================================================================
Received Import Request.
  Time since last request: 0.009201 seconds.
  path: Assets/Scripts/FirebaseCode/LeaderboardManager.cs
  artifactKey: Guid(1a66a2345655f2b41ab45bb2c7f9cfb8) Importer(815301076,1909f56bfc062723c751e8b465ee728b)
Start importing Assets/Scripts/FirebaseCode/LeaderboardManager.cs using Guid(1a66a2345655f2b41ab45bb2c7f9cfb8) Importer(815301076,1909f56bfc062723c751e8b465ee728b)  -> (artifact id: '00000000000000000000000000000000') in 0.000669 seconds
Import Error Code:(4)
Message: Build asset version error: assets/scripts/firebasecode/leaderboardmanager.cs in SourceAssetDB has modification time of '2025-10-14T18:17:08.308846Z' while content on disk has modification time of '2025-10-14T18:17:12.2150952Z'
  ERROR: Build asset version error: assets/scripts/firebasecode/leaderboardmanager.cs in SourceAssetDB has modification time of '2025-10-14T18:17:08.308846Z' while content on disk has modification time of '2025-10-14T18:17:12.2150952Z'
Number of updated asset objects reloaded before import = 0
Number of asset objects unloaded after import = 0
========================================================================
Received Import Request.
  Time since last request: 0.009148 seconds.
  path: Assets/Scripts/FirebaseCode/LeaderboardManager.cs
  artifactKey: Guid(1a66a2345655f2b41ab45bb2c7f9cfb8) Importer(815301076,1909f56bfc062723c751e8b465ee728b)
Start importing Assets/Scripts/FirebaseCode/LeaderboardManager.cs using Guid(1a66a2345655f2b41ab45bb2c7f9cfb8) Importer(815301076,1909f56bfc062723c751e8b465ee728b)  -> (artifact id: '00000000000000000000000000000000') in 0.000689 seconds
Import Error Code:(4)
Message: Build asset version error: assets/scripts/firebasecode/leaderboardmanager.cs in SourceAssetDB has modification time of '2025-10-14T18:17:08.308846Z' while content on disk has modification time of '2025-10-14T18:17:12.2150952Z'
  ERROR: Build asset version error: assets/scripts/firebasecode/leaderboardmanager.cs in SourceAssetDB has modification time of '2025-10-14T18:17:08.308846Z' while content on disk has modification time of '2025-10-14T18:17:12.2150952Z'
Number of updated asset objects reloaded before import = 0
Number of asset objects unloaded after import = 0
========================================================================
Received Import Request.
  Time since last request: 0.009114 seconds.
  path: Assets/Scripts/FirebaseCode/LeaderboardManager.cs
  artifactKey: Guid(1a66a2345655f2b41ab45bb2c7f9cfb8) Importer(815301076,1909f56bfc062723c751e8b465ee728b)
Start importing Assets/Scripts/FirebaseCode/LeaderboardManager.cs using Guid(1a66a2345655f2b41ab45bb2c7f9cfb8) Importer(815301076,1909f56bfc062723c751e8b465ee728b)  -> (artifact id: '00000000000000000000000000000000') in 0.000690 seconds
Import Error Code:(4)
Message: Build asset version error: assets/scripts/firebasecode/leaderboardmanager.cs in SourceAssetDB has modification time of '2025-10-14T18:17:08.308846Z' while content on disk has modification time of '2025-10-14T18:17:12.2150952Z'
  ERROR: Build asset version error: assets/scripts/firebasecode/leaderboardmanager.cs in SourceAssetDB has modification time of '2025-10-14T18:17:08.308846Z' while content on disk has modification time of '2025-10-14T18:17:12.2150952Z'
Number of updated asset objects reloaded before import = 0
Number of asset objects unloaded after import = 0
========================================================================
Received Import Request.
  Time since last request: 0.008468 seconds.
  path: Assets/Scripts/FirebaseCode/LeaderboardManager.cs
  artifactKey: Guid(1a66a2345655f2b41ab45bb2c7f9cfb8) Importer(815301076,1909f56bfc062723c751e8b465ee728b)
Start importing Assets/Scripts/FirebaseCode/LeaderboardManager.cs using Guid(1a66a2345655f2b41ab45bb2c7f9cfb8) Importer(815301076,1909f56bfc062723c751e8b465ee728b)  -> (artifact id: '00000000000000000000000000000000') in 0.000884 seconds
Import Error Code:(4)
Message: Build asset version error: assets/scripts/firebasecode/leaderboardmanager.cs in SourceAssetDB has modification time of '2025-10-14T18:17:08.308846Z' while content on disk has modification time of '2025-10-14T18:17:12.2150952Z'
  ERROR: Build asset version error: assets/scripts/firebasecode/leaderboardmanager.cs in SourceAssetDB has modification time of '2025-10-14T18:17:08.308846Z' while content on disk has modification time of '2025-10-14T18:17:12.2150952Z'
Number of updated asset objects reloaded before import = 0
Number of asset objects unloaded after import = 0
========================================================================
Received Import Request.
  Time since last request: 0.009085 seconds.
  path: Assets/Scripts/FirebaseCode/LeaderboardManager.cs
  artifactKey: Guid(1a66a2345655f2b41ab45bb2c7f9cfb8) Importer(815301076,1909f56bfc062723c751e8b465ee728b)
Start importing Assets/Scripts/FirebaseCode/LeaderboardManager.cs using Guid(1a66a2345655f2b41ab45bb2c7f9cfb8) Importer(815301076,1909f56bfc062723c751e8b465ee728b)  -> (artifact id: '00000000000000000000000000000000') in 0.000522 seconds
Import Error Code:(4)
Message: Build asset version error: assets/scripts/firebasecode/leaderboardmanager.cs in SourceAssetDB has modification time of '2025-10-14T18:17:08.308846Z' while content on disk has modification time of '2025-10-14T18:17:12.2150952Z'
  ERROR: Build asset version error: assets/scripts/firebasecode/leaderboardmanager.cs in SourceAssetDB has modification time of '2025-10-14T18:17:08.308846Z' while content on disk has modification time of '2025-10-14T18:17:12.2150952Z'
Number of updated asset objects reloaded before import = 0
Number of asset objects unloaded after import = 0
========================================================================
Received Import Request.
  Time since last request: 0.010139 seconds.
  path: Assets/Scripts/FirebaseCode/LeaderboardManager.cs
  artifactKey: Guid(1a66a2345655f2b41ab45bb2c7f9cfb8) Importer(815301076,1909f56bfc062723c751e8b465ee728b)
Start importing Assets/Scripts/FirebaseCode/LeaderboardManager.cs using Guid(1a66a2345655f2b41ab45bb2c7f9cfb8) Importer(815301076,1909f56bfc062723c751e8b465ee728b)  -> (artifact id: '00000000000000000000000000000000') in 0.000527 seconds
Import Error Code:(4)
Message: Build asset version error: assets/scripts/firebasecode/leaderboardmanager.cs in SourceAssetDB has modification time of '2025-10-14T18:17:08.308846Z' while content on disk has modification time of '2025-10-14T18:17:12.2150952Z'
  ERROR: Build asset version error: assets/scripts/firebasecode/leaderboardmanager.cs in SourceAssetDB has modification time of '2025-10-14T18:17:08.308846Z' while content on disk has modification time of '2025-10-14T18:17:12.2150952Z'
Number of updated asset objects reloaded before import = 0
Number of asset objects unloaded after import = 0
========================================================================
Received Import Request.
  Time since last request: 0.008612 seconds.
  path: Assets/Scripts/FirebaseCode/LeaderboardManager.cs
  artifactKey: Guid(1a66a2345655f2b41ab45bb2c7f9cfb8) Importer(815301076,1909f56bfc062723c751e8b465ee728b)
Start importing Assets/Scripts/FirebaseCode/LeaderboardManager.cs using Guid(1a66a2345655f2b41ab45bb2c7f9cfb8) Importer(815301076,1909f56bfc062723c751e8b465ee728b)  -> (artifact id: '00000000000000000000000000000000') in 0.000643 seconds
Import Error Code:(4)
Message: Build asset version error: assets/scripts/firebasecode/leaderboardmanager.cs in SourceAssetDB has modification time of '2025-10-14T18:17:08.308846Z' while content on disk has modification time of '2025-10-14T18:17:12.2150952Z'
  ERROR: Build asset version error: assets/scripts/firebasecode/leaderboardmanager.cs in SourceAssetDB has modification time of '2025-10-14T18:17:08.308846Z' while content on disk has modification time of '2025-10-14T18:17:12.2150952Z'
Number of updated asset objects reloaded before import = 0
Number of asset objects unloaded after import = 0
========================================================================
Received Import Request.
  Time since last request: 0.010051 seconds.
  path: Assets/Scripts/FirebaseCode/LeaderboardManager.cs
  artifactKey: Guid(1a66a2345655f2b41ab45bb2c7f9cfb8) Importer(815301076,1909f56bfc062723c751e8b465ee728b)
Start importing Assets/Scripts/FirebaseCode/LeaderboardManager.cs using Guid(1a66a2345655f2b41ab45bb2c7f9cfb8) Importer(815301076,1909f56bfc062723c751e8b465ee728b)  -> (artifact id: '00000000000000000000000000000000') in 0.000675 seconds
Import Error Code:(4)
Message: Build asset version error: assets/scripts/firebasecode/leaderboardmanager.cs in SourceAssetDB has modification time of '2025-10-14T18:17:08.308846Z' while content on disk has modification time of '2025-10-14T18:17:12.2150952Z'
  ERROR: Build asset version error: assets/scripts/firebasecode/leaderboardmanager.cs in SourceAssetDB has modification time of '2025-10-14T18:17:08.308846Z' while content on disk has modification time of '2025-10-14T18:17:12.2150952Z'
Number of updated asset objects reloaded before import = 0
Number of asset objects unloaded after import = 0
========================================================================
Received Import Request.
  Time since last request: 0.009220 seconds.
  path: Assets/Scripts/FirebaseCode/LeaderboardManager.cs
  artifactKey: Guid(1a66a2345655f2b41ab45bb2c7f9cfb8) Importer(815301076,1909f56bfc062723c751e8b465ee728b)
Start importing Assets/Scripts/FirebaseCode/LeaderboardManager.cs using Guid(1a66a2345655f2b41ab45bb2c7f9cfb8) Importer(815301076,1909f56bfc062723c751e8b465ee728b)  -> (artifact id: '00000000000000000000000000000000') in 0.000692 seconds
Import Error Code:(4)
Message: Build asset version error: assets/scripts/firebasecode/leaderboardmanager.cs in SourceAssetDB has modification time of '2025-10-14T18:17:08.308846Z' while content on disk has modification time of '2025-10-14T18:17:12.2150952Z'
  ERROR: Build asset version error: assets/scripts/firebasecode/leaderboardmanager.cs in SourceAssetDB has modification time of '2025-10-14T18:17:08.308846Z' while content on disk has modification time of '2025-10-14T18:17:12.2150952Z'
Number of updated asset objects reloaded before import = 0
Number of asset objects unloaded after import = 0
========================================================================
Received Import Request.
  Time since last request: 0.008465 seconds.
  path: Assets/Scripts/FirebaseCode/LeaderboardManager.cs
  artifactKey: Guid(1a66a2345655f2b41ab45bb2c7f9cfb8) Importer(815301076,1909f56bfc062723c751e8b465ee728b)
Start importing Assets/Scripts/FirebaseCode/LeaderboardManager.cs using Guid(1a66a2345655f2b41ab45bb2c7f9cfb8) Importer(815301076,1909f56bfc062723c751e8b465ee728b)  -> (artifact id: '00000000000000000000000000000000') in 0.000511 seconds
Import Error Code:(4)
Message: Build asset version error: assets/scripts/firebasecode/leaderboardmanager.cs in SourceAssetDB has modification time of '2025-10-14T18:17:08.308846Z' while content on disk has modification time of '2025-10-14T18:17:12.2150952Z'
  ERROR: Build asset version error: assets/scripts/firebasecode/leaderboardmanager.cs in SourceAssetDB has modification time of '2025-10-14T18:17:08.308846Z' while content on disk has modification time of '2025-10-14T18:17:12.2150952Z'
Number of updated asset objects reloaded before import = 0
Number of asset objects unloaded after import = 0
========================================================================
Received Import Request.
  Time since last request: 0.008767 seconds.
  path: Assets/Scripts/FirebaseCode/LeaderboardManager.cs
  artifactKey: Guid(1a66a2345655f2b41ab45bb2c7f9cfb8) Importer(815301076,1909f56bfc062723c751e8b465ee728b)
Start importing Assets/Scripts/FirebaseCode/LeaderboardManager.cs using Guid(1a66a2345655f2b41ab45bb2c7f9cfb8) Importer(815301076,1909f56bfc062723c751e8b465ee728b)  -> (artifact id: '00000000000000000000000000000000') in 0.000526 seconds
Import Error Code:(4)
Message: Build asset version error: assets/scripts/firebasecode/leaderboardmanager.cs in SourceAssetDB has modification time of '2025-10-14T18:17:08.308846Z' while content on disk has modification time of '2025-10-14T18:17:12.2150952Z'
  ERROR: Build asset version error: assets/scripts/firebasecode/leaderboardmanager.cs in SourceAssetDB has modification time of '2025-10-14T18:17:08.308846Z' while content on disk has modification time of '2025-10-14T18:17:12.2150952Z'
Number of updated asset objects reloaded before import = 0
Number of asset objects unloaded after import = 0
========================================================================
Received Import Request.
  Time since last request: 0.008116 seconds.
  path: Assets/Scripts/FirebaseCode/LeaderboardManager.cs
  artifactKey: Guid(1a66a2345655f2b41ab45bb2c7f9cfb8) Importer(815301076,1909f56bfc062723c751e8b465ee728b)
Start importing Assets/Scripts/FirebaseCode/LeaderboardManager.cs using Guid(1a66a2345655f2b41ab45bb2c7f9cfb8) Importer(815301076,1909f56bfc062723c751e8b465ee728b)  -> (artifact id: '00000000000000000000000000000000') in 0.000584 seconds
Import Error Code:(4)
Message: Build asset version error: assets/scripts/firebasecode/leaderboardmanager.cs in SourceAssetDB has modification time of '2025-10-14T18:17:08.308846Z' while content on disk has modification time of '2025-10-14T18:17:12.2150952Z'
  ERROR: Build asset version error: assets/scripts/firebasecode/leaderboardmanager.cs in SourceAssetDB has modification time of '2025-10-14T18:17:08.308846Z' while content on disk has modification time of '2025-10-14T18:17:12.2150952Z'
Number of updated asset objects reloaded before import = 0
Number of asset objects unloaded after import = 0
========================================================================
Received Import Request.
  Time since last request: 0.009390 seconds.
  path: Assets/Scripts/FirebaseCode/LeaderboardManager.cs
  artifactKey: Guid(1a66a2345655f2b41ab45bb2c7f9cfb8) Importer(815301076,1909f56bfc062723c751e8b465ee728b)
Start importing Assets/Scripts/FirebaseCode/LeaderboardManager.cs using Guid(1a66a2345655f2b41ab45bb2c7f9cfb8) Importer(815301076,1909f56bfc062723c751e8b465ee728b)  -> (artifact id: '00000000000000000000000000000000') in 0.000445 seconds
Import Error Code:(4)
Message: Build asset version error: assets/scripts/firebasecode/leaderboardmanager.cs in SourceAssetDB has modification time of '2025-10-14T18:17:08.308846Z' while content on disk has modification time of '2025-10-14T18:17:12.2150952Z'
  ERROR: Build asset version error: assets/scripts/firebasecode/leaderboardmanager.cs in SourceAssetDB has modification time of '2025-10-14T18:17:08.308846Z' while content on disk has modification time of '2025-10-14T18:17:12.2150952Z'
Number of updated asset objects reloaded before import = 0
Number of asset objects unloaded after import = 0
========================================================================
Received Import Request.
  Time since last request: 0.008504 seconds.
  path: Assets/Scripts/FirebaseCode/LeaderboardManager.cs
  artifactKey: Guid(1a66a2345655f2b41ab45bb2c7f9cfb8) Importer(815301076,1909f56bfc062723c751e8b465ee728b)
Start importing Assets/Scripts/FirebaseCode/LeaderboardManager.cs using Guid(1a66a2345655f2b41ab45bb2c7f9cfb8) Importer(815301076,1909f56bfc062723c751e8b465ee728b)  -> (artifact id: '00000000000000000000000000000000') in 0.000567 seconds
Import Error Code:(4)
Message: Build asset version error: assets/scripts/firebasecode/leaderboardmanager.cs in SourceAssetDB has modification time of '2025-10-14T18:17:08.308846Z' while content on disk has modification time of '2025-10-14T18:17:12.2150952Z'
  ERROR: Build asset version error: assets/scripts/firebasecode/leaderboardmanager.cs in SourceAssetDB has modification time of '2025-10-14T18:17:08.308846Z' while content on disk has modification time of '2025-10-14T18:17:12.2150952Z'
Number of updated asset objects reloaded before import = 0
Number of asset objects unloaded after import = 0
========================================================================
Received Import Request.
  Time since last request: 0.009202 seconds.
  path: Assets/Scripts/FirebaseCode/LeaderboardManager.cs
  artifactKey: Guid(1a66a2345655f2b41ab45bb2c7f9cfb8) Importer(815301076,1909f56bfc062723c751e8b465ee728b)
Start importing Assets/Scripts/FirebaseCode/LeaderboardManager.cs using Guid(1a66a2345655f2b41ab45bb2c7f9cfb8) Importer(815301076,1909f56bfc062723c751e8b465ee728b)  -> (artifact id: '00000000000000000000000000000000') in 0.000786 seconds
Import Error Code:(4)
Message: Build asset version error: assets/scripts/firebasecode/leaderboardmanager.cs in SourceAssetDB has modification time of '2025-10-14T18:17:08.308846Z' while content on disk has modification time of '2025-10-14T18:17:12.2150952Z'
  ERROR: Build asset version error: assets/scripts/firebasecode/leaderboardmanager.cs in SourceAssetDB has modification time of '2025-10-14T18:17:08.308846Z' while content on disk has modification time of '2025-10-14T18:17:12.2150952Z'
Number of updated asset objects reloaded before import = 0
Number of asset objects unloaded after import = 0
========================================================================
Received Import Request.
  Time since last request: 0.012521 seconds.
  path: Assets/Scripts/FirebaseCode/LeaderboardManager.cs
  artifactKey: Guid(1a66a2345655f2b41ab45bb2c7f9cfb8) Importer(815301076,1909f56bfc062723c751e8b465ee728b)
Start importing Assets/Scripts/FirebaseCode/LeaderboardManager.cs using Guid(1a66a2345655f2b41ab45bb2c7f9cfb8) Importer(815301076,1909f56bfc062723c751e8b465ee728b)  -> (artifact id: '00000000000000000000000000000000') in 0.000713 seconds
Import Error Code:(4)
Message: Build asset version error: assets/scripts/firebasecode/leaderboardmanager.cs in SourceAssetDB has modification time of '2025-10-14T18:17:08.308846Z' while content on disk has modification time of '2025-10-14T18:17:12.2150952Z'
  ERROR: Build asset version error: assets/scripts/firebasecode/leaderboardmanager.cs in SourceAssetDB has modification time of '2025-10-14T18:17:08.308846Z' while content on disk has modification time of '2025-10-14T18:17:12.2150952Z'
Number of updated asset objects reloaded before import = 0
Number of asset objects unloaded after import = 0
========================================================================
Received Import Request.
  Time since last request: 0.009412 seconds.
  path: Assets/Scripts/FirebaseCode/LeaderboardManager.cs
  artifactKey: Guid(1a66a2345655f2b41ab45bb2c7f9cfb8) Importer(815301076,1909f56bfc062723c751e8b465ee728b)
Start importing Assets/Scripts/FirebaseCode/LeaderboardManager.cs using Guid(1a66a2345655f2b41ab45bb2c7f9cfb8) Importer(815301076,1909f56bfc062723c751e8b465ee728b)  -> (artifact id: '00000000000000000000000000000000') in 0.000868 seconds
Import Error Code:(4)
Message: Build asset version error: assets/scripts/firebasecode/leaderboardmanager.cs in SourceAssetDB has modification time of '2025-10-14T18:17:08.308846Z' while content on disk has modification time of '2025-10-14T18:17:12.2150952Z'
  ERROR: Build asset version error: assets/scripts/firebasecode/leaderboardmanager.cs in SourceAssetDB has modification time of '2025-10-14T18:17:08.308846Z' while content on disk has modification time of '2025-10-14T18:17:12.2150952Z'
Number of updated asset objects reloaded before import = 0
Number of asset objects unloaded after import = 0
========================================================================
Received Import Request.
  Time since last request: 0.008813 seconds.
  path: Assets/Scripts/FirebaseCode/LeaderboardManager.cs
  artifactKey: Guid(1a66a2345655f2b41ab45bb2c7f9cfb8) Importer(815301076,1909f56bfc062723c751e8b465ee728b)
Start importing Assets/Scripts/FirebaseCode/LeaderboardManager.cs using Guid(1a66a2345655f2b41ab45bb2c7f9cfb8) Importer(815301076,1909f56bfc062723c751e8b465ee728b)  -> (artifact id: '00000000000000000000000000000000') in 0.000687 seconds
Import Error Code:(4)
Message: Build asset version error: assets/scripts/firebasecode/leaderboardmanager.cs in SourceAssetDB has modification time of '2025-10-14T18:17:08.308846Z' while content on disk has modification time of '2025-10-14T18:17:12.2150952Z'
  ERROR: Build asset version error: assets/scripts/firebasecode/leaderboardmanager.cs in SourceAssetDB has modification time of '2025-10-14T18:17:08.308846Z' while content on disk has modification time of '2025-10-14T18:17:12.2150952Z'
Number of updated asset objects reloaded before import = 0
Number of asset objects unloaded after import = 0
========================================================================
Received Import Request.
  Time since last request: 0.009050 seconds.
  path: Assets/Scripts/FirebaseCode/LeaderboardManager.cs
  artifactKey: Guid(1a66a2345655f2b41ab45bb2c7f9cfb8) Importer(815301076,1909f56bfc062723c751e8b465ee728b)
Start importing Assets/Scripts/FirebaseCode/LeaderboardManager.cs using Guid(1a66a2345655f2b41ab45bb2c7f9cfb8) Importer(815301076,1909f56bfc062723c751e8b465ee728b)  -> (artifact id: '00000000000000000000000000000000') in 0.000722 seconds
Import Error Code:(4)
Message: Build asset version error: assets/scripts/firebasecode/leaderboardmanager.cs in SourceAssetDB has modification time of '2025-10-14T18:17:08.308846Z' while content on disk has modification time of '2025-10-14T18:17:12.2150952Z'
  ERROR: Build asset version error: assets/scripts/firebasecode/leaderboardmanager.cs in SourceAssetDB has modification time of '2025-10-14T18:17:08.308846Z' while content on disk has modification time of '2025-10-14T18:17:12.2150952Z'
Number of updated asset objects reloaded before import = 0
Number of asset objects unloaded after import = 0
========================================================================
Received Import Request.
  Time since last request: 0.009148 seconds.
  path: Assets/Scripts/FirebaseCode/LeaderboardManager.cs
  artifactKey: Guid(1a66a2345655f2b41ab45bb2c7f9cfb8) Importer(815301076,1909f56bfc062723c751e8b465ee728b)
Start importing Assets/Scripts/FirebaseCode/LeaderboardManager.cs using Guid(1a66a2345655f2b41ab45bb2c7f9cfb8) Importer(815301076,1909f56bfc062723c751e8b465ee728b)  -> (artifact id: '00000000000000000000000000000000') in 0.000713 seconds
Import Error Code:(4)
Message: Build asset version error: assets/scripts/firebasecode/leaderboardmanager.cs in SourceAssetDB has modification time of '2025-10-14T18:17:08.308846Z' while content on disk has modification time of '2025-10-14T18:17:12.2150952Z'
  ERROR: Build asset version error: assets/scripts/firebasecode/leaderboardmanager.cs in SourceAssetDB has modification time of '2025-10-14T18:17:08.308846Z' while content on disk has modification time of '2025-10-14T18:17:12.2150952Z'
Number of updated asset objects reloaded before import = 0
Number of asset objects unloaded after import = 0
========================================================================
Received Import Request.
  Time since last request: 0.007787 seconds.
  path: Assets/Scripts/FirebaseCode/LeaderboardManager.cs
  artifactKey: Guid(1a66a2345655f2b41ab45bb2c7f9cfb8) Importer(815301076,1909f56bfc062723c751e8b465ee728b)
Start importing Assets/Scripts/FirebaseCode/LeaderboardManager.cs using Guid(1a66a2345655f2b41ab45bb2c7f9cfb8) Importer(815301076,1909f56bfc062723c751e8b465ee728b)  -> (artifact id: '00000000000000000000000000000000') in 0.000845 seconds
Import Error Code:(4)
Message: Build asset version error: assets/scripts/firebasecode/leaderboardmanager.cs in SourceAssetDB has modification time of '2025-10-14T18:17:08.308846Z' while content on disk has modification time of '2025-10-14T18:17:12.2150952Z'
  ERROR: Build asset version error: assets/scripts/firebasecode/leaderboardmanager.cs in SourceAssetDB has modification time of '2025-10-14T18:17:08.308846Z' while content on disk has modification time of '2025-10-14T18:17:12.2150952Z'
Number of updated asset objects reloaded before import = 0
Number of asset objects unloaded after import = 0
========================================================================
Received Import Request.
  Time since last request: 0.010214 seconds.
  path: Assets/Scripts/FirebaseCode/LeaderboardManager.cs
  artifactKey: Guid(1a66a2345655f2b41ab45bb2c7f9cfb8) Importer(815301076,1909f56bfc062723c751e8b465ee728b)
Start importing Assets/Scripts/FirebaseCode/LeaderboardManager.cs using Guid(1a66a2345655f2b41ab45bb2c7f9cfb8) Importer(815301076,1909f56bfc062723c751e8b465ee728b)  -> (artifact id: '00000000000000000000000000000000') in 0.000670 seconds
Import Error Code:(4)
Message: Build asset version error: assets/scripts/firebasecode/leaderboardmanager.cs in SourceAssetDB has modification time of '2025-10-14T18:17:08.308846Z' while content on disk has modification time of '2025-10-14T18:17:12.2150952Z'
  ERROR: Build asset version error: assets/scripts/firebasecode/leaderboardmanager.cs in SourceAssetDB has modification time of '2025-10-14T18:17:08.308846Z' while content on disk has modification time of '2025-10-14T18:17:12.2150952Z'
Number of updated asset objects reloaded before import = 0
Number of asset objects unloaded after import = 0
========================================================================
Received Import Request.
  Time since last request: 0.009817 seconds.
  path: Assets/Scripts/FirebaseCode/LeaderboardManager.cs
  artifactKey: Guid(1a66a2345655f2b41ab45bb2c7f9cfb8) Importer(815301076,1909f56bfc062723c751e8b465ee728b)
Start importing Assets/Scripts/FirebaseCode/LeaderboardManager.cs using Guid(1a66a2345655f2b41ab45bb2c7f9cfb8) Importer(815301076,1909f56bfc062723c751e8b465ee728b)  -> (artifact id: '00000000000000000000000000000000') in 0.000680 seconds
Import Error Code:(4)
Message: Build asset version error: assets/scripts/firebasecode/leaderboardmanager.cs in SourceAssetDB has modification time of '2025-10-14T18:17:08.308846Z' while content on disk has modification time of '2025-10-14T18:17:12.2150952Z'
  ERROR: Build asset version error: assets/scripts/firebasecode/leaderboardmanager.cs in SourceAssetDB has modification time of '2025-10-14T18:17:08.308846Z' while content on disk has modification time of '2025-10-14T18:17:12.2150952Z'
Number of updated asset objects reloaded before import = 0
Number of asset objects unloaded after import = 0
========================================================================
Received Import Request.
  Time since last request: 0.013728 seconds.
  path: Assets/Scripts/FirebaseCode/LeaderboardManager.cs
  artifactKey: Guid(1a66a2345655f2b41ab45bb2c7f9cfb8) Importer(815301076,1909f56bfc062723c751e8b465ee728b)
Start importing Assets/Scripts/FirebaseCode/LeaderboardManager.cs using Guid(1a66a2345655f2b41ab45bb2c7f9cfb8) Importer(815301076,1909f56bfc062723c751e8b465ee728b)  -> (artifact id: '00000000000000000000000000000000') in 0.000727 seconds
Import Error Code:(4)
Message: Build asset version error: assets/scripts/firebasecode/leaderboardmanager.cs in SourceAssetDB has modification time of '2025-10-14T18:17:08.308846Z' while content on disk has modification time of '2025-10-14T18:17:12.2150952Z'
  ERROR: Build asset version error: assets/scripts/firebasecode/leaderboardmanager.cs in SourceAssetDB has modification time of '2025-10-14T18:17:08.308846Z' while content on disk has modification time of '2025-10-14T18:17:12.2150952Z'
Number of updated asset objects reloaded before import = 0
Number of asset objects unloaded after import = 0
========================================================================
Received Import Request.
  Time since last request: 0.010367 seconds.
  path: Assets/Scripts/FirebaseCode/LeaderboardManager.cs
  artifactKey: Guid(1a66a2345655f2b41ab45bb2c7f9cfb8) Importer(815301076,1909f56bfc062723c751e8b465ee728b)
Start importing Assets/Scripts/FirebaseCode/LeaderboardManager.cs using Guid(1a66a2345655f2b41ab45bb2c7f9cfb8) Importer(815301076,1909f56bfc062723c751e8b465ee728b)  -> (artifact id: '00000000000000000000000000000000') in 0.000780 seconds
Import Error Code:(4)
Message: Build asset version error: assets/scripts/firebasecode/leaderboardmanager.cs in SourceAssetDB has modification time of '2025-10-14T18:17:08.308846Z' while content on disk has modification time of '2025-10-14T18:17:12.2150952Z'
  ERROR: Build asset version error: assets/scripts/firebasecode/leaderboardmanager.cs in SourceAssetDB has modification time of '2025-10-14T18:17:08.308846Z' while content on disk has modification time of '2025-10-14T18:17:12.2150952Z'
Number of updated asset objects reloaded before import = 0
Number of asset objects unloaded after import = 0
========================================================================
Received Import Request.
  Time since last request: 0.008375 seconds.
  path: Assets/Scripts/FirebaseCode/LeaderboardManager.cs
  artifactKey: Guid(1a66a2345655f2b41ab45bb2c7f9cfb8) Importer(815301076,1909f56bfc062723c751e8b465ee728b)
Start importing Assets/Scripts/FirebaseCode/LeaderboardManager.cs using Guid(1a66a2345655f2b41ab45bb2c7f9cfb8) Importer(815301076,1909f56bfc062723c751e8b465ee728b)  -> (artifact id: '00000000000000000000000000000000') in 0.000886 seconds
Import Error Code:(4)
Message: Build asset version error: assets/scripts/firebasecode/leaderboardmanager.cs in SourceAssetDB has modification time of '2025-10-14T18:17:08.308846Z' while content on disk has modification time of '2025-10-14T18:17:12.2150952Z'
  ERROR: Build asset version error: assets/scripts/firebasecode/leaderboardmanager.cs in SourceAssetDB has modification time of '2025-10-14T18:17:08.308846Z' while content on disk has modification time of '2025-10-14T18:17:12.2150952Z'
Number of updated asset objects reloaded before import = 0
Number of asset objects unloaded after import = 0
========================================================================
Received Import Request.
  Time since last request: 0.009529 seconds.
  path: Assets/Scripts/FirebaseCode/LeaderboardManager.cs
  artifactKey: Guid(1a66a2345655f2b41ab45bb2c7f9cfb8) Importer(815301076,1909f56bfc062723c751e8b465ee728b)
Start importing Assets/Scripts/FirebaseCode/LeaderboardManager.cs using Guid(1a66a2345655f2b41ab45bb2c7f9cfb8) Importer(815301076,1909f56bfc062723c751e8b465ee728b)  -> (artifact id: '00000000000000000000000000000000') in 0.000503 seconds
Import Error Code:(4)
Message: Build asset version error: assets/scripts/firebasecode/leaderboardmanager.cs in SourceAssetDB has modification time of '2025-10-14T18:17:08.308846Z' while content on disk has modification time of '2025-10-14T18:17:12.2150952Z'
  ERROR: Build asset version error: assets/scripts/firebasecode/leaderboardmanager.cs in SourceAssetDB has modification time of '2025-10-14T18:17:08.308846Z' while content on disk has modification time of '2025-10-14T18:17:12.2150952Z'
Number of updated asset objects reloaded before import = 0
Number of asset objects unloaded after import = 0
========================================================================
Received Import Request.
  Time since last request: 0.009075 seconds.
  path: Assets/Scripts/FirebaseCode/LeaderboardManager.cs
  artifactKey: Guid(1a66a2345655f2b41ab45bb2c7f9cfb8) Importer(815301076,1909f56bfc062723c751e8b465ee728b)
Start importing Assets/Scripts/FirebaseCode/LeaderboardManager.cs using Guid(1a66a2345655f2b41ab45bb2c7f9cfb8) Importer(815301076,1909f56bfc062723c751e8b465ee728b)  -> (artifact id: '00000000000000000000000000000000') in 0.000679 seconds
Import Error Code:(4)
Message: Build asset version error: assets/scripts/firebasecode/leaderboardmanager.cs in SourceAssetDB has modification time of '2025-10-14T18:17:08.308846Z' while content on disk has modification time of '2025-10-14T18:17:12.2150952Z'
  ERROR: Build asset version error: assets/scripts/firebasecode/leaderboardmanager.cs in SourceAssetDB has modification time of '2025-10-14T18:17:08.308846Z' while content on disk has modification time of '2025-10-14T18:17:12.2150952Z'
Number of updated asset objects reloaded before import = 0
Number of asset objects unloaded after import = 0
========================================================================
Received Import Request.
  Time since last request: 0.007984 seconds.
  path: Assets/Scripts/FirebaseCode/LeaderboardManager.cs
  artifactKey: Guid(1a66a2345655f2b41ab45bb2c7f9cfb8) Importer(815301076,1909f56bfc062723c751e8b465ee728b)
Start importing Assets/Scripts/FirebaseCode/LeaderboardManager.cs using Guid(1a66a2345655f2b41ab45bb2c7f9cfb8) Importer(815301076,1909f56bfc062723c751e8b465ee728b)  -> (artifact id: '00000000000000000000000000000000') in 0.000494 seconds
Import Error Code:(4)
Message: Build asset version error: assets/scripts/firebasecode/leaderboardmanager.cs in SourceAssetDB has modification time of '2025-10-14T18:17:08.308846Z' while content on disk has modification time of '2025-10-14T18:17:12.2150952Z'
  ERROR: Build asset version error: assets/scripts/firebasecode/leaderboardmanager.cs in SourceAssetDB has modification time of '2025-10-14T18:17:08.308846Z' while content on disk has modification time of '2025-10-14T18:17:12.2150952Z'
Number of updated asset objects reloaded before import = 0
Number of asset objects unloaded after import = 0
========================================================================
Received Import Request.
  Time since last request: 0.009765 seconds.
  path: Assets/Scripts/FirebaseCode/LeaderboardManager.cs
  artifactKey: Guid(1a66a2345655f2b41ab45bb2c7f9cfb8) Importer(815301076,1909f56bfc062723c751e8b465ee728b)
Start importing Assets/Scripts/FirebaseCode/LeaderboardManager.cs using Guid(1a66a2345655f2b41ab45bb2c7f9cfb8) Importer(815301076,1909f56bfc062723c751e8b465ee728b)  -> (artifact id: '00000000000000000000000000000000') in 0.000489 seconds
Import Error Code:(4)
Message: Build asset version error: assets/scripts/firebasecode/leaderboardmanager.cs in SourceAssetDB has modification time of '2025-10-14T18:17:08.308846Z' while content on disk has modification time of '2025-10-14T18:17:12.2150952Z'
  ERROR: Build asset version error: assets/scripts/firebasecode/leaderboardmanager.cs in SourceAssetDB has modification time of '2025-10-14T18:17:08.308846Z' while content on disk has modification time of '2025-10-14T18:17:12.2150952Z'
Number of updated asset objects reloaded before import = 0
Number of asset objects unloaded after import = 0
========================================================================
Received Import Request.
  Time since last request: 0.009489 seconds.
  path: Assets/Scripts/FirebaseCode/LeaderboardManager.cs
  artifactKey: Guid(1a66a2345655f2b41ab45bb2c7f9cfb8) Importer(815301076,1909f56bfc062723c751e8b465ee728b)
Start importing Assets/Scripts/FirebaseCode/LeaderboardManager.cs using Guid(1a66a2345655f2b41ab45bb2c7f9cfb8) Importer(815301076,1909f56bfc062723c751e8b465ee728b)  -> (artifact id: '00000000000000000000000000000000') in 0.000657 seconds
Import Error Code:(4)
Message: Build asset version error: assets/scripts/firebasecode/leaderboardmanager.cs in SourceAssetDB has modification time of '2025-10-14T18:17:08.308846Z' while content on disk has modification time of '2025-10-14T18:17:12.2150952Z'
  ERROR: Build asset version error: assets/scripts/firebasecode/leaderboardmanager.cs in SourceAssetDB has modification time of '2025-10-14T18:17:08.308846Z' while content on disk has modification time of '2025-10-14T18:17:12.2150952Z'
Number of updated asset objects reloaded before import = 0
Number of asset objects unloaded after import = 0
========================================================================
Received Import Request.
  Time since last request: 0.008262 seconds.
  path: Assets/Scripts/FirebaseCode/LeaderboardManager.cs
  artifactKey: Guid(1a66a2345655f2b41ab45bb2c7f9cfb8) Importer(815301076,1909f56bfc062723c751e8b465ee728b)
Start importing Assets/Scripts/FirebaseCode/LeaderboardManager.cs using Guid(1a66a2345655f2b41ab45bb2c7f9cfb8) Importer(815301076,1909f56bfc062723c751e8b465ee728b)  -> (artifact id: '00000000000000000000000000000000') in 0.001019 seconds
Import Error Code:(4)
Message: Build asset version error: assets/scripts/firebasecode/leaderboardmanager.cs in SourceAssetDB has modification time of '2025-10-14T18:17:08.308846Z' while content on disk has modification time of '2025-10-14T18:17:12.2150952Z'
  ERROR: Build asset version error: assets/scripts/firebasecode/leaderboardmanager.cs in SourceAssetDB has modification time of '2025-10-14T18:17:08.308846Z' while content on disk has modification time of '2025-10-14T18:17:12.2150952Z'
Number of updated asset objects reloaded before import = 0
Number of asset objects unloaded after import = 0
========================================================================
Received Import Request.
  Time since last request: 0.009145 seconds.
  path: Assets/Scripts/FirebaseCode/LeaderboardManager.cs
  artifactKey: Guid(1a66a2345655f2b41ab45bb2c7f9cfb8) Importer(815301076,1909f56bfc062723c751e8b465ee728b)
Start importing Assets/Scripts/FirebaseCode/LeaderboardManager.cs using Guid(1a66a2345655f2b41ab45bb2c7f9cfb8) Importer(815301076,1909f56bfc062723c751e8b465ee728b)  -> (artifact id: '00000000000000000000000000000000') in 0.000537 seconds
Import Error Code:(4)
Message: Build asset version error: assets/scripts/firebasecode/leaderboardmanager.cs in SourceAssetDB has modification time of '2025-10-14T18:17:08.308846Z' while content on disk has modification time of '2025-10-14T18:17:12.2150952Z'
  ERROR: Build asset version error: assets/scripts/firebasecode/leaderboardmanager.cs in SourceAssetDB has modification time of '2025-10-14T18:17:08.308846Z' while content on disk has modification time of '2025-10-14T18:17:12.2150952Z'
Number of updated asset objects reloaded before import = 0
Number of asset objects unloaded after import = 0
========================================================================
Received Import Request.
  Time since last request: 0.009713 seconds.
  path: Assets/Scripts/FirebaseCode/LeaderboardManager.cs
  artifactKey: Guid(1a66a2345655f2b41ab45bb2c7f9cfb8) Importer(815301076,1909f56bfc062723c751e8b465ee728b)
Start importing Assets/Scripts/FirebaseCode/LeaderboardManager.cs using Guid(1a66a2345655f2b41ab45bb2c7f9cfb8) Importer(815301076,1909f56bfc062723c751e8b465ee728b)  -> (artifact id: '00000000000000000000000000000000') in 0.001038 seconds
Import Error Code:(4)
Message: Build asset version error: assets/scripts/firebasecode/leaderboardmanager.cs in SourceAssetDB has modification time of '2025-10-14T18:17:08.308846Z' while content on disk has modification time of '2025-10-14T18:17:12.2150952Z'
  ERROR: Build asset version error: assets/scripts/firebasecode/leaderboardmanager.cs in SourceAssetDB has modification time of '2025-10-14T18:17:08.308846Z' while content on disk has modification time of '2025-10-14T18:17:12.2150952Z'
Number of updated asset objects reloaded before import = 0
Number of asset objects unloaded after import = 0
========================================================================
Received Import Request.
  Time since last request: 0.008255 seconds.
  path: Assets/Scripts/FirebaseCode/LeaderboardManager.cs
  artifactKey: Guid(1a66a2345655f2b41ab45bb2c7f9cfb8) Importer(815301076,1909f56bfc062723c751e8b465ee728b)
Start importing Assets/Scripts/FirebaseCode/LeaderboardManager.cs using Guid(1a66a2345655f2b41ab45bb2c7f9cfb8) Importer(815301076,1909f56bfc062723c751e8b465ee728b)  -> (artifact id: '00000000000000000000000000000000') in 0.000517 seconds
Import Error Code:(4)
Message: Build asset version error: assets/scripts/firebasecode/leaderboardmanager.cs in SourceAssetDB has modification time of '2025-10-14T18:17:08.308846Z' while content on disk has modification time of '2025-10-14T18:17:12.2150952Z'
  ERROR: Build asset version error: assets/scripts/firebasecode/leaderboardmanager.cs in SourceAssetDB has modification time of '2025-10-14T18:17:08.308846Z' while content on disk has modification time of '2025-10-14T18:17:12.2150952Z'
Number of updated asset objects reloaded before import = 0
Number of asset objects unloaded after import = 0
========================================================================
Received Import Request.
  Time since last request: 0.009235 seconds.
  path: Assets/Scripts/FirebaseCode/LeaderboardManager.cs
  artifactKey: Guid(1a66a2345655f2b41ab45bb2c7f9cfb8) Importer(815301076,1909f56bfc062723c751e8b465ee728b)
Start importing Assets/Scripts/FirebaseCode/LeaderboardManager.cs using Guid(1a66a2345655f2b41ab45bb2c7f9cfb8) Importer(815301076,1909f56bfc062723c751e8b465ee728b)  -> (artifact id: '00000000000000000000000000000000') in 0.000500 seconds
Import Error Code:(4)
Message: Build asset version error: assets/scripts/firebasecode/leaderboardmanager.cs in SourceAssetDB has modification time of '2025-10-14T18:17:08.308846Z' while content on disk has modification time of '2025-10-14T18:17:12.2150952Z'
  ERROR: Build asset version error: assets/scripts/firebasecode/leaderboardmanager.cs in SourceAssetDB has modification time of '2025-10-14T18:17:08.308846Z' while content on disk has modification time of '2025-10-14T18:17:12.2150952Z'
Number of updated asset objects reloaded before import = 0
Number of asset objects unloaded after import = 0
========================================================================
Received Import Request.
  Time since last request: 0.008639 seconds.
  path: Assets/Scripts/FirebaseCode/LeaderboardManager.cs
  artifactKey: Guid(1a66a2345655f2b41ab45bb2c7f9cfb8) Importer(815301076,1909f56bfc062723c751e8b465ee728b)
Start importing Assets/Scripts/FirebaseCode/LeaderboardManager.cs using Guid(1a66a2345655f2b41ab45bb2c7f9cfb8) Importer(815301076,1909f56bfc062723c751e8b465ee728b)  -> (artifact id: '00000000000000000000000000000000') in 0.000601 seconds
Import Error Code:(4)
Message: Build asset version error: assets/scripts/firebasecode/leaderboardmanager.cs in SourceAssetDB has modification time of '2025-10-14T18:17:08.308846Z' while content on disk has modification time of '2025-10-14T18:17:12.2150952Z'
  ERROR: Build asset version error: assets/scripts/firebasecode/leaderboardmanager.cs in SourceAssetDB has modification time of '2025-10-14T18:17:08.308846Z' while content on disk has modification time of '2025-10-14T18:17:12.2150952Z'
Number of updated asset objects reloaded before import = 0
Number of asset objects unloaded after import = 0
========================================================================
Received Import Request.
  Time since last request: 0.008859 seconds.
  path: Assets/Scripts/FirebaseCode/LeaderboardManager.cs
  artifactKey: Guid(1a66a2345655f2b41ab45bb2c7f9cfb8) Importer(815301076,1909f56bfc062723c751e8b465ee728b)
Start importing Assets/Scripts/FirebaseCode/LeaderboardManager.cs using Guid(1a66a2345655f2b41ab45bb2c7f9cfb8) Importer(815301076,1909f56bfc062723c751e8b465ee728b)  -> (artifact id: '00000000000000000000000000000000') in 0.000533 seconds
Import Error Code:(4)
Message: Build asset version error: assets/scripts/firebasecode/leaderboardmanager.cs in SourceAssetDB has modification time of '2025-10-14T18:17:08.308846Z' while content on disk has modification time of '2025-10-14T18:17:12.2150952Z'
  ERROR: Build asset version error: assets/scripts/firebasecode/leaderboardmanager.cs in SourceAssetDB has modification time of '2025-10-14T18:17:08.308846Z' while content on disk has modification time of '2025-10-14T18:17:12.2150952Z'
Number of updated asset objects reloaded before import = 0
Number of asset objects unloaded after import = 0
========================================================================
Received Import Request.
  Time since last request: 0.009186 seconds.
  path: Assets/Scripts/FirebaseCode/LeaderboardManager.cs
  artifactKey: Guid(1a66a2345655f2b41ab45bb2c7f9cfb8) Importer(815301076,1909f56bfc062723c751e8b465ee728b)
Start importing Assets/Scripts/FirebaseCode/LeaderboardManager.cs using Guid(1a66a2345655f2b41ab45bb2c7f9cfb8) Importer(815301076,1909f56bfc062723c751e8b465ee728b)  -> (artifact id: '00000000000000000000000000000000') in 0.000751 seconds
Import Error Code:(4)
Message: Build asset version error: assets/scripts/firebasecode/leaderboardmanager.cs in SourceAssetDB has modification time of '2025-10-14T18:17:08.308846Z' while content on disk has modification time of '2025-10-14T18:17:12.2150952Z'
  ERROR: Build asset version error: assets/scripts/firebasecode/leaderboardmanager.cs in SourceAssetDB has modification time of '2025-10-14T18:17:08.308846Z' while content on disk has modification time of '2025-10-14T18:17:12.2150952Z'
Number of updated asset objects reloaded before import = 0
Number of asset objects unloaded after import = 0
========================================================================
Received Import Request.
  Time since last request: 0.008209 seconds.
  path: Assets/Scripts/FirebaseCode/LeaderboardManager.cs
  artifactKey: Guid(1a66a2345655f2b41ab45bb2c7f9cfb8) Importer(815301076,1909f56bfc062723c751e8b465ee728b)
Start importing Assets/Scripts/FirebaseCode/LeaderboardManager.cs using Guid(1a66a2345655f2b41ab45bb2c7f9cfb8) Importer(815301076,1909f56bfc062723c751e8b465ee728b)  -> (artifact id: '00000000000000000000000000000000') in 0.000582 seconds
Import Error Code:(4)
Message: Build asset version error: assets/scripts/firebasecode/leaderboardmanager.cs in SourceAssetDB has modification time of '2025-10-14T18:17:08.308846Z' while content on disk has modification time of '2025-10-14T18:17:12.2150952Z'
  ERROR: Build asset version error: assets/scripts/firebasecode/leaderboardmanager.cs in SourceAssetDB has modification time of '2025-10-14T18:17:08.308846Z' while content on disk has modification time of '2025-10-14T18:17:12.2150952Z'
Number of updated asset objects reloaded before import = 0
Number of asset objects unloaded after import = 0
========================================================================
Received Import Request.
  Time since last request: 0.008911 seconds.
  path: Assets/Scripts/FirebaseCode/LeaderboardManager.cs
  artifactKey: Guid(1a66a2345655f2b41ab45bb2c7f9cfb8) Importer(815301076,1909f56bfc062723c751e8b465ee728b)
Start importing Assets/Scripts/FirebaseCode/LeaderboardManager.cs using Guid(1a66a2345655f2b41ab45bb2c7f9cfb8) Importer(815301076,1909f56bfc062723c751e8b465ee728b)  -> (artifact id: '00000000000000000000000000000000') in 0.000717 seconds
Import Error Code:(4)
Message: Build asset version error: assets/scripts/firebasecode/leaderboardmanager.cs in SourceAssetDB has modification time of '2025-10-14T18:17:08.308846Z' while content on disk has modification time of '2025-10-14T18:17:12.2150952Z'
  ERROR: Build asset version error: assets/scripts/firebasecode/leaderboardmanager.cs in SourceAssetDB has modification time of '2025-10-14T18:17:08.308846Z' while content on disk has modification time of '2025-10-14T18:17:12.2150952Z'
Number of updated asset objects reloaded before import = 0
Number of asset objects unloaded after import = 0
========================================================================
Received Import Request.
  Time since last request: 0.008703 seconds.
  path: Assets/Scripts/FirebaseCode/LeaderboardManager.cs
  artifactKey: Guid(1a66a2345655f2b41ab45bb2c7f9cfb8) Importer(815301076,1909f56bfc062723c751e8b465ee728b)
Start importing Assets/Scripts/FirebaseCode/LeaderboardManager.cs using Guid(1a66a2345655f2b41ab45bb2c7f9cfb8) Importer(815301076,1909f56bfc062723c751e8b465ee728b)  -> (artifact id: '00000000000000000000000000000000') in 0.000581 seconds
Import Error Code:(4)
Message: Build asset version error: assets/scripts/firebasecode/leaderboardmanager.cs in SourceAssetDB has modification time of '2025-10-14T18:17:08.308846Z' while content on disk has modification time of '2025-10-14T18:17:12.2150952Z'
  ERROR: Build asset version error: assets/scripts/firebasecode/leaderboardmanager.cs in SourceAssetDB has modification time of '2025-10-14T18:17:08.308846Z' while content on disk has modification time of '2025-10-14T18:17:12.2150952Z'
Number of updated asset objects reloaded before import = 0
Number of asset objects unloaded after import = 0
========================================================================
Received Import Request.
  Time since last request: 0.010192 seconds.
  path: Assets/Scripts/FirebaseCode/LeaderboardManager.cs
  artifactKey: Guid(1a66a2345655f2b41ab45bb2c7f9cfb8) Importer(815301076,1909f56bfc062723c751e8b465ee728b)
Start importing Assets/Scripts/FirebaseCode/LeaderboardManager.cs using Guid(1a66a2345655f2b41ab45bb2c7f9cfb8) Importer(815301076,1909f56bfc062723c751e8b465ee728b)  -> (artifact id: '00000000000000000000000000000000') in 0.000806 seconds
Import Error Code:(4)
Message: Build asset version error: assets/scripts/firebasecode/leaderboardmanager.cs in SourceAssetDB has modification time of '2025-10-14T18:17:08.308846Z' while content on disk has modification time of '2025-10-14T18:17:12.2150952Z'
  ERROR: Build asset version error: assets/scripts/firebasecode/leaderboardmanager.cs in SourceAssetDB has modification time of '2025-10-14T18:17:08.308846Z' while content on disk has modification time of '2025-10-14T18:17:12.2150952Z'
Number of updated asset objects reloaded before import = 0
Number of asset objects unloaded after import = 0
========================================================================
Received Import Request.
  Time since last request: 0.009376 seconds.
  path: Assets/Scripts/FirebaseCode/LeaderboardManager.cs
  artifactKey: Guid(1a66a2345655f2b41ab45bb2c7f9cfb8) Importer(815301076,1909f56bfc062723c751e8b465ee728b)
Start importing Assets/Scripts/FirebaseCode/LeaderboardManager.cs using Guid(1a66a2345655f2b41ab45bb2c7f9cfb8) Importer(815301076,1909f56bfc062723c751e8b465ee728b)  -> (artifact id: '00000000000000000000000000000000') in 0.000632 seconds
Import Error Code:(4)
Message: Build asset version error: assets/scripts/firebasecode/leaderboardmanager.cs in SourceAssetDB has modification time of '2025-10-14T18:17:08.308846Z' while content on disk has modification time of '2025-10-14T18:17:12.2150952Z'
  ERROR: Build asset version error: assets/scripts/firebasecode/leaderboardmanager.cs in SourceAssetDB has modification time of '2025-10-14T18:17:08.308846Z' while content on disk has modification time of '2025-10-14T18:17:12.2150952Z'
Number of updated asset objects reloaded before import = 0
Number of asset objects unloaded after import = 0
========================================================================
Received Import Request.
  Time since last request: 0.009794 seconds.
  path: Assets/Scripts/FirebaseCode/LeaderboardManager.cs
  artifactKey: Guid(1a66a2345655f2b41ab45bb2c7f9cfb8) Importer(815301076,1909f56bfc062723c751e8b465ee728b)
Start importing Assets/Scripts/FirebaseCode/LeaderboardManager.cs using Guid(1a66a2345655f2b41ab45bb2c7f9cfb8) Importer(815301076,1909f56bfc062723c751e8b465ee728b)  -> (artifact id: '00000000000000000000000000000000') in 0.000433 seconds
Import Error Code:(4)
Message: Build asset version error: assets/scripts/firebasecode/leaderboardmanager.cs in SourceAssetDB has modification time of '2025-10-14T18:17:08.308846Z' while content on disk has modification time of '2025-10-14T18:17:12.2150952Z'
  ERROR: Build asset version error: assets/scripts/firebasecode/leaderboardmanager.cs in SourceAssetDB has modification time of '2025-10-14T18:17:08.308846Z' while content on disk has modification time of '2025-10-14T18:17:12.2150952Z'
Number of updated asset objects reloaded before import = 0
Number of asset objects unloaded after import = 0
========================================================================
Received Import Request.
  Time since last request: 0.008868 seconds.
  path: Assets/Scripts/FirebaseCode/LeaderboardManager.cs
  artifactKey: Guid(1a66a2345655f2b41ab45bb2c7f9cfb8) Importer(815301076,1909f56bfc062723c751e8b465ee728b)
Start importing Assets/Scripts/FirebaseCode/LeaderboardManager.cs using Guid(1a66a2345655f2b41ab45bb2c7f9cfb8) Importer(815301076,1909f56bfc062723c751e8b465ee728b)  -> (artifact id: '00000000000000000000000000000000') in 0.000760 seconds
Import Error Code:(4)
Message: Build asset version error: assets/scripts/firebasecode/leaderboardmanager.cs in SourceAssetDB has modification time of '2025-10-14T18:17:08.308846Z' while content on disk has modification time of '2025-10-14T18:17:12.2150952Z'
  ERROR: Build asset version error: assets/scripts/firebasecode/leaderboardmanager.cs in SourceAssetDB has modification time of '2025-10-14T18:17:08.308846Z' while content on disk has modification time of '2025-10-14T18:17:12.2150952Z'
Number of updated asset objects reloaded before import = 0
Number of asset objects unloaded after import = 0
========================================================================
Received Import Request.
  Time since last request: 0.007705 seconds.
  path: Assets/Scripts/FirebaseCode/LeaderboardManager.cs
  artifactKey: Guid(1a66a2345655f2b41ab45bb2c7f9cfb8) Importer(815301076,1909f56bfc062723c751e8b465ee728b)
Start importing Assets/Scripts/FirebaseCode/LeaderboardManager.cs using Guid(1a66a2345655f2b41ab45bb2c7f9cfb8) Importer(815301076,1909f56bfc062723c751e8b465ee728b)  -> (artifact id: '00000000000000000000000000000000') in 0.000862 seconds
Import Error Code:(4)
Message: Build asset version error: assets/scripts/firebasecode/leaderboardmanager.cs in SourceAssetDB has modification time of '2025-10-14T18:17:08.308846Z' while content on disk has modification time of '2025-10-14T18:17:12.2150952Z'
  ERROR: Build asset version error: assets/scripts/firebasecode/leaderboardmanager.cs in SourceAssetDB has modification time of '2025-10-14T18:17:08.308846Z' while content on disk has modification time of '2025-10-14T18:17:12.2150952Z'
Number of updated asset objects reloaded before import = 0
Number of asset objects unloaded after import = 0
========================================================================
Received Import Request.
  Time since last request: 0.008797 seconds.
  path: Assets/Scripts/FirebaseCode/LeaderboardManager.cs
  artifactKey: Guid(1a66a2345655f2b41ab45bb2c7f9cfb8) Importer(815301076,1909f56bfc062723c751e8b465ee728b)
Start importing Assets/Scripts/FirebaseCode/LeaderboardManager.cs using Guid(1a66a2345655f2b41ab45bb2c7f9cfb8) Importer(815301076,1909f56bfc062723c751e8b465ee728b)  -> (artifact id: '00000000000000000000000000000000') in 0.000589 seconds
Import Error Code:(4)
Message: Build asset version error: assets/scripts/firebasecode/leaderboardmanager.cs in SourceAssetDB has modification time of '2025-10-14T18:17:08.308846Z' while content on disk has modification time of '2025-10-14T18:17:12.2150952Z'
  ERROR: Build asset version error: assets/scripts/firebasecode/leaderboardmanager.cs in SourceAssetDB has modification time of '2025-10-14T18:17:08.308846Z' while content on disk has modification time of '2025-10-14T18:17:12.2150952Z'
Number of updated asset objects reloaded before import = 0
Number of asset objects unloaded after import = 0
========================================================================
Received Import Request.
  Time since last request: 0.009955 seconds.
  path: Assets/Scripts/FirebaseCode/LeaderboardManager.cs
  artifactKey: Guid(1a66a2345655f2b41ab45bb2c7f9cfb8) Importer(815301076,1909f56bfc062723c751e8b465ee728b)
Start importing Assets/Scripts/FirebaseCode/LeaderboardManager.cs using Guid(1a66a2345655f2b41ab45bb2c7f9cfb8) Importer(815301076,1909f56bfc062723c751e8b465ee728b)  -> (artifact id: '00000000000000000000000000000000') in 0.000509 seconds
Import Error Code:(4)
Message: Build asset version error: assets/scripts/firebasecode/leaderboardmanager.cs in SourceAssetDB has modification time of '2025-10-14T18:17:08.308846Z' while content on disk has modification time of '2025-10-14T18:17:12.2150952Z'
  ERROR: Build asset version error: assets/scripts/firebasecode/leaderboardmanager.cs in SourceAssetDB has modification time of '2025-10-14T18:17:08.308846Z' while content on disk has modification time of '2025-10-14T18:17:12.2150952Z'
Number of updated asset objects reloaded before import = 0
Number of asset objects unloaded after import = 0
========================================================================
Received Import Request.
  Time since last request: 0.008342 seconds.
  path: Assets/Scripts/FirebaseCode/LeaderboardManager.cs
  artifactKey: Guid(1a66a2345655f2b41ab45bb2c7f9cfb8) Importer(815301076,1909f56bfc062723c751e8b465ee728b)
Start importing Assets/Scripts/FirebaseCode/LeaderboardManager.cs using Guid(1a66a2345655f2b41ab45bb2c7f9cfb8) Importer(815301076,1909f56bfc062723c751e8b465ee728b)  -> (artifact id: '00000000000000000000000000000000') in 0.000686 seconds
Import Error Code:(4)
Message: Build asset version error: assets/scripts/firebasecode/leaderboardmanager.cs in SourceAssetDB has modification time of '2025-10-14T18:17:08.308846Z' while content on disk has modification time of '2025-10-14T18:17:12.2150952Z'
  ERROR: Build asset version error: assets/scripts/firebasecode/leaderboardmanager.cs in SourceAssetDB has modification time of '2025-10-14T18:17:08.308846Z' while content on disk has modification time of '2025-10-14T18:17:12.2150952Z'
Number of updated asset objects reloaded before import = 0
Number of asset objects unloaded after import = 0
========================================================================
Received Import Request.
  Time since last request: 0.010156 seconds.
  path: Assets/Scripts/FirebaseCode/LeaderboardManager.cs
  artifactKey: Guid(1a66a2345655f2b41ab45bb2c7f9cfb8) Importer(815301076,1909f56bfc062723c751e8b465ee728b)
Start importing Assets/Scripts/FirebaseCode/LeaderboardManager.cs using Guid(1a66a2345655f2b41ab45bb2c7f9cfb8) Importer(815301076,1909f56bfc062723c751e8b465ee728b)  -> (artifact id: '00000000000000000000000000000000') in 0.000573 seconds
Import Error Code:(4)
Message: Build asset version error: assets/scripts/firebasecode/leaderboardmanager.cs in SourceAssetDB has modification time of '2025-10-14T18:17:08.308846Z' while content on disk has modification time of '2025-10-14T18:17:12.2150952Z'
  ERROR: Build asset version error: assets/scripts/firebasecode/leaderboardmanager.cs in SourceAssetDB has modification time of '2025-10-14T18:17:08.308846Z' while content on disk has modification time of '2025-10-14T18:17:12.2150952Z'
Number of updated asset objects reloaded before import = 0
Number of asset objects unloaded after import = 0
========================================================================
Received Import Request.
  Time since last request: 0.009444 seconds.
  path: Assets/Scripts/FirebaseCode/LeaderboardManager.cs
  artifactKey: Guid(1a66a2345655f2b41ab45bb2c7f9cfb8) Importer(815301076,1909f56bfc062723c751e8b465ee728b)
Start importing Assets/Scripts/FirebaseCode/LeaderboardManager.cs using Guid(1a66a2345655f2b41ab45bb2c7f9cfb8) Importer(815301076,1909f56bfc062723c751e8b465ee728b)  -> (artifact id: '00000000000000000000000000000000') in 0.000692 seconds
Import Error Code:(4)
Message: Build asset version error: assets/scripts/firebasecode/leaderboardmanager.cs in SourceAssetDB has modification time of '2025-10-14T18:17:08.308846Z' while content on disk has modification time of '2025-10-14T18:17:12.2150952Z'
  ERROR: Build asset version error: assets/scripts/firebasecode/leaderboardmanager.cs in SourceAssetDB has modification time of '2025-10-14T18:17:08.308846Z' while content on disk has modification time of '2025-10-14T18:17:12.2150952Z'
Number of updated asset objects reloaded before import = 0
Number of asset objects unloaded after import = 0
========================================================================
Received Import Request.
  Time since last request: 0.007774 seconds.
  path: Assets/Scripts/FirebaseCode/LeaderboardManager.cs
  artifactKey: Guid(1a66a2345655f2b41ab45bb2c7f9cfb8) Importer(815301076,1909f56bfc062723c751e8b465ee728b)
Start importing Assets/Scripts/FirebaseCode/LeaderboardManager.cs using Guid(1a66a2345655f2b41ab45bb2c7f9cfb8) Importer(815301076,1909f56bfc062723c751e8b465ee728b)  -> (artifact id: '00000000000000000000000000000000') in 0.000489 seconds
Import Error Code:(4)
Message: Build asset version error: assets/scripts/firebasecode/leaderboardmanager.cs in SourceAssetDB has modification time of '2025-10-14T18:17:08.308846Z' while content on disk has modification time of '2025-10-14T18:17:12.2150952Z'
  ERROR: Build asset version error: assets/scripts/firebasecode/leaderboardmanager.cs in SourceAssetDB has modification time of '2025-10-14T18:17:08.308846Z' while content on disk has modification time of '2025-10-14T18:17:12.2150952Z'
Number of updated asset objects reloaded before import = 0
Number of asset objects unloaded after import = 0
========================================================================
Received Import Request.
  Time since last request: 0.010214 seconds.
  path: Assets/Scripts/FirebaseCode/LeaderboardManager.cs
  artifactKey: Guid(1a66a2345655f2b41ab45bb2c7f9cfb8) Importer(815301076,1909f56bfc062723c751e8b465ee728b)
Start importing Assets/Scripts/FirebaseCode/LeaderboardManager.cs using Guid(1a66a2345655f2b41ab45bb2c7f9cfb8) Importer(815301076,1909f56bfc062723c751e8b465ee728b)  -> (artifact id: '00000000000000000000000000000000') in 0.000609 seconds
Import Error Code:(4)
Message: Build asset version error: assets/scripts/firebasecode/leaderboardmanager.cs in SourceAssetDB has modification time of '2025-10-14T18:17:08.308846Z' while content on disk has modification time of '2025-10-14T18:17:12.2150952Z'
  ERROR: Build asset version error: assets/scripts/firebasecode/leaderboardmanager.cs in SourceAssetDB has modification time of '2025-10-14T18:17:08.308846Z' while content on disk has modification time of '2025-10-14T18:17:12.2150952Z'
Number of updated asset objects reloaded before import = 0
Number of asset objects unloaded after import = 0
========================================================================
Received Import Request.
  Time since last request: 0.008692 seconds.
  path: Assets/Scripts/FirebaseCode/LeaderboardManager.cs
  artifactKey: Guid(1a66a2345655f2b41ab45bb2c7f9cfb8) Importer(815301076,1909f56bfc062723c751e8b465ee728b)
Start importing Assets/Scripts/FirebaseCode/LeaderboardManager.cs using Guid(1a66a2345655f2b41ab45bb2c7f9cfb8) Importer(815301076,1909f56bfc062723c751e8b465ee728b)  -> (artifact id: '00000000000000000000000000000000') in 0.000888 seconds
Import Error Code:(4)
Message: Build asset version error: assets/scripts/firebasecode/leaderboardmanager.cs in SourceAssetDB has modification time of '2025-10-14T18:17:08.308846Z' while content on disk has modification time of '2025-10-14T18:17:12.2150952Z'
  ERROR: Build asset version error: assets/scripts/firebasecode/leaderboardmanager.cs in SourceAssetDB has modification time of '2025-10-14T18:17:08.308846Z' while content on disk has modification time of '2025-10-14T18:17:12.2150952Z'
Number of updated asset objects reloaded before import = 0
Number of asset objects unloaded after import = 0
========================================================================
Received Import Request.
  Time since last request: 0.007749 seconds.
  path: Assets/Scripts/FirebaseCode/LeaderboardManager.cs
  artifactKey: Guid(1a66a2345655f2b41ab45bb2c7f9cfb8) Importer(815301076,1909f56bfc062723c751e8b465ee728b)
Start importing Assets/Scripts/FirebaseCode/LeaderboardManager.cs using Guid(1a66a2345655f2b41ab45bb2c7f9cfb8) Importer(815301076,1909f56bfc062723c751e8b465ee728b)  -> (artifact id: '00000000000000000000000000000000') in 0.000480 seconds
Import Error Code:(4)
Message: Build asset version error: assets/scripts/firebasecode/leaderboardmanager.cs in SourceAssetDB has modification time of '2025-10-14T18:17:08.308846Z' while content on disk has modification time of '2025-10-14T18:17:12.2150952Z'
  ERROR: Build asset version error: assets/scripts/firebasecode/leaderboardmanager.cs in SourceAssetDB has modification time of '2025-10-14T18:17:08.308846Z' while content on disk has modification time of '2025-10-14T18:17:12.2150952Z'
Number of updated asset objects reloaded before import = 0
Number of asset objects unloaded after import = 0
========================================================================
Received Import Request.
  Time since last request: 0.011552 seconds.
  path: Assets/Scripts/FirebaseCode/LeaderboardManager.cs
  artifactKey: Guid(1a66a2345655f2b41ab45bb2c7f9cfb8) Importer(815301076,1909f56bfc062723c751e8b465ee728b)
Start importing Assets/Scripts/FirebaseCode/LeaderboardManager.cs using Guid(1a66a2345655f2b41ab45bb2c7f9cfb8) Importer(815301076,1909f56bfc062723c751e8b465ee728b)  -> (artifact id: '00000000000000000000000000000000') in 0.000597 seconds
Import Error Code:(4)
Message: Build asset version error: assets/scripts/firebasecode/leaderboardmanager.cs in SourceAssetDB has modification time of '2025-10-14T18:17:08.308846Z' while content on disk has modification time of '2025-10-14T18:17:12.2150952Z'
  ERROR: Build asset version error: assets/scripts/firebasecode/leaderboardmanager.cs in SourceAssetDB has modification time of '2025-10-14T18:17:08.308846Z' while content on disk has modification time of '2025-10-14T18:17:12.2150952Z'
Number of updated asset objects reloaded before import = 0
Number of asset objects unloaded after import = 0
========================================================================
Received Import Request.
  Time since last request: 0.008653 seconds.
  path: Assets/Scripts/FirebaseCode/LeaderboardManager.cs
  artifactKey: Guid(1a66a2345655f2b41ab45bb2c7f9cfb8) Importer(815301076,1909f56bfc062723c751e8b465ee728b)
Start importing Assets/Scripts/FirebaseCode/LeaderboardManager.cs using Guid(1a66a2345655f2b41ab45bb2c7f9cfb8) Importer(815301076,1909f56bfc062723c751e8b465ee728b)  -> (artifact id: '00000000000000000000000000000000') in 0.000527 seconds
Import Error Code:(4)
Message: Build asset version error: assets/scripts/firebasecode/leaderboardmanager.cs in SourceAssetDB has modification time of '2025-10-14T18:17:08.308846Z' while content on disk has modification time of '2025-10-14T18:17:12.2150952Z'
  ERROR: Build asset version error: assets/scripts/firebasecode/leaderboardmanager.cs in SourceAssetDB has modification time of '2025-10-14T18:17:08.308846Z' while content on disk has modification time of '2025-10-14T18:17:12.2150952Z'
Number of updated asset objects reloaded before import = 0
Number of asset objects unloaded after import = 0
========================================================================
Received Import Request.
  Time since last request: 0.010152 seconds.
  path: Assets/Scripts/FirebaseCode/LeaderboardManager.cs
  artifactKey: Guid(1a66a2345655f2b41ab45bb2c7f9cfb8) Importer(815301076,1909f56bfc062723c751e8b465ee728b)
Start importing Assets/Scripts/FirebaseCode/LeaderboardManager.cs using Guid(1a66a2345655f2b41ab45bb2c7f9cfb8) Importer(815301076,1909f56bfc062723c751e8b465ee728b)  -> (artifact id: '00000000000000000000000000000000') in 0.000509 seconds
Import Error Code:(4)
Message: Build asset version error: assets/scripts/firebasecode/leaderboardmanager.cs in SourceAssetDB has modification time of '2025-10-14T18:17:08.308846Z' while content on disk has modification time of '2025-10-14T18:17:12.2150952Z'
  ERROR: Build asset version error: assets/scripts/firebasecode/leaderboardmanager.cs in SourceAssetDB has modification time of '2025-10-14T18:17:08.308846Z' while content on disk has modification time of '2025-10-14T18:17:12.2150952Z'
Number of updated asset objects reloaded before import = 0
Number of asset objects unloaded after import = 0
========================================================================
Received Import Request.
  Time since last request: 0.009687 seconds.
  path: Assets/Scripts/FirebaseCode/LeaderboardManager.cs
  artifactKey: Guid(1a66a2345655f2b41ab45bb2c7f9cfb8) Importer(815301076,1909f56bfc062723c751e8b465ee728b)
Start importing Assets/Scripts/FirebaseCode/LeaderboardManager.cs using Guid(1a66a2345655f2b41ab45bb2c7f9cfb8) Importer(815301076,1909f56bfc062723c751e8b465ee728b)  -> (artifact id: '00000000000000000000000000000000') in 0.000505 seconds
Import Error Code:(4)
Message: Build asset version error: assets/scripts/firebasecode/leaderboardmanager.cs in SourceAssetDB has modification time of '2025-10-14T18:17:08.308846Z' while content on disk has modification time of '2025-10-14T18:17:12.2150952Z'
  ERROR: Build asset version error: assets/scripts/firebasecode/leaderboardmanager.cs in SourceAssetDB has modification time of '2025-10-14T18:17:08.308846Z' while content on disk has modification time of '2025-10-14T18:17:12.2150952Z'
Number of updated asset objects reloaded before import = 0
Number of asset objects unloaded after import = 0
========================================================================
Received Import Request.
  Time since last request: 0.009634 seconds.
  path: Assets/Scripts/FirebaseCode/LeaderboardManager.cs
  artifactKey: Guid(1a66a2345655f2b41ab45bb2c7f9cfb8) Importer(815301076,1909f56bfc062723c751e8b465ee728b)
Start importing Assets/Scripts/FirebaseCode/LeaderboardManager.cs using Guid(1a66a2345655f2b41ab45bb2c7f9cfb8) Importer(815301076,1909f56bfc062723c751e8b465ee728b)  -> (artifact id: '00000000000000000000000000000000') in 0.000523 seconds
Import Error Code:(4)
Message: Build asset version error: assets/scripts/firebasecode/leaderboardmanager.cs in SourceAssetDB has modification time of '2025-10-14T18:17:08.308846Z' while content on disk has modification time of '2025-10-14T18:17:12.2150952Z'
  ERROR: Build asset version error: assets/scripts/firebasecode/leaderboardmanager.cs in SourceAssetDB has modification time of '2025-10-14T18:17:08.308846Z' while content on disk has modification time of '2025-10-14T18:17:12.2150952Z'
Number of updated asset objects reloaded before import = 0
Number of asset objects unloaded after import = 0
========================================================================
Received Import Request.
  Time since last request: 0.011201 seconds.
  path: Assets/Scripts/FirebaseCode/LeaderboardManager.cs
  artifactKey: Guid(1a66a2345655f2b41ab45bb2c7f9cfb8) Importer(815301076,1909f56bfc062723c751e8b465ee728b)
Start importing Assets/Scripts/FirebaseCode/LeaderboardManager.cs using Guid(1a66a2345655f2b41ab45bb2c7f9cfb8) Importer(815301076,1909f56bfc062723c751e8b465ee728b)  -> (artifact id: '00000000000000000000000000000000') in 0.000627 seconds
Import Error Code:(4)
Message: Build asset version error: assets/scripts/firebasecode/leaderboardmanager.cs in SourceAssetDB has modification time of '2025-10-14T18:17:08.308846Z' while content on disk has modification time of '2025-10-14T18:17:12.2150952Z'
  ERROR: Build asset version error: assets/scripts/firebasecode/leaderboardmanager.cs in SourceAssetDB has modification time of '2025-10-14T18:17:08.308846Z' while content on disk has modification time of '2025-10-14T18:17:12.2150952Z'
Number of updated asset objects reloaded before import = 0
Number of asset objects unloaded after import = 0
========================================================================
Received Import Request.
  Time since last request: 0.010850 seconds.
  path: Assets/Scripts/FirebaseCode/LeaderboardManager.cs
  artifactKey: Guid(1a66a2345655f2b41ab45bb2c7f9cfb8) Importer(815301076,1909f56bfc062723c751e8b465ee728b)
Start importing Assets/Scripts/FirebaseCode/LeaderboardManager.cs using Guid(1a66a2345655f2b41ab45bb2c7f9cfb8) Importer(815301076,1909f56bfc062723c751e8b465ee728b)  -> (artifact id: '00000000000000000000000000000000') in 0.000785 seconds
Import Error Code:(4)
Message: Build asset version error: assets/scripts/firebasecode/leaderboardmanager.cs in SourceAssetDB has modification time of '2025-10-14T18:17:08.308846Z' while content on disk has modification time of '2025-10-14T18:17:12.2150952Z'
  ERROR: Build asset version error: assets/scripts/firebasecode/leaderboardmanager.cs in SourceAssetDB has modification time of '2025-10-14T18:17:08.308846Z' while content on disk has modification time of '2025-10-14T18:17:12.2150952Z'
Number of updated asset objects reloaded before import = 0
Number of asset objects unloaded after import = 0
========================================================================
Received Import Request.
  Time since last request: 0.010016 seconds.
  path: Assets/Scripts/FirebaseCode/LeaderboardManager.cs
  artifactKey: Guid(1a66a2345655f2b41ab45bb2c7f9cfb8) Importer(815301076,1909f56bfc062723c751e8b465ee728b)
Start importing Assets/Scripts/FirebaseCode/LeaderboardManager.cs using Guid(1a66a2345655f2b41ab45bb2c7f9cfb8) Importer(815301076,1909f56bfc062723c751e8b465ee728b)  -> (artifact id: '00000000000000000000000000000000') in 0.000610 seconds
Import Error Code:(4)
Message: Build asset version error: assets/scripts/firebasecode/leaderboardmanager.cs in SourceAssetDB has modification time of '2025-10-14T18:17:08.308846Z' while content on disk has modification time of '2025-10-14T18:17:12.2150952Z'
  ERROR: Build asset version error: assets/scripts/firebasecode/leaderboardmanager.cs in SourceAssetDB has modification time of '2025-10-14T18:17:08.308846Z' while content on disk has modification time of '2025-10-14T18:17:12.2150952Z'
Number of updated asset objects reloaded before import = 0
Number of asset objects unloaded after import = 0
========================================================================
Received Import Request.
  Time since last request: 0.008950 seconds.
  path: Assets/Scripts/FirebaseCode/LeaderboardManager.cs
  artifactKey: Guid(1a66a2345655f2b41ab45bb2c7f9cfb8) Importer(815301076,1909f56bfc062723c751e8b465ee728b)
Start importing Assets/Scripts/FirebaseCode/LeaderboardManager.cs using Guid(1a66a2345655f2b41ab45bb2c7f9cfb8) Importer(815301076,1909f56bfc062723c751e8b465ee728b)  -> (artifact id: '00000000000000000000000000000000') in 0.000492 seconds
Import Error Code:(4)
Message: Build asset version error: assets/scripts/firebasecode/leaderboardmanager.cs in SourceAssetDB has modification time of '2025-10-14T18:17:08.308846Z' while content on disk has modification time of '2025-10-14T18:17:12.2150952Z'
  ERROR: Build asset version error: assets/scripts/firebasecode/leaderboardmanager.cs in SourceAssetDB has modification time of '2025-10-14T18:17:08.308846Z' while content on disk has modification time of '2025-10-14T18:17:12.2150952Z'
Number of updated asset objects reloaded before import = 0
Number of asset objects unloaded after import = 0
========================================================================
Received Import Request.
  Time since last request: 0.009661 seconds.
  path: Assets/Scripts/FirebaseCode/LeaderboardManager.cs
  artifactKey: Guid(1a66a2345655f2b41ab45bb2c7f9cfb8) Importer(815301076,1909f56bfc062723c751e8b465ee728b)
Start importing Assets/Scripts/FirebaseCode/LeaderboardManager.cs using Guid(1a66a2345655f2b41ab45bb2c7f9cfb8) Importer(815301076,1909f56bfc062723c751e8b465ee728b)  -> (artifact id: '00000000000000000000000000000000') in 0.000679 seconds
Import Error Code:(4)
Message: Build asset version error: assets/scripts/firebasecode/leaderboardmanager.cs in SourceAssetDB has modification time of '2025-10-14T18:17:08.308846Z' while content on disk has modification time of '2025-10-14T18:17:12.2150952Z'
  ERROR: Build asset version error: assets/scripts/firebasecode/leaderboardmanager.cs in SourceAssetDB has modification time of '2025-10-14T18:17:08.308846Z' while content on disk has modification time of '2025-10-14T18:17:12.2150952Z'
Number of updated asset objects reloaded before import = 0
Number of asset objects unloaded after import = 0
========================================================================
Received Import Request.
  Time since last request: 0.008935 seconds.
  path: Assets/Scripts/FirebaseCode/LeaderboardManager.cs
  artifactKey: Guid(1a66a2345655f2b41ab45bb2c7f9cfb8) Importer(815301076,1909f56bfc062723c751e8b465ee728b)
Start importing Assets/Scripts/FirebaseCode/LeaderboardManager.cs using Guid(1a66a2345655f2b41ab45bb2c7f9cfb8) Importer(815301076,1909f56bfc062723c751e8b465ee728b)  -> (artifact id: '00000000000000000000000000000000') in 0.000557 seconds
Import Error Code:(4)
Message: Build asset version error: assets/scripts/firebasecode/leaderboardmanager.cs in SourceAssetDB has modification time of '2025-10-14T18:17:08.308846Z' while content on disk has modification time of '2025-10-14T18:17:12.2150952Z'
  ERROR: Build asset version error: assets/scripts/firebasecode/leaderboardmanager.cs in SourceAssetDB has modification time of '2025-10-14T18:17:08.308846Z' while content on disk has modification time of '2025-10-14T18:17:12.2150952Z'
Number of updated asset objects reloaded before import = 0
Number of asset objects unloaded after import = 0
========================================================================
Received Import Request.
  Time since last request: 0.008916 seconds.
  path: Assets/Scripts/FirebaseCode/LeaderboardManager.cs
  artifactKey: Guid(1a66a2345655f2b41ab45bb2c7f9cfb8) Importer(815301076,1909f56bfc062723c751e8b465ee728b)
Start importing Assets/Scripts/FirebaseCode/LeaderboardManager.cs using Guid(1a66a2345655f2b41ab45bb2c7f9cfb8) Importer(815301076,1909f56bfc062723c751e8b465ee728b)  -> (artifact id: '00000000000000000000000000000000') in 0.000528 seconds
Import Error Code:(4)
Message: Build asset version error: assets/scripts/firebasecode/leaderboardmanager.cs in SourceAssetDB has modification time of '2025-10-14T18:17:08.308846Z' while content on disk has modification time of '2025-10-14T18:17:12.2150952Z'
  ERROR: Build asset version error: assets/scripts/firebasecode/leaderboardmanager.cs in SourceAssetDB has modification time of '2025-10-14T18:17:08.308846Z' while content on disk has modification time of '2025-10-14T18:17:12.2150952Z'
Number of updated asset objects reloaded before import = 0
Number of asset objects unloaded after import = 0
========================================================================
Received Import Request.
  Time since last request: 0.008680 seconds.
  path: Assets/Scripts/FirebaseCode/LeaderboardManager.cs
  artifactKey: Guid(1a66a2345655f2b41ab45bb2c7f9cfb8) Importer(815301076,1909f56bfc062723c751e8b465ee728b)
Start importing Assets/Scripts/FirebaseCode/LeaderboardManager.cs using Guid(1a66a2345655f2b41ab45bb2c7f9cfb8) Importer(815301076,1909f56bfc062723c751e8b465ee728b)  -> (artifact id: '00000000000000000000000000000000') in 0.001242 seconds
Import Error Code:(4)
Message: Build asset version error: assets/scripts/firebasecode/leaderboardmanager.cs in SourceAssetDB has modification time of '2025-10-14T18:17:08.308846Z' while content on disk has modification time of '2025-10-14T18:17:12.2150952Z'
  ERROR: Build asset version error: assets/scripts/firebasecode/leaderboardmanager.cs in SourceAssetDB has modification time of '2025-10-14T18:17:08.308846Z' while content on disk has modification time of '2025-10-14T18:17:12.2150952Z'
Number of updated asset objects reloaded before import = 0
Number of asset objects unloaded after import = 0
========================================================================
Received Import Request.
  Time since last request: 0.008748 seconds.
  path: Assets/Scripts/FirebaseCode/LeaderboardManager.cs
  artifactKey: Guid(1a66a2345655f2b41ab45bb2c7f9cfb8) Importer(815301076,1909f56bfc062723c751e8b465ee728b)
Start importing Assets/Scripts/FirebaseCode/LeaderboardManager.cs using Guid(1a66a2345655f2b41ab45bb2c7f9cfb8) Importer(815301076,1909f56bfc062723c751e8b465ee728b)  -> (artifact id: '00000000000000000000000000000000') in 0.000647 seconds
Import Error Code:(4)
Message: Build asset version error: assets/scripts/firebasecode/leaderboardmanager.cs in SourceAssetDB has modification time of '2025-10-14T18:17:08.308846Z' while content on disk has modification time of '2025-10-14T18:17:12.2150952Z'
  ERROR: Build asset version error: assets/scripts/firebasecode/leaderboardmanager.cs in SourceAssetDB has modification time of '2025-10-14T18:17:08.308846Z' while content on disk has modification time of '2025-10-14T18:17:12.2150952Z'
Number of updated asset objects reloaded before import = 0
Number of asset objects unloaded after import = 0
========================================================================
Received Import Request.
  Time since last request: 0.010497 seconds.
  path: Assets/Scripts/FirebaseCode/LeaderboardManager.cs
  artifactKey: Guid(1a66a2345655f2b41ab45bb2c7f9cfb8) Importer(815301076,1909f56bfc062723c751e8b465ee728b)
Start importing Assets/Scripts/FirebaseCode/LeaderboardManager.cs using Guid(1a66a2345655f2b41ab45bb2c7f9cfb8) Importer(815301076,1909f56bfc062723c751e8b465ee728b)  -> (artifact id: '00000000000000000000000000000000') in 0.000720 seconds
Import Error Code:(4)
Message: Build asset version error: assets/scripts/firebasecode/leaderboardmanager.cs in SourceAssetDB has modification time of '2025-10-14T18:17:08.308846Z' while content on disk has modification time of '2025-10-14T18:17:12.2150952Z'
  ERROR: Build asset version error: assets/scripts/firebasecode/leaderboardmanager.cs in SourceAssetDB has modification time of '2025-10-14T18:17:08.308846Z' while content on disk has modification time of '2025-10-14T18:17:12.2150952Z'
Number of updated asset objects reloaded before import = 0
Number of asset objects unloaded after import = 0
========================================================================
Received Import Request.
  Time since last request: 0.010918 seconds.
  path: Assets/Scripts/FirebaseCode/LeaderboardManager.cs
  artifactKey: Guid(1a66a2345655f2b41ab45bb2c7f9cfb8) Importer(815301076,1909f56bfc062723c751e8b465ee728b)
Start importing Assets/Scripts/FirebaseCode/LeaderboardManager.cs using Guid(1a66a2345655f2b41ab45bb2c7f9cfb8) Importer(815301076,1909f56bfc062723c751e8b465ee728b)  -> (artifact id: '00000000000000000000000000000000') in 0.000628 seconds
Import Error Code:(4)
Message: Build asset version error: assets/scripts/firebasecode/leaderboardmanager.cs in SourceAssetDB has modification time of '2025-10-14T18:17:08.308846Z' while content on disk has modification time of '2025-10-14T18:17:12.2150952Z'
  ERROR: Build asset version error: assets/scripts/firebasecode/leaderboardmanager.cs in SourceAssetDB has modification time of '2025-10-14T18:17:08.308846Z' while content on disk has modification time of '2025-10-14T18:17:12.2150952Z'
Number of updated asset objects reloaded before import = 0
Number of asset objects unloaded after import = 0
========================================================================
Received Import Request.
  Time since last request: 0.009015 seconds.
  path: Assets/Scripts/FirebaseCode/LeaderboardManager.cs
  artifactKey: Guid(1a66a2345655f2b41ab45bb2c7f9cfb8) Importer(815301076,1909f56bfc062723c751e8b465ee728b)
Start importing Assets/Scripts/FirebaseCode/LeaderboardManager.cs using Guid(1a66a2345655f2b41ab45bb2c7f9cfb8) Importer(815301076,1909f56bfc062723c751e8b465ee728b)  -> (artifact id: '00000000000000000000000000000000') in 0.002103 seconds
Import Error Code:(4)
Message: Build asset version error: assets/scripts/firebasecode/leaderboardmanager.cs in SourceAssetDB has modification time of '2025-10-14T18:17:08.308846Z' while content on disk has modification time of '2025-10-14T18:17:12.2150952Z'
  ERROR: Build asset version error: assets/scripts/firebasecode/leaderboardmanager.cs in SourceAssetDB has modification time of '2025-10-14T18:17:08.308846Z' while content on disk has modification time of '2025-10-14T18:17:12.2150952Z'
Number of updated asset objects reloaded before import = 0
Number of asset objects unloaded after import = 0
========================================================================
Received Import Request.
  Time since last request: 0.009301 seconds.
  path: Assets/Scripts/FirebaseCode/LeaderboardManager.cs
  artifactKey: Guid(1a66a2345655f2b41ab45bb2c7f9cfb8) Importer(815301076,1909f56bfc062723c751e8b465ee728b)
Start importing Assets/Scripts/FirebaseCode/LeaderboardManager.cs using Guid(1a66a2345655f2b41ab45bb2c7f9cfb8) Importer(815301076,1909f56bfc062723c751e8b465ee728b)  -> (artifact id: '00000000000000000000000000000000') in 0.000475 seconds
Import Error Code:(4)
Message: Build asset version error: assets/scripts/firebasecode/leaderboardmanager.cs in SourceAssetDB has modification time of '2025-10-14T18:17:08.308846Z' while content on disk has modification time of '2025-10-14T18:17:12.2150952Z'
  ERROR: Build asset version error: assets/scripts/firebasecode/leaderboardmanager.cs in SourceAssetDB has modification time of '2025-10-14T18:17:08.308846Z' while content on disk has modification time of '2025-10-14T18:17:12.2150952Z'
Number of updated asset objects reloaded before import = 0
Number of asset objects unloaded after import = 0
========================================================================
Received Import Request.
  Time since last request: 0.010452 seconds.
  path: Assets/Scripts/FirebaseCode/LeaderboardManager.cs
  artifactKey: Guid(1a66a2345655f2b41ab45bb2c7f9cfb8) Importer(815301076,1909f56bfc062723c751e8b465ee728b)
Start importing Assets/Scripts/FirebaseCode/LeaderboardManager.cs using Guid(1a66a2345655f2b41ab45bb2c7f9cfb8) Importer(815301076,1909f56bfc062723c751e8b465ee728b)  -> (artifact id: '00000000000000000000000000000000') in 0.000490 seconds
Import Error Code:(4)
Message: Build asset version error: assets/scripts/firebasecode/leaderboardmanager.cs in SourceAssetDB has modification time of '2025-10-14T18:17:08.308846Z' while content on disk has modification time of '2025-10-14T18:17:12.2150952Z'
  ERROR: Build asset version error: assets/scripts/firebasecode/leaderboardmanager.cs in SourceAssetDB has modification time of '2025-10-14T18:17:08.308846Z' while content on disk has modification time of '2025-10-14T18:17:12.2150952Z'
Number of updated asset objects reloaded before import = 0
Number of asset objects unloaded after import = 0
========================================================================
Received Import Request.
  Time since last request: 0.008635 seconds.
  path: Assets/Scripts/FirebaseCode/LeaderboardManager.cs
  artifactKey: Guid(1a66a2345655f2b41ab45bb2c7f9cfb8) Importer(815301076,1909f56bfc062723c751e8b465ee728b)
Start importing Assets/Scripts/FirebaseCode/LeaderboardManager.cs using Guid(1a66a2345655f2b41ab45bb2c7f9cfb8) Importer(815301076,1909f56bfc062723c751e8b465ee728b)  -> (artifact id: '00000000000000000000000000000000') in 0.000551 seconds
Import Error Code:(4)
Message: Build asset version error: assets/scripts/firebasecode/leaderboardmanager.cs in SourceAssetDB has modification time of '2025-10-14T18:17:08.308846Z' while content on disk has modification time of '2025-10-14T18:17:12.2150952Z'
  ERROR: Build asset version error: assets/scripts/firebasecode/leaderboardmanager.cs in SourceAssetDB has modification time of '2025-10-14T18:17:08.308846Z' while content on disk has modification time of '2025-10-14T18:17:12.2150952Z'
Number of updated asset objects reloaded before import = 0
Number of asset objects unloaded after import = 0
========================================================================
Received Import Request.
  Time since last request: 0.010237 seconds.
  path: Assets/Scripts/FirebaseCode/LeaderboardManager.cs
  artifactKey: Guid(1a66a2345655f2b41ab45bb2c7f9cfb8) Importer(815301076,1909f56bfc062723c751e8b465ee728b)
Start importing Assets/Scripts/FirebaseCode/LeaderboardManager.cs using Guid(1a66a2345655f2b41ab45bb2c7f9cfb8) Importer(815301076,1909f56bfc062723c751e8b465ee728b)  -> (artifact id: '00000000000000000000000000000000') in 0.000561 seconds
Import Error Code:(4)
Message: Build asset version error: assets/scripts/firebasecode/leaderboardmanager.cs in SourceAssetDB has modification time of '2025-10-14T18:17:08.308846Z' while content on disk has modification time of '2025-10-14T18:17:12.2150952Z'
  ERROR: Build asset version error: assets/scripts/firebasecode/leaderboardmanager.cs in SourceAssetDB has modification time of '2025-10-14T18:17:08.308846Z' while content on disk has modification time of '2025-10-14T18:17:12.2150952Z'
Number of updated asset objects reloaded before import = 0
Number of asset objects unloaded after import = 0
========================================================================
Received Import Request.
  Time since last request: 0.012914 seconds.
  path: Assets/Scripts/FirebaseCode/LeaderboardManager.cs
  artifactKey: Guid(1a66a2345655f2b41ab45bb2c7f9cfb8) Importer(815301076,1909f56bfc062723c751e8b465ee728b)
Start importing Assets/Scripts/FirebaseCode/LeaderboardManager.cs using Guid(1a66a2345655f2b41ab45bb2c7f9cfb8) Importer(815301076,1909f56bfc062723c751e8b465ee728b)  -> (artifact id: '00000000000000000000000000000000') in 0.000569 seconds
Import Error Code:(4)
Message: Build asset version error: assets/scripts/firebasecode/leaderboardmanager.cs in SourceAssetDB has modification time of '2025-10-14T18:17:08.308846Z' while content on disk has modification time of '2025-10-14T18:17:12.2150952Z'
  ERROR: Build asset version error: assets/scripts/firebasecode/leaderboardmanager.cs in SourceAssetDB has modification time of '2025-10-14T18:17:08.308846Z' while content on disk has modification time of '2025-10-14T18:17:12.2150952Z'
Number of updated asset objects reloaded before import = 0
Number of asset objects unloaded after import = 0
========================================================================
Received Import Request.
  Time since last request: 0.008391 seconds.
  path: Assets/Scripts/FirebaseCode/LeaderboardManager.cs
  artifactKey: Guid(1a66a2345655f2b41ab45bb2c7f9cfb8) Importer(815301076,1909f56bfc062723c751e8b465ee728b)
Start importing Assets/Scripts/FirebaseCode/LeaderboardManager.cs using Guid(1a66a2345655f2b41ab45bb2c7f9cfb8) Importer(815301076,1909f56bfc062723c751e8b465ee728b)  -> (artifact id: '00000000000000000000000000000000') in 0.000491 seconds
Import Error Code:(4)
Message: Build asset version error: assets/scripts/firebasecode/leaderboardmanager.cs in SourceAssetDB has modification time of '2025-10-14T18:17:08.308846Z' while content on disk has modification time of '2025-10-14T18:17:12.2150952Z'
  ERROR: Build asset version error: assets/scripts/firebasecode/leaderboardmanager.cs in SourceAssetDB has modification time of '2025-10-14T18:17:08.308846Z' while content on disk has modification time of '2025-10-14T18:17:12.2150952Z'
Number of updated asset objects reloaded before import = 0
Number of asset objects unloaded after import = 0
========================================================================
Received Import Request.
  Time since last request: 0.007637 seconds.
  path: Assets/Scripts/FirebaseCode/LeaderboardManager.cs
  artifactKey: Guid(1a66a2345655f2b41ab45bb2c7f9cfb8) Importer(815301076,1909f56bfc062723c751e8b465ee728b)
Start importing Assets/Scripts/FirebaseCode/LeaderboardManager.cs using Guid(1a66a2345655f2b41ab45bb2c7f9cfb8) Importer(815301076,1909f56bfc062723c751e8b465ee728b)  -> (artifact id: '00000000000000000000000000000000') in 0.000845 seconds
Import Error Code:(4)
Message: Build asset version error: assets/scripts/firebasecode/leaderboardmanager.cs in SourceAssetDB has modification time of '2025-10-14T18:17:08.308846Z' while content on disk has modification time of '2025-10-14T18:17:12.2150952Z'
  ERROR: Build asset version error: assets/scripts/firebasecode/leaderboardmanager.cs in SourceAssetDB has modification time of '2025-10-14T18:17:08.308846Z' while content on disk has modification time of '2025-10-14T18:17:12.2150952Z'
Number of updated asset objects reloaded before import = 0
Number of asset objects unloaded after import = 0
========================================================================
Received Import Request.
  Time since last request: 0.008536 seconds.
  path: Assets/Scripts/FirebaseCode/LeaderboardManager.cs
  artifactKey: Guid(1a66a2345655f2b41ab45bb2c7f9cfb8) Importer(815301076,1909f56bfc062723c751e8b465ee728b)
Start importing Assets/Scripts/FirebaseCode/LeaderboardManager.cs using Guid(1a66a2345655f2b41ab45bb2c7f9cfb8) Importer(815301076,1909f56bfc062723c751e8b465ee728b)  -> (artifact id: '00000000000000000000000000000000') in 0.000760 seconds
Import Error Code:(4)
Message: Build asset version error: assets/scripts/firebasecode/leaderboardmanager.cs in SourceAssetDB has modification time of '2025-10-14T18:17:08.308846Z' while content on disk has modification time of '2025-10-14T18:17:12.2150952Z'
  ERROR: Build asset version error: assets/scripts/firebasecode/leaderboardmanager.cs in SourceAssetDB has modification time of '2025-10-14T18:17:08.308846Z' while content on disk has modification time of '2025-10-14T18:17:12.2150952Z'
Number of updated asset objects reloaded before import = 0
Number of asset objects unloaded after import = 0
========================================================================
Received Import Request.
  Time since last request: 0.008417 seconds.
  path: Assets/Scripts/FirebaseCode/LeaderboardManager.cs
  artifactKey: Guid(1a66a2345655f2b41ab45bb2c7f9cfb8) Importer(815301076,1909f56bfc062723c751e8b465ee728b)
Start importing Assets/Scripts/FirebaseCode/LeaderboardManager.cs using Guid(1a66a2345655f2b41ab45bb2c7f9cfb8) Importer(815301076,1909f56bfc062723c751e8b465ee728b)  -> (artifact id: '00000000000000000000000000000000') in 0.000642 seconds
Import Error Code:(4)
Message: Build asset version error: assets/scripts/firebasecode/leaderboardmanager.cs in SourceAssetDB has modification time of '2025-10-14T18:17:08.308846Z' while content on disk has modification time of '2025-10-14T18:17:12.2150952Z'
  ERROR: Build asset version error: assets/scripts/firebasecode/leaderboardmanager.cs in SourceAssetDB has modification time of '2025-10-14T18:17:08.308846Z' while content on disk has modification time of '2025-10-14T18:17:12.2150952Z'
Number of updated asset objects reloaded before import = 0
Number of asset objects unloaded after import = 0
========================================================================
Received Import Request.
  Time since last request: 0.009669 seconds.
  path: Assets/Scripts/FirebaseCode/LeaderboardManager.cs
  artifactKey: Guid(1a66a2345655f2b41ab45bb2c7f9cfb8) Importer(815301076,1909f56bfc062723c751e8b465ee728b)
Start importing Assets/Scripts/FirebaseCode/LeaderboardManager.cs using Guid(1a66a2345655f2b41ab45bb2c7f9cfb8) Importer(815301076,1909f56bfc062723c751e8b465ee728b)  -> (artifact id: '00000000000000000000000000000000') in 0.000510 seconds
Import Error Code:(4)
Message: Build asset version error: assets/scripts/firebasecode/leaderboardmanager.cs in SourceAssetDB has modification time of '2025-10-14T18:17:08.308846Z' while content on disk has modification time of '2025-10-14T18:17:12.2150952Z'
  ERROR: Build asset version error: assets/scripts/firebasecode/leaderboardmanager.cs in SourceAssetDB has modification time of '2025-10-14T18:17:08.308846Z' while content on disk has modification time of '2025-10-14T18:17:12.2150952Z'
Number of updated asset objects reloaded before import = 0
Number of asset objects unloaded after import = 0
========================================================================
Received Import Request.
  Time since last request: 0.010850 seconds.
  path: Assets/Scripts/FirebaseCode/LeaderboardManager.cs
  artifactKey: Guid(1a66a2345655f2b41ab45bb2c7f9cfb8) Importer(815301076,1909f56bfc062723c751e8b465ee728b)
Start importing Assets/Scripts/FirebaseCode/LeaderboardManager.cs using Guid(1a66a2345655f2b41ab45bb2c7f9cfb8) Importer(815301076,1909f56bfc062723c751e8b465ee728b)  -> (artifact id: '00000000000000000000000000000000') in 0.000894 seconds
Import Error Code:(4)
Message: Build asset version error: assets/scripts/firebasecode/leaderboardmanager.cs in SourceAssetDB has modification time of '2025-10-14T18:17:08.308846Z' while content on disk has modification time of '2025-10-14T18:17:12.2150952Z'
  ERROR: Build asset version error: assets/scripts/firebasecode/leaderboardmanager.cs in SourceAssetDB has modification time of '2025-10-14T18:17:08.308846Z' while content on disk has modification time of '2025-10-14T18:17:12.2150952Z'
Number of updated asset objects reloaded before import = 0
Number of asset objects unloaded after import = 0
========================================================================
Received Import Request.
  Time since last request: 0.009705 seconds.
  path: Assets/Scripts/FirebaseCode/LeaderboardManager.cs
  artifactKey: Guid(1a66a2345655f2b41ab45bb2c7f9cfb8) Importer(815301076,1909f56bfc062723c751e8b465ee728b)
Start importing Assets/Scripts/FirebaseCode/LeaderboardManager.cs using Guid(1a66a2345655f2b41ab45bb2c7f9cfb8) Importer(815301076,1909f56bfc062723c751e8b465ee728b)  -> (artifact id: '00000000000000000000000000000000') in 0.000524 seconds
Import Error Code:(4)
Message: Build asset version error: assets/scripts/firebasecode/leaderboardmanager.cs in SourceAssetDB has modification time of '2025-10-14T18:17:08.308846Z' while content on disk has modification time of '2025-10-14T18:17:12.2150952Z'
  ERROR: Build asset version error: assets/scripts/firebasecode/leaderboardmanager.cs in SourceAssetDB has modification time of '2025-10-14T18:17:08.308846Z' while content on disk has modification time of '2025-10-14T18:17:12.2150952Z'
Number of updated asset objects reloaded before import = 0
Number of asset objects unloaded after import = 0
========================================================================
Received Import Request.
  Time since last request: 0.014017 seconds.
  path: Assets/Scripts/FirebaseCode/LeaderboardManager.cs
  artifactKey: Guid(1a66a2345655f2b41ab45bb2c7f9cfb8) Importer(815301076,1909f56bfc062723c751e8b465ee728b)
Start importing Assets/Scripts/FirebaseCode/LeaderboardManager.cs using Guid(1a66a2345655f2b41ab45bb2c7f9cfb8) Importer(815301076,1909f56bfc062723c751e8b465ee728b)  -> (artifact id: '00000000000000000000000000000000') in 0.000518 seconds
Import Error Code:(4)
Message: Build asset version error: assets/scripts/firebasecode/leaderboardmanager.cs in SourceAssetDB has modification time of '2025-10-14T18:17:08.308846Z' while content on disk has modification time of '2025-10-14T18:17:12.2150952Z'
  ERROR: Build asset version error: assets/scripts/firebasecode/leaderboardmanager.cs in SourceAssetDB has modification time of '2025-10-14T18:17:08.308846Z' while content on disk has modification time of '2025-10-14T18:17:12.2150952Z'
Number of updated asset objects reloaded before import = 0
Number of asset objects unloaded after import = 0
========================================================================
Received Import Request.
  Time since last request: 0.009977 seconds.
  path: Assets/Scripts/FirebaseCode/LeaderboardManager.cs
  artifactKey: Guid(1a66a2345655f2b41ab45bb2c7f9cfb8) Importer(815301076,1909f56bfc062723c751e8b465ee728b)
Start importing Assets/Scripts/FirebaseCode/LeaderboardManager.cs using Guid(1a66a2345655f2b41ab45bb2c7f9cfb8) Importer(815301076,1909f56bfc062723c751e8b465ee728b)  -> (artifact id: '00000000000000000000000000000000') in 0.000699 seconds
Import Error Code:(4)
Message: Build asset version error: assets/scripts/firebasecode/leaderboardmanager.cs in SourceAssetDB has modification time of '2025-10-14T18:17:08.308846Z' while content on disk has modification time of '2025-10-14T18:17:12.2150952Z'
  ERROR: Build asset version error: assets/scripts/firebasecode/leaderboardmanager.cs in SourceAssetDB has modification time of '2025-10-14T18:17:08.308846Z' while content on disk has modification time of '2025-10-14T18:17:12.2150952Z'
Number of updated asset objects reloaded before import = 0
Number of asset objects unloaded after import = 0
========================================================================
Received Import Request.
  Time since last request: 0.008304 seconds.
  path: Assets/Scripts/FirebaseCode/LeaderboardManager.cs
  artifactKey: Guid(1a66a2345655f2b41ab45bb2c7f9cfb8) Importer(815301076,1909f56bfc062723c751e8b465ee728b)
Start importing Assets/Scripts/FirebaseCode/LeaderboardManager.cs using Guid(1a66a2345655f2b41ab45bb2c7f9cfb8) Importer(815301076,1909f56bfc062723c751e8b465ee728b)  -> (artifact id: '00000000000000000000000000000000') in 0.000526 seconds
Import Error Code:(4)
Message: Build asset version error: assets/scripts/firebasecode/leaderboardmanager.cs in SourceAssetDB has modification time of '2025-10-14T18:17:08.308846Z' while content on disk has modification time of '2025-10-14T18:17:12.2150952Z'
  ERROR: Build asset version error: assets/scripts/firebasecode/leaderboardmanager.cs in SourceAssetDB has modification time of '2025-10-14T18:17:08.308846Z' while content on disk has modification time of '2025-10-14T18:17:12.2150952Z'
Number of updated asset objects reloaded before import = 0
Number of asset objects unloaded after import = 0
========================================================================
Received Import Request.
  Time since last request: 0.009546 seconds.
  path: Assets/Scripts/FirebaseCode/LeaderboardManager.cs
  artifactKey: Guid(1a66a2345655f2b41ab45bb2c7f9cfb8) Importer(815301076,1909f56bfc062723c751e8b465ee728b)
Start importing Assets/Scripts/FirebaseCode/LeaderboardManager.cs using Guid(1a66a2345655f2b41ab45bb2c7f9cfb8) Importer(815301076,1909f56bfc062723c751e8b465ee728b)  -> (artifact id: '00000000000000000000000000000000') in 0.000806 seconds
Import Error Code:(4)
Message: Build asset version error: assets/scripts/firebasecode/leaderboardmanager.cs in SourceAssetDB has modification time of '2025-10-14T18:17:08.308846Z' while content on disk has modification time of '2025-10-14T18:17:12.2150952Z'
  ERROR: Build asset version error: assets/scripts/firebasecode/leaderboardmanager.cs in SourceAssetDB has modification time of '2025-10-14T18:17:08.308846Z' while content on disk has modification time of '2025-10-14T18:17:12.2150952Z'
Number of updated asset objects reloaded before import = 0
Number of asset objects unloaded after import = 0
========================================================================
Received Import Request.
  Time since last request: 0.008200 seconds.
  path: Assets/Scripts/FirebaseCode/LeaderboardManager.cs
  artifactKey: Guid(1a66a2345655f2b41ab45bb2c7f9cfb8) Importer(815301076,1909f56bfc062723c751e8b465ee728b)
Start importing Assets/Scripts/FirebaseCode/LeaderboardManager.cs using Guid(1a66a2345655f2b41ab45bb2c7f9cfb8) Importer(815301076,1909f56bfc062723c751e8b465ee728b)  -> (artifact id: '00000000000000000000000000000000') in 0.000671 seconds
Import Error Code:(4)
Message: Build asset version error: assets/scripts/firebasecode/leaderboardmanager.cs in SourceAssetDB has modification time of '2025-10-14T18:17:08.308846Z' while content on disk has modification time of '2025-10-14T18:17:12.2150952Z'
  ERROR: Build asset version error: assets/scripts/firebasecode/leaderboardmanager.cs in SourceAssetDB has modification time of '2025-10-14T18:17:08.308846Z' while content on disk has modification time of '2025-10-14T18:17:12.2150952Z'
Number of updated asset objects reloaded before import = 0
Number of asset objects unloaded after import = 0
========================================================================
Received Import Request.
  Time since last request: 0.009206 seconds.
  path: Assets/Scripts/FirebaseCode/LeaderboardManager.cs
  artifactKey: Guid(1a66a2345655f2b41ab45bb2c7f9cfb8) Importer(815301076,1909f56bfc062723c751e8b465ee728b)
Start importing Assets/Scripts/FirebaseCode/LeaderboardManager.cs using Guid(1a66a2345655f2b41ab45bb2c7f9cfb8) Importer(815301076,1909f56bfc062723c751e8b465ee728b)  -> (artifact id: '00000000000000000000000000000000') in 0.000525 seconds
Import Error Code:(4)
Message: Build asset version error: assets/scripts/firebasecode/leaderboardmanager.cs in SourceAssetDB has modification time of '2025-10-14T18:17:08.308846Z' while content on disk has modification time of '2025-10-14T18:17:12.2150952Z'
  ERROR: Build asset version error: assets/scripts/firebasecode/leaderboardmanager.cs in SourceAssetDB has modification time of '2025-10-14T18:17:08.308846Z' while content on disk has modification time of '2025-10-14T18:17:12.2150952Z'
Number of updated asset objects reloaded before import = 0
Number of asset objects unloaded after import = 0
========================================================================
Received Import Request.
  Time since last request: 0.010175 seconds.
  path: Assets/Scripts/FirebaseCode/LeaderboardManager.cs
  artifactKey: Guid(1a66a2345655f2b41ab45bb2c7f9cfb8) Importer(815301076,1909f56bfc062723c751e8b465ee728b)
Start importing Assets/Scripts/FirebaseCode/LeaderboardManager.cs using Guid(1a66a2345655f2b41ab45bb2c7f9cfb8) Importer(815301076,1909f56bfc062723c751e8b465ee728b)  -> (artifact id: '00000000000000000000000000000000') in 0.000479 seconds
Import Error Code:(4)
Message: Build asset version error: assets/scripts/firebasecode/leaderboardmanager.cs in SourceAssetDB has modification time of '2025-10-14T18:17:08.308846Z' while content on disk has modification time of '2025-10-14T18:17:12.2150952Z'
  ERROR: Build asset version error: assets/scripts/firebasecode/leaderboardmanager.cs in SourceAssetDB has modification time of '2025-10-14T18:17:08.308846Z' while content on disk has modification time of '2025-10-14T18:17:12.2150952Z'
Number of updated asset objects reloaded before import = 0
Number of asset objects unloaded after import = 0
========================================================================
Received Import Request.
  Time since last request: 0.008426 seconds.
  path: Assets/Scripts/FirebaseCode/LeaderboardManager.cs
  artifactKey: Guid(1a66a2345655f2b41ab45bb2c7f9cfb8) Importer(815301076,1909f56bfc062723c751e8b465ee728b)
Start importing Assets/Scripts/FirebaseCode/LeaderboardManager.cs using Guid(1a66a2345655f2b41ab45bb2c7f9cfb8) Importer(815301076,1909f56bfc062723c751e8b465ee728b)  -> (artifact id: '00000000000000000000000000000000') in 0.000966 seconds
Import Error Code:(4)
Message: Build asset version error: assets/scripts/firebasecode/leaderboardmanager.cs in SourceAssetDB has modification time of '2025-10-14T18:17:08.308846Z' while content on disk has modification time of '2025-10-14T18:17:12.2150952Z'
  ERROR: Build asset version error: assets/scripts/firebasecode/leaderboardmanager.cs in SourceAssetDB has modification time of '2025-10-14T18:17:08.308846Z' while content on disk has modification time of '2025-10-14T18:17:12.2150952Z'
Number of updated asset objects reloaded before import = 0
Number of asset objects unloaded after import = 0
========================================================================
Received Import Request.
  Time since last request: 0.007417 seconds.
  path: Assets/Scripts/FirebaseCode/LeaderboardManager.cs
  artifactKey: Guid(1a66a2345655f2b41ab45bb2c7f9cfb8) Importer(815301076,1909f56bfc062723c751e8b465ee728b)
Start importing Assets/Scripts/FirebaseCode/LeaderboardManager.cs using Guid(1a66a2345655f2b41ab45bb2c7f9cfb8) Importer(815301076,1909f56bfc062723c751e8b465ee728b)  -> (artifact id: '00000000000000000000000000000000') in 0.000512 seconds
Import Error Code:(4)
Message: Build asset version error: assets/scripts/firebasecode/leaderboardmanager.cs in SourceAssetDB has modification time of '2025-10-14T18:17:08.308846Z' while content on disk has modification time of '2025-10-14T18:17:12.2150952Z'
  ERROR: Build asset version error: assets/scripts/firebasecode/leaderboardmanager.cs in SourceAssetDB has modification time of '2025-10-14T18:17:08.308846Z' while content on disk has modification time of '2025-10-14T18:17:12.2150952Z'
Number of updated asset objects reloaded before import = 0
Number of asset objects unloaded after import = 0
========================================================================
Received Import Request.
  Time since last request: 0.009389 seconds.
  path: Assets/Scripts/FirebaseCode/LeaderboardManager.cs
  artifactKey: Guid(1a66a2345655f2b41ab45bb2c7f9cfb8) Importer(815301076,1909f56bfc062723c751e8b465ee728b)
Start importing Assets/Scripts/FirebaseCode/LeaderboardManager.cs using Guid(1a66a2345655f2b41ab45bb2c7f9cfb8) Importer(815301076,1909f56bfc062723c751e8b465ee728b)  -> (artifact id: '00000000000000000000000000000000') in 0.000659 seconds
Import Error Code:(4)
Message: Build asset version error: assets/scripts/firebasecode/leaderboardmanager.cs in SourceAssetDB has modification time of '2025-10-14T18:17:08.308846Z' while content on disk has modification time of '2025-10-14T18:17:12.2150952Z'
  ERROR: Build asset version error: assets/scripts/firebasecode/leaderboardmanager.cs in SourceAssetDB has modification time of '2025-10-14T18:17:08.308846Z' while content on disk has modification time of '2025-10-14T18:17:12.2150952Z'
Number of updated asset objects reloaded before import = 0
Number of asset objects unloaded after import = 0
========================================================================
Received Import Request.
  Time since last request: 0.008065 seconds.
  path: Assets/Scripts/FirebaseCode/LeaderboardManager.cs
  artifactKey: Guid(1a66a2345655f2b41ab45bb2c7f9cfb8) Importer(815301076,1909f56bfc062723c751e8b465ee728b)
Start importing Assets/Scripts/FirebaseCode/LeaderboardManager.cs using Guid(1a66a2345655f2b41ab45bb2c7f9cfb8) Importer(815301076,1909f56bfc062723c751e8b465ee728b)  -> (artifact id: '00000000000000000000000000000000') in 0.000728 seconds
Import Error Code:(4)
Message: Build asset version error: assets/scripts/firebasecode/leaderboardmanager.cs in SourceAssetDB has modification time of '2025-10-14T18:17:08.308846Z' while content on disk has modification time of '2025-10-14T18:17:12.2150952Z'
  ERROR: Build asset version error: assets/scripts/firebasecode/leaderboardmanager.cs in SourceAssetDB has modification time of '2025-10-14T18:17:08.308846Z' while content on disk has modification time of '2025-10-14T18:17:12.2150952Z'
Number of updated asset objects reloaded before import = 0
Number of asset objects unloaded after import = 0
========================================================================
Received Import Request.
  Time since last request: 0.008311 seconds.
  path: Assets/Scripts/FirebaseCode/LeaderboardManager.cs
  artifactKey: Guid(1a66a2345655f2b41ab45bb2c7f9cfb8) Importer(815301076,1909f56bfc062723c751e8b465ee728b)
Start importing Assets/Scripts/FirebaseCode/LeaderboardManager.cs using Guid(1a66a2345655f2b41ab45bb2c7f9cfb8) Importer(815301076,1909f56bfc062723c751e8b465ee728b)  -> (artifact id: '00000000000000000000000000000000') in 0.000476 seconds
Import Error Code:(4)
Message: Build asset version error: assets/scripts/firebasecode/leaderboardmanager.cs in SourceAssetDB has modification time of '2025-10-14T18:17:08.308846Z' while content on disk has modification time of '2025-10-14T18:17:12.2150952Z'
  ERROR: Build asset version error: assets/scripts/firebasecode/leaderboardmanager.cs in SourceAssetDB has modification time of '2025-10-14T18:17:08.308846Z' while content on disk has modification time of '2025-10-14T18:17:12.2150952Z'
Number of updated asset objects reloaded before import = 0
Number of asset objects unloaded after import = 0
========================================================================
Received Import Request.
  Time since last request: 0.008796 seconds.
  path: Assets/Scripts/FirebaseCode/LeaderboardManager.cs
  artifactKey: Guid(1a66a2345655f2b41ab45bb2c7f9cfb8) Importer(815301076,1909f56bfc062723c751e8b465ee728b)
Start importing Assets/Scripts/FirebaseCode/LeaderboardManager.cs using Guid(1a66a2345655f2b41ab45bb2c7f9cfb8) Importer(815301076,1909f56bfc062723c751e8b465ee728b)  -> (artifact id: '00000000000000000000000000000000') in 0.000857 seconds
Import Error Code:(4)
Message: Build asset version error: assets/scripts/firebasecode/leaderboardmanager.cs in SourceAssetDB has modification time of '2025-10-14T18:17:08.308846Z' while content on disk has modification time of '2025-10-14T18:17:12.2150952Z'
  ERROR: Build asset version error: assets/scripts/firebasecode/leaderboardmanager.cs in SourceAssetDB has modification time of '2025-10-14T18:17:08.308846Z' while content on disk has modification time of '2025-10-14T18:17:12.2150952Z'
Number of updated asset objects reloaded before import = 0
Number of asset objects unloaded after import = 0
========================================================================
Received Import Request.
  Time since last request: 0.007707 seconds.
  path: Assets/Scripts/FirebaseCode/LeaderboardManager.cs
  artifactKey: Guid(1a66a2345655f2b41ab45bb2c7f9cfb8) Importer(815301076,1909f56bfc062723c751e8b465ee728b)
Start importing Assets/Scripts/FirebaseCode/LeaderboardManager.cs using Guid(1a66a2345655f2b41ab45bb2c7f9cfb8) Importer(815301076,1909f56bfc062723c751e8b465ee728b)  -> (artifact id: '00000000000000000000000000000000') in 0.000494 seconds
Import Error Code:(4)
Message: Build asset version error: assets/scripts/firebasecode/leaderboardmanager.cs in SourceAssetDB has modification time of '2025-10-14T18:17:08.308846Z' while content on disk has modification time of '2025-10-14T18:17:12.2150952Z'
  ERROR: Build asset version error: assets/scripts/firebasecode/leaderboardmanager.cs in SourceAssetDB has modification time of '2025-10-14T18:17:08.308846Z' while content on disk has modification time of '2025-10-14T18:17:12.2150952Z'
Number of updated asset objects reloaded before import = 0
Number of asset objects unloaded after import = 0
========================================================================
Received Import Request.
  Time since last request: 0.008577 seconds.
  path: Assets/Scripts/FirebaseCode/LeaderboardManager.cs
  artifactKey: Guid(1a66a2345655f2b41ab45bb2c7f9cfb8) Importer(815301076,1909f56bfc062723c751e8b465ee728b)
Start importing Assets/Scripts/FirebaseCode/LeaderboardManager.cs using Guid(1a66a2345655f2b41ab45bb2c7f9cfb8) Importer(815301076,1909f56bfc062723c751e8b465ee728b)  -> (artifact id: '00000000000000000000000000000000') in 0.000580 seconds
Import Error Code:(4)
Message: Build asset version error: assets/scripts/firebasecode/leaderboardmanager.cs in SourceAssetDB has modification time of '2025-10-14T18:17:08.308846Z' while content on disk has modification time of '2025-10-14T18:17:12.2150952Z'
  ERROR: Build asset version error: assets/scripts/firebasecode/leaderboardmanager.cs in SourceAssetDB has modification time of '2025-10-14T18:17:08.308846Z' while content on disk has modification time of '2025-10-14T18:17:12.2150952Z'
Number of updated asset objects reloaded before import = 0
Number of asset objects unloaded after import = 0
========================================================================
Received Import Request.
  Time since last request: 0.009071 seconds.
  path: Assets/Scripts/FirebaseCode/LeaderboardManager.cs
  artifactKey: Guid(1a66a2345655f2b41ab45bb2c7f9cfb8) Importer(815301076,1909f56bfc062723c751e8b465ee728b)
Start importing Assets/Scripts/FirebaseCode/LeaderboardManager.cs using Guid(1a66a2345655f2b41ab45bb2c7f9cfb8) Importer(815301076,1909f56bfc062723c751e8b465ee728b)  -> (artifact id: '00000000000000000000000000000000') in 0.000516 seconds
Import Error Code:(4)
Message: Build asset version error: assets/scripts/firebasecode/leaderboardmanager.cs in SourceAssetDB has modification time of '2025-10-14T18:17:08.308846Z' while content on disk has modification time of '2025-10-14T18:17:12.2150952Z'
  ERROR: Build asset version error: assets/scripts/firebasecode/leaderboardmanager.cs in SourceAssetDB has modification time of '2025-10-14T18:17:08.308846Z' while content on disk has modification time of '2025-10-14T18:17:12.2150952Z'
Number of updated asset objects reloaded before import = 0
Number of asset objects unloaded after import = 0
========================================================================
Received Import Request.
  Time since last request: 0.008870 seconds.
  path: Assets/Scripts/FirebaseCode/LeaderboardManager.cs
  artifactKey: Guid(1a66a2345655f2b41ab45bb2c7f9cfb8) Importer(815301076,1909f56bfc062723c751e8b465ee728b)
Start importing Assets/Scripts/FirebaseCode/LeaderboardManager.cs using Guid(1a66a2345655f2b41ab45bb2c7f9cfb8) Importer(815301076,1909f56bfc062723c751e8b465ee728b)  -> (artifact id: '00000000000000000000000000000000') in 0.000795 seconds
Import Error Code:(4)
Message: Build asset version error: assets/scripts/firebasecode/leaderboardmanager.cs in SourceAssetDB has modification time of '2025-10-14T18:17:08.308846Z' while content on disk has modification time of '2025-10-14T18:17:12.2150952Z'
  ERROR: Build asset version error: assets/scripts/firebasecode/leaderboardmanager.cs in SourceAssetDB has modification time of '2025-10-14T18:17:08.308846Z' while content on disk has modification time of '2025-10-14T18:17:12.2150952Z'
Number of updated asset objects reloaded before import = 0
Number of asset objects unloaded after import = 0
========================================================================
Received Import Request.
  Time since last request: 0.008190 seconds.
  path: Assets/Scripts/FirebaseCode/LeaderboardManager.cs
  artifactKey: Guid(1a66a2345655f2b41ab45bb2c7f9cfb8) Importer(815301076,1909f56bfc062723c751e8b465ee728b)
Start importing Assets/Scripts/FirebaseCode/LeaderboardManager.cs using Guid(1a66a2345655f2b41ab45bb2c7f9cfb8) Importer(815301076,1909f56bfc062723c751e8b465ee728b)  -> (artifact id: '00000000000000000000000000000000') in 0.000781 seconds
Import Error Code:(4)
Message: Build asset version error: assets/scripts/firebasecode/leaderboardmanager.cs in SourceAssetDB has modification time of '2025-10-14T18:17:08.308846Z' while content on disk has modification time of '2025-10-14T18:17:12.2150952Z'
  ERROR: Build asset version error: assets/scripts/firebasecode/leaderboardmanager.cs in SourceAssetDB has modification time of '2025-10-14T18:17:08.308846Z' while content on disk has modification time of '2025-10-14T18:17:12.2150952Z'
Number of updated asset objects reloaded before import = 0
Number of asset objects unloaded after import = 0
========================================================================
Received Import Request.
  Time since last request: 0.008080 seconds.
  path: Assets/Scripts/FirebaseCode/LeaderboardManager.cs
  artifactKey: Guid(1a66a2345655f2b41ab45bb2c7f9cfb8) Importer(815301076,1909f56bfc062723c751e8b465ee728b)
Start importing Assets/Scripts/FirebaseCode/LeaderboardManager.cs using Guid(1a66a2345655f2b41ab45bb2c7f9cfb8) Importer(815301076,1909f56bfc062723c751e8b465ee728b)  -> (artifact id: '00000000000000000000000000000000') in 0.000519 seconds
Import Error Code:(4)
Message: Build asset version error: assets/scripts/firebasecode/leaderboardmanager.cs in SourceAssetDB has modification time of '2025-10-14T18:17:08.308846Z' while content on disk has modification time of '2025-10-14T18:17:12.2150952Z'
  ERROR: Build asset version error: assets/scripts/firebasecode/leaderboardmanager.cs in SourceAssetDB has modification time of '2025-10-14T18:17:08.308846Z' while content on disk has modification time of '2025-10-14T18:17:12.2150952Z'
Number of updated asset objects reloaded before import = 0
Number of asset objects unloaded after import = 0
========================================================================
Received Import Request.
  Time since last request: 0.008327 seconds.
  path: Assets/Scripts/FirebaseCode/LeaderboardManager.cs
  artifactKey: Guid(1a66a2345655f2b41ab45bb2c7f9cfb8) Importer(815301076,1909f56bfc062723c751e8b465ee728b)
Start importing Assets/Scripts/FirebaseCode/LeaderboardManager.cs using Guid(1a66a2345655f2b41ab45bb2c7f9cfb8) Importer(815301076,1909f56bfc062723c751e8b465ee728b)  -> (artifact id: '00000000000000000000000000000000') in 0.000815 seconds
Import Error Code:(4)
Message: Build asset version error: assets/scripts/firebasecode/leaderboardmanager.cs in SourceAssetDB has modification time of '2025-10-14T18:17:08.308846Z' while content on disk has modification time of '2025-10-14T18:17:12.2150952Z'
  ERROR: Build asset version error: assets/scripts/firebasecode/leaderboardmanager.cs in SourceAssetDB has modification time of '2025-10-14T18:17:08.308846Z' while content on disk has modification time of '2025-10-14T18:17:12.2150952Z'
Number of updated asset objects reloaded before import = 0
Number of asset objects unloaded after import = 0
========================================================================
Received Import Request.
  Time since last request: 0.009181 seconds.
  path: Assets/Scripts/FirebaseCode/LeaderboardManager.cs
  artifactKey: Guid(1a66a2345655f2b41ab45bb2c7f9cfb8) Importer(815301076,1909f56bfc062723c751e8b465ee728b)
Start importing Assets/Scripts/FirebaseCode/LeaderboardManager.cs using Guid(1a66a2345655f2b41ab45bb2c7f9cfb8) Importer(815301076,1909f56bfc062723c751e8b465ee728b)  -> (artifact id: '00000000000000000000000000000000') in 0.000510 seconds
Import Error Code:(4)
Message: Build asset version error: assets/scripts/firebasecode/leaderboardmanager.cs in SourceAssetDB has modification time of '2025-10-14T18:17:08.308846Z' while content on disk has modification time of '2025-10-14T18:17:12.2150952Z'
  ERROR: Build asset version error: assets/scripts/firebasecode/leaderboardmanager.cs in SourceAssetDB has modification time of '2025-10-14T18:17:08.308846Z' while content on disk has modification time of '2025-10-14T18:17:12.2150952Z'
Number of updated asset objects reloaded before import = 0
Number of asset objects unloaded after import = 0
========================================================================
Received Import Request.
  Time since last request: 0.011073 seconds.
  path: Assets/Scripts/FirebaseCode/LeaderboardManager.cs
  artifactKey: Guid(1a66a2345655f2b41ab45bb2c7f9cfb8) Importer(815301076,1909f56bfc062723c751e8b465ee728b)
Start importing Assets/Scripts/FirebaseCode/LeaderboardManager.cs using Guid(1a66a2345655f2b41ab45bb2c7f9cfb8) Importer(815301076,1909f56bfc062723c751e8b465ee728b)  -> (artifact id: '00000000000000000000000000000000') in 0.000782 seconds
Import Error Code:(4)
Message: Build asset version error: assets/scripts/firebasecode/leaderboardmanager.cs in SourceAssetDB has modification time of '2025-10-14T18:17:08.308846Z' while content on disk has modification time of '2025-10-14T18:17:12.2150952Z'
  ERROR: Build asset version error: assets/scripts/firebasecode/leaderboardmanager.cs in SourceAssetDB has modification time of '2025-10-14T18:17:08.308846Z' while content on disk has modification time of '2025-10-14T18:17:12.2150952Z'
Number of updated asset objects reloaded before import = 0
Number of asset objects unloaded after import = 0
========================================================================
Received Import Request.
  Time since last request: 0.017729 seconds.
  path: Assets/Scripts/FirebaseCode/LeaderboardManager.cs
  artifactKey: Guid(1a66a2345655f2b41ab45bb2c7f9cfb8) Importer(815301076,1909f56bfc062723c751e8b465ee728b)
Start importing Assets/Scripts/FirebaseCode/LeaderboardManager.cs using Guid(1a66a2345655f2b41ab45bb2c7f9cfb8) Importer(815301076,1909f56bfc062723c751e8b465ee728b)  -> (artifact id: '00000000000000000000000000000000') in 0.000605 seconds
Import Error Code:(4)
Message: Build asset version error: assets/scripts/firebasecode/leaderboardmanager.cs in SourceAssetDB has modification time of '2025-10-14T18:17:08.308846Z' while content on disk has modification time of '2025-10-14T18:17:12.2150952Z'
  ERROR: Build asset version error: assets/scripts/firebasecode/leaderboardmanager.cs in SourceAssetDB has modification time of '2025-10-14T18:17:08.308846Z' while content on disk has modification time of '2025-10-14T18:17:12.2150952Z'
Number of updated asset objects reloaded before import = 0
Number of asset objects unloaded after import = 0
========================================================================
Received Import Request.
  Time since last request: 0.019376 seconds.
  path: Assets/Scripts/FirebaseCode/LeaderboardManager.cs
  artifactKey: Guid(1a66a2345655f2b41ab45bb2c7f9cfb8) Importer(815301076,1909f56bfc062723c751e8b465ee728b)
Start importing Assets/Scripts/FirebaseCode/LeaderboardManager.cs using Guid(1a66a2345655f2b41ab45bb2c7f9cfb8) Importer(815301076,1909f56bfc062723c751e8b465ee728b)  -> (artifact id: '00000000000000000000000000000000') in 0.000793 seconds
Import Error Code:(4)
Message: Build asset version error: assets/scripts/firebasecode/leaderboardmanager.cs in SourceAssetDB has modification time of '2025-10-14T18:17:08.308846Z' while content on disk has modification time of '2025-10-14T18:17:12.2150952Z'
  ERROR: Build asset version error: assets/scripts/firebasecode/leaderboardmanager.cs in SourceAssetDB has modification time of '2025-10-14T18:17:08.308846Z' while content on disk has modification time of '2025-10-14T18:17:12.2150952Z'
Number of updated asset objects reloaded before import = 0
Number of asset objects unloaded after import = 0
========================================================================
Received Import Request.
  Time since last request: 0.013018 seconds.
  path: Assets/Scripts/FirebaseCode/LeaderboardManager.cs
  artifactKey: Guid(1a66a2345655f2b41ab45bb2c7f9cfb8) Importer(815301076,1909f56bfc062723c751e8b465ee728b)
Start importing Assets/Scripts/FirebaseCode/LeaderboardManager.cs using Guid(1a66a2345655f2b41ab45bb2c7f9cfb8) Importer(815301076,1909f56bfc062723c751e8b465ee728b)  -> (artifact id: '00000000000000000000000000000000') in 0.000556 seconds
Import Error Code:(4)
Message: Build asset version error: assets/scripts/firebasecode/leaderboardmanager.cs in SourceAssetDB has modification time of '2025-10-14T18:17:08.308846Z' while content on disk has modification time of '2025-10-14T18:17:12.2150952Z'
  ERROR: Build asset version error: assets/scripts/firebasecode/leaderboardmanager.cs in SourceAssetDB has modification time of '2025-10-14T18:17:08.308846Z' while content on disk has modification time of '2025-10-14T18:17:12.2150952Z'
Number of updated asset objects reloaded before import = 0
Number of asset objects unloaded after import = 0
========================================================================
Received Import Request.
  Time since last request: 0.011244 seconds.
  path: Assets/Scripts/FirebaseCode/LeaderboardManager.cs
  artifactKey: Guid(1a66a2345655f2b41ab45bb2c7f9cfb8) Importer(815301076,1909f56bfc062723c751e8b465ee728b)
Start importing Assets/Scripts/FirebaseCode/LeaderboardManager.cs using Guid(1a66a2345655f2b41ab45bb2c7f9cfb8) Importer(815301076,1909f56bfc062723c751e8b465ee728b)  -> (artifact id: '00000000000000000000000000000000') in 0.000599 seconds
Import Error Code:(4)
Message: Build asset version error: assets/scripts/firebasecode/leaderboardmanager.cs in SourceAssetDB has modification time of '2025-10-14T18:17:08.308846Z' while content on disk has modification time of '2025-10-14T18:17:12.2150952Z'
  ERROR: Build asset version error: assets/scripts/firebasecode/leaderboardmanager.cs in SourceAssetDB has modification time of '2025-10-14T18:17:08.308846Z' while content on disk has modification time of '2025-10-14T18:17:12.2150952Z'
Number of updated asset objects reloaded before import = 0
Number of asset objects unloaded after import = 0
========================================================================
Received Import Request.
  Time since last request: 0.009605 seconds.
  path: Assets/Scripts/FirebaseCode/LeaderboardManager.cs
  artifactKey: Guid(1a66a2345655f2b41ab45bb2c7f9cfb8) Importer(815301076,1909f56bfc062723c751e8b465ee728b)
Start importing Assets/Scripts/FirebaseCode/LeaderboardManager.cs using Guid(1a66a2345655f2b41ab45bb2c7f9cfb8) Importer(815301076,1909f56bfc062723c751e8b465ee728b)  -> (artifact id: '00000000000000000000000000000000') in 0.000714 seconds
Import Error Code:(4)
Message: Build asset version error: assets/scripts/firebasecode/leaderboardmanager.cs in SourceAssetDB has modification time of '2025-10-14T18:17:08.308846Z' while content on disk has modification time of '2025-10-14T18:17:12.2150952Z'
  ERROR: Build asset version error: assets/scripts/firebasecode/leaderboardmanager.cs in SourceAssetDB has modification time of '2025-10-14T18:17:08.308846Z' while content on disk has modification time of '2025-10-14T18:17:12.2150952Z'
Number of updated asset objects reloaded before import = 0
Number of asset objects unloaded after import = 0
========================================================================
Received Import Request.
  Time since last request: 0.013617 seconds.
  path: Assets/Scripts/FirebaseCode/LeaderboardManager.cs
  artifactKey: Guid(1a66a2345655f2b41ab45bb2c7f9cfb8) Importer(815301076,1909f56bfc062723c751e8b465ee728b)
Start importing Assets/Scripts/FirebaseCode/LeaderboardManager.cs using Guid(1a66a2345655f2b41ab45bb2c7f9cfb8) Importer(815301076,1909f56bfc062723c751e8b465ee728b)  -> (artifact id: '00000000000000000000000000000000') in 0.000615 seconds
Import Error Code:(4)
Message: Build asset version error: assets/scripts/firebasecode/leaderboardmanager.cs in SourceAssetDB has modification time of '2025-10-14T18:17:08.308846Z' while content on disk has modification time of '2025-10-14T18:17:12.2150952Z'
  ERROR: Build asset version error: assets/scripts/firebasecode/leaderboardmanager.cs in SourceAssetDB has modification time of '2025-10-14T18:17:08.308846Z' while content on disk has modification time of '2025-10-14T18:17:12.2150952Z'
Number of updated asset objects reloaded before import = 0
Number of asset objects unloaded after import = 0
========================================================================
Received Import Request.
  Time since last request: 0.019819 seconds.
  path: Assets/Scripts/FirebaseCode/LeaderboardManager.cs
  artifactKey: Guid(1a66a2345655f2b41ab45bb2c7f9cfb8) Importer(815301076,1909f56bfc062723c751e8b465ee728b)
Start importing Assets/Scripts/FirebaseCode/LeaderboardManager.cs using Guid(1a66a2345655f2b41ab45bb2c7f9cfb8) Importer(815301076,1909f56bfc062723c751e8b465ee728b)  -> (artifact id: '00000000000000000000000000000000') in 0.000599 seconds
Import Error Code:(4)
Message: Build asset version error: assets/scripts/firebasecode/leaderboardmanager.cs in SourceAssetDB has modification time of '2025-10-14T18:17:08.308846Z' while content on disk has modification time of '2025-10-14T18:17:12.2150952Z'
  ERROR: Build asset version error: assets/scripts/firebasecode/leaderboardmanager.cs in SourceAssetDB has modification time of '2025-10-14T18:17:08.308846Z' while content on disk has modification time of '2025-10-14T18:17:12.2150952Z'
Number of updated asset objects reloaded before import = 0
Number of asset objects unloaded after import = 0
========================================================================
Received Import Request.
  Time since last request: 0.595298 seconds.
  path: Assets/Scripts/FirebaseCode/LeaderboardManager.cs
  artifactKey: Guid(1a66a2345655f2b41ab45bb2c7f9cfb8) Importer(815301076,1909f56bfc062723c751e8b465ee728b)
Start importing Assets/Scripts/FirebaseCode/LeaderboardManager.cs using Guid(1a66a2345655f2b41ab45bb2c7f9cfb8) Importer(815301076,1909f56bfc062723c751e8b465ee728b)  -> (artifact id: '6f2e46380b54dbda5e76c69629218938') in 0.000710 seconds
Number of updated asset objects reloaded before import = 0
Number of asset objects unloaded after import = 0
========================================================================
Received Import Request.
  Time since last request: 48.620447 seconds.
  path: Assets/Scripts/FirebaseCode/LeaderboardManager.cs
  artifactKey: Guid(1a66a2345655f2b41ab45bb2c7f9cfb8) Importer(815301076,1909f56bfc062723c751e8b465ee728b)
Start importing Assets/Scripts/FirebaseCode/LeaderboardManager.cs using Guid(1a66a2345655f2b41ab45bb2c7f9cfb8) Importer(815301076,1909f56bfc062723c751e8b465ee728b)  -> (artifact id: '2ea054a2b3dde0c175c936771234ca44') in 0.000961 seconds
Number of updated asset objects reloaded before import = 0
Number of asset objects unloaded after import = 0
========================================================================
Received Prepare
Begin MonoManager ReloadAssembly
DirectoryNotFoundException: Could not find a part of the path "C:\Users\ASUS\Desktop\Octavo Semestre\Sistemas Interactivos distribuidos\REPO ENTREGA 1\Sistemas_Interactivos\DeckCards\Library\PackageCache\com.unity.visualscripting@1.9.1\Editor\VisualScripting.Core\Dependencies\YamlDotNet\Unity.VisualScripting.YamlDotNet.dll"
  at System.IO.FileStream..ctor (System.String path, System.IO.FileMode mode, System.IO.FileAccess access, System.IO.FileShare share, System.Int32 bufferSize, System.Boolean anonymous, System.IO.FileOptions options) [0x0019e] in <dc753a1061284f8e971ee88ee4826eee>:0 
  at System.IO.FileStream..ctor (System.String path, System.IO.FileMode mode, System.IO.FileAccess access, System.IO.FileShare share) [0x00000] in <dc753a1061284f8e971ee88ee4826eee>:0 
  at (wrapper remoting-invoke-with-check) System.IO.FileStream..ctor(string,System.IO.FileMode,System.IO.FileAccess,System.IO.FileShare)
  at Mono.Cecil.ModuleDefinition.GetFileStream (System.String fileName, System.IO.FileMode mode, System.IO.FileAccess access, System.IO.FileShare share) [0x00006] in <a6860a9f6366437387ebdc1f225b7fd4>:0 
  at Mono.Cecil.ModuleDefinition.ReadModule (System.String fileName, Mono.Cecil.ReaderParameters parameters) [0x00008] in <a6860a9f6366437387ebdc1f225b7fd4>:0 
  at Mono.Cecil.AssemblyDefinition.ReadAssembly (System.String fileName, Mono.Cecil.ReaderParameters parameters) [0x00000] in <a6860a9f6366437387ebdc1f225b7fd4>:0 
  at UnityEditor.AssemblyValidation.LoadAssemblyDefinitions (System.String[] assemblyPaths, System.String[] searchPaths) [0x00048] in <5d5ebefe97114215928ac1d9cd096522>:0 
  at UnityEditor.AssemblyValidation.ValidateAssemblies (System.String[] assemblyPaths, System.Boolean enableLogging) [0x00007] in <5d5ebefe97114215928ac1d9cd096522>:0 

- Loaded All Assemblies, in  0.544 seconds
Refreshing native plugins compatible for Editor in 11.27 ms, found 6 plugins.
Native extension for WindowsStandalone target not found
Native extension for Android target not found
Native extension for WebGL target not found
[Package Manager] Server::EnsureServerProcessIsRunning -- launch failed, reason: Unity was launched with the -noUpm command-line argument
[Package Manager] UpmClient::Send -- Unable to send message (not connected to UPM process).
[Package Manager] Cannot connect to Unity Package Manager local server
Mono: successfully reloaded assembly
- Finished resetting the current domain, in  1.095 seconds
Domain Reload Profiling: 1635ms
	BeginReloadAssembly (259ms)
		ExecutionOrderSort (0ms)
		DisableScriptedObjects (5ms)
		BackupInstance (0ms)
		ReleaseScriptingObjects (0ms)
		CreateAndSetChildDomain (56ms)
	RebuildCommonClasses (46ms)
	RebuildNativeTypeToScriptingClass (15ms)
	initialDomainReloadingComplete (53ms)
	LoadAllAssembliesAndSetupDomain (166ms)
		LoadAssemblies (291ms)
		RebuildTransferFunctionScriptingTraits (0ms)
		AnalyzeDomain (29ms)
			TypeCache.Refresh (13ms)
				TypeCache.ScanAssembly (1ms)
			ScanForSourceGeneratedMonoScriptInfo (9ms)
			ResolveRequiredComponents (5ms)
	FinalizeReload (1096ms)
		ReleaseScriptCaches (0ms)
		RebuildScriptCaches (0ms)
		SetupLoadedEditorAssemblies (500ms)
			LogAssemblyErrors (0ms)
			InitializePlatformSupportModulesInManaged (30ms)
			SetLoadedEditorAssemblies (6ms)
			RefreshPlugins (0ms)
			BeforeProcessingInitializeOnLoad (69ms)
			ProcessInitializeOnLoadAttributes (348ms)
			ProcessInitializeOnLoadMethodAttributes (36ms)
			AfterProcessingInitializeOnLoad (10ms)
			EditorAssembliesLoaded (0ms)
		ExecutionOrderSort2 (0ms)
		AwakeInstancesAfterBackupRestoration (9ms)
Refreshing native plugins compatible for Editor in 10.87 ms, found 6 plugins.
Preloading 0 native plugins for Editor in 0.00 ms.
Unloading 3109 Unused Serialized files (Serialized files now loaded: 0)
Unloading 44 unused Assets / (39.8 KB). Loaded Objects now: 3630.
Memory consumption went from 153.8 MB to 153.7 MB.
Total: 3.612800 ms (FindLiveObjects: 0.310100 ms CreateObjectMapping: 0.134400 ms MarkObjects: 3.057200 ms  DeleteObjects: 0.109700 ms)

Prepare: number of updated asset objects reloaded= 0
AssetImportParameters requested are different than current active one (requested -> active):
  custom:container-demuxer-ogg: 62fdf1f143b41e24485cea50d1cbac27 -> 
  custom:video-codec-MediaFoundation-h265: 746d11721c4dcdbdad8f713fa42b33f4 -> 
  custom:video-decoder-ogg-theora: a1e56fd34408186e4bbccfd4996cb3dc -> 
  custom:framework-win-MediaFoundation: 216162199b28c13a410421893ffa2e32 -> 
  custom:CustomObjectIndexerAttribute: 6d391050e5a25f67b0a2c618074f2cd9 -> 
  custom:container-demuxer-webm: 4f35f7cbe854078d1ac9338744f61a02 -> 
  custom:container-muxer-webm: aa71ff27fc2769a1b78a27578f13a17b -> 
  custom:video-decoder-webm-vp8: 9c59270c3fd7afecdb556c50c9e8de78 -> 
  custom:SearchIndexIgnoredProperties: e643bd26f0fe6173181afceb89e7c659 -> 
  custom:AudioImporter_EditorPlatform: d09bf68614088b80899f8185d706f6e7 -> 
  custom:video-encoder-webm-vp8: eb34c28f22e8b96e1ab97ce403110664 -> 
  custom:audio-decoder-ogg-vorbis: bf7c407c2cedff20999df2af8eb42d56 -> 
  custom:audio-encoder-webm-vorbis: bf7c407c2cedff20999df2af8eb42d56 -> 
========================================================================
Received Prepare
Begin MonoManager ReloadAssembly
DirectoryNotFoundException: Could not find a part of the path "C:\Users\ASUS\Desktop\Octavo Semestre\Sistemas Interactivos distribuidos\REPO ENTREGA 1\Sistemas_Interactivos\DeckCards\Library\PackageCache\com.unity.visualscripting@1.9.1\Editor\VisualScripting.Core\Dependencies\YamlDotNet\Unity.VisualScripting.YamlDotNet.dll"
  at System.IO.FileStream..ctor (System.String path, System.IO.FileMode mode, System.IO.FileAccess access, System.IO.FileShare share, System.Int32 bufferSize, System.Boolean anonymous, System.IO.FileOptions options) [0x0019e] in <dc753a1061284f8e971ee88ee4826eee>:0 
  at System.IO.FileStream..ctor (System.String path, System.IO.FileMode mode, System.IO.FileAccess access, System.IO.FileShare share) [0x00000] in <dc753a1061284f8e971ee88ee4826eee>:0 
  at (wrapper remoting-invoke-with-check) System.IO.FileStream..ctor(string,System.IO.FileMode,System.IO.FileAccess,System.IO.FileShare)
  at Mono.Cecil.ModuleDefinition.GetFileStream (System.String fileName, System.IO.FileMode mode, System.IO.FileAccess access, System.IO.FileShare share) [0x00006] in <a6860a9f6366437387ebdc1f225b7fd4>:0 
  at Mono.Cecil.ModuleDefinition.ReadModule (System.String fileName, Mono.Cecil.ReaderParameters parameters) [0x00008] in <a6860a9f6366437387ebdc1f225b7fd4>:0 
  at Mono.Cecil.AssemblyDefinition.ReadAssembly (System.String fileName, Mono.Cecil.ReaderParameters parameters) [0x00000] in <a6860a9f6366437387ebdc1f225b7fd4>:0 
  at UnityEditor.AssemblyValidation.LoadAssemblyDefinitions (System.String[] assemblyPaths, System.String[] searchPaths) [0x00048] in <5d5ebefe97114215928ac1d9cd096522>:0 
  at UnityEditor.AssemblyValidation.ValidateAssemblies (System.String[] assemblyPaths, System.Boolean enableLogging) [0x00007] in <5d5ebefe97114215928ac1d9cd096522>:0 

- Loaded All Assemblies, in  0.515 seconds
Refreshing native plugins compatible for Editor in 10.69 ms, found 6 plugins.
Native extension for WindowsStandalone target not found
Native extension for Android target not found
Native extension for WebGL target not found
[Package Manager] Server::EnsureServerProcessIsRunning -- launch failed, reason: Unity was launched with the -noUpm command-line argument
[Package Manager] UpmClient::Send -- Unable to send message (not connected to UPM process).
[Package Manager] Cannot connect to Unity Package Manager local server
Mono: successfully reloaded assembly
- Finished resetting the current domain, in  1.069 seconds
Domain Reload Profiling: 1579ms
	BeginReloadAssembly (225ms)
		ExecutionOrderSort (0ms)
		DisableScriptedObjects (6ms)
		BackupInstance (0ms)
		ReleaseScriptingObjects (0ms)
		CreateAndSetChildDomain (53ms)
	RebuildCommonClasses (50ms)
	RebuildNativeTypeToScriptingClass (16ms)
	initialDomainReloadingComplete (52ms)
	LoadAllAssembliesAndSetupDomain (166ms)
		LoadAssemblies (261ms)
		RebuildTransferFunctionScriptingTraits (0ms)
		AnalyzeDomain (29ms)
			TypeCache.Refresh (14ms)
				TypeCache.ScanAssembly (1ms)
			ScanForSourceGeneratedMonoScriptInfo (9ms)
			ResolveRequiredComponents (5ms)
	FinalizeReload (1070ms)
		ReleaseScriptCaches (0ms)
		RebuildScriptCaches (0ms)
		SetupLoadedEditorAssemblies (466ms)
			LogAssemblyErrors (0ms)
			InitializePlatformSupportModulesInManaged (31ms)
			SetLoadedEditorAssemblies (7ms)
			RefreshPlugins (0ms)
			BeforeProcessingInitializeOnLoad (66ms)
			ProcessInitializeOnLoadAttributes (329ms)
			ProcessInitializeOnLoadMethodAttributes (24ms)
			AfterProcessingInitializeOnLoad (8ms)
			EditorAssembliesLoaded (0ms)
		ExecutionOrderSort2 (0ms)
		AwakeInstancesAfterBackupRestoration (7ms)
Refreshing native plugins compatible for Editor in 10.32 ms, found 6 plugins.
Preloading 0 native plugins for Editor in 0.00 ms.
Unloading 3110 Unused Serialized files (Serialized files now loaded: 0)
Unloading 44 unused Assets / (39.8 KB). Loaded Objects now: 3633.
Memory consumption went from 155.9 MB to 155.9 MB.
Total: 4.599000 ms (FindLiveObjects: 0.326700 ms CreateObjectMapping: 0.100200 ms MarkObjects: 4.074600 ms  DeleteObjects: 0.095900 ms)

Prepare: number of updated asset objects reloaded= 0
AssetImportParameters requested are different than current active one (requested -> active):
  custom:container-demuxer-ogg: 62fdf1f143b41e24485cea50d1cbac27 -> 
  custom:video-codec-MediaFoundation-h265: 746d11721c4dcdbdad8f713fa42b33f4 -> 
  custom:video-decoder-ogg-theora: a1e56fd34408186e4bbccfd4996cb3dc -> 
  custom:framework-win-MediaFoundation: 216162199b28c13a410421893ffa2e32 -> 
  custom:CustomObjectIndexerAttribute: 6d391050e5a25f67b0a2c618074f2cd9 -> 
  custom:container-demuxer-webm: 4f35f7cbe854078d1ac9338744f61a02 -> 
  custom:container-muxer-webm: aa71ff27fc2769a1b78a27578f13a17b -> 
  custom:video-decoder-webm-vp8: 9c59270c3fd7afecdb556c50c9e8de78 -> 
  custom:SearchIndexIgnoredProperties: e643bd26f0fe6173181afceb89e7c659 -> 
  custom:AudioImporter_EditorPlatform: d09bf68614088b80899f8185d706f6e7 -> 
  custom:video-encoder-webm-vp8: eb34c28f22e8b96e1ab97ce403110664 -> 
  custom:audio-decoder-ogg-vorbis: bf7c407c2cedff20999df2af8eb42d56 -> 
  custom:audio-encoder-webm-vorbis: bf7c407c2cedff20999df2af8eb42d56 -> 
========================================================================
Received Import Request.
  Time since last request: 168.340027 seconds.
  path: Assets/Scenes/Trabajo4.unity
  artifactKey: Guid(9f1514084f745f749a3050babd36aeec) Importer(815301076,1909f56bfc062723c751e8b465ee728b)
Start importing Assets/Scenes/Trabajo4.unity using Guid(9f1514084f745f749a3050babd36aeec) Importer(815301076,1909f56bfc062723c751e8b465ee728b)  -> (artifact id: 'af16eff23dd1de7d723444e5127790a4') in 0.020800 seconds
Number of updated asset objects reloaded before import = 0
Number of asset objects unloaded after import = 0
========================================================================
Received Prepare
Begin MonoManager ReloadAssembly
DirectoryNotFoundException: Could not find a part of the path "C:\Users\ASUS\Desktop\Octavo Semestre\Sistemas Interactivos distribuidos\REPO ENTREGA 1\Sistemas_Interactivos\DeckCards\Library\PackageCache\com.unity.visualscripting@1.9.1\Editor\VisualScripting.Core\Dependencies\YamlDotNet\Unity.VisualScripting.YamlDotNet.dll"
  at System.IO.FileStream..ctor (System.String path, System.IO.FileMode mode, System.IO.FileAccess access, System.IO.FileShare share, System.Int32 bufferSize, System.Boolean anonymous, System.IO.FileOptions options) [0x0019e] in <dc753a1061284f8e971ee88ee4826eee>:0 
  at System.IO.FileStream..ctor (System.String path, System.IO.FileMode mode, System.IO.FileAccess access, System.IO.FileShare share) [0x00000] in <dc753a1061284f8e971ee88ee4826eee>:0 
  at (wrapper remoting-invoke-with-check) System.IO.FileStream..ctor(string,System.IO.FileMode,System.IO.FileAccess,System.IO.FileShare)
  at Mono.Cecil.ModuleDefinition.GetFileStream (System.String fileName, System.IO.FileMode mode, System.IO.FileAccess access, System.IO.FileShare share) [0x00006] in <a6860a9f6366437387ebdc1f225b7fd4>:0 
  at Mono.Cecil.ModuleDefinition.ReadModule (System.String fileName, Mono.Cecil.ReaderParameters parameters) [0x00008] in <a6860a9f6366437387ebdc1f225b7fd4>:0 
  at Mono.Cecil.AssemblyDefinition.ReadAssembly (System.String fileName, Mono.Cecil.ReaderParameters parameters) [0x00000] in <a6860a9f6366437387ebdc1f225b7fd4>:0 
  at UnityEditor.AssemblyValidation.LoadAssemblyDefinitions (System.String[] assemblyPaths, System.String[] searchPaths) [0x00048] in <5d5ebefe97114215928ac1d9cd096522>:0 
  at UnityEditor.AssemblyValidation.ValidateAssemblies (System.String[] assemblyPaths, System.Boolean enableLogging) [0x00007] in <5d5ebefe97114215928ac1d9cd096522>:0 

- Loaded All Assemblies, in  0.414 seconds
Refreshing native plugins compatible for Editor in 10.62 ms, found 6 plugins.
Native extension for WindowsStandalone target not found
Native extension for Android target not found
Native extension for WebGL target not found
[Package Manager] Server::EnsureServerProcessIsRunning -- launch failed, reason: Unity was launched with the -noUpm command-line argument
[Package Manager] UpmClient::Send -- Unable to send message (not connected to UPM process).
[Package Manager] Cannot connect to Unity Package Manager local server
Mono: successfully reloaded assembly
- Finished resetting the current domain, in  1.215 seconds
Domain Reload Profiling: 1624ms
	BeginReloadAssembly (182ms)
		ExecutionOrderSort (0ms)
		DisableScriptedObjects (5ms)
		BackupInstance (0ms)
		ReleaseScriptingObjects (0ms)
		CreateAndSetChildDomain (44ms)
	RebuildCommonClasses (34ms)
	RebuildNativeTypeToScriptingClass (12ms)
	initialDomainReloadingComplete (40ms)
	LoadAllAssembliesAndSetupDomain (140ms)
		LoadAssemblies (223ms)
		RebuildTransferFunctionScriptingTraits (0ms)
		AnalyzeDomain (15ms)
			TypeCache.Refresh (8ms)
				TypeCache.ScanAssembly (0ms)
			ScanForSourceGeneratedMonoScriptInfo (0ms)
			ResolveRequiredComponents (5ms)
	FinalizeReload (1215ms)
		ReleaseScriptCaches (0ms)
		RebuildScriptCaches (0ms)
		SetupLoadedEditorAssemblies (557ms)
			LogAssemblyErrors (0ms)
			InitializePlatformSupportModulesInManaged (35ms)
			SetLoadedEditorAssemblies (9ms)
			RefreshPlugins (0ms)
			BeforeProcessingInitializeOnLoad (91ms)
			ProcessInitializeOnLoadAttributes (383ms)
			ProcessInitializeOnLoadMethodAttributes (29ms)
			AfterProcessingInitializeOnLoad (10ms)
			EditorAssembliesLoaded (0ms)
		ExecutionOrderSort2 (0ms)
		AwakeInstancesAfterBackupRestoration (8ms)
Refreshing native plugins compatible for Editor in 11.87 ms, found 6 plugins.
Preloading 0 native plugins for Editor in 0.00 ms.
Unloading 3109 Unused Serialized files (Serialized files now loaded: 0)
Unloading 44 unused Assets / (39.8 KB). Loaded Objects now: 3636.
Memory consumption went from 157.6 MB to 157.6 MB.
Total: 4.834700 ms (FindLiveObjects: 0.336000 ms CreateObjectMapping: 0.123000 ms MarkObjects: 4.249700 ms  DeleteObjects: 0.124300 ms)

Prepare: number of updated asset objects reloaded= 0
AssetImportParameters requested are different than current active one (requested -> active):
  custom:container-demuxer-ogg: 62fdf1f143b41e24485cea50d1cbac27 -> 
  custom:video-codec-MediaFoundation-h265: 746d11721c4dcdbdad8f713fa42b33f4 -> 
  custom:video-decoder-ogg-theora: a1e56fd34408186e4bbccfd4996cb3dc -> 
  custom:framework-win-MediaFoundation: 216162199b28c13a410421893ffa2e32 -> 
  custom:CustomObjectIndexerAttribute: 6d391050e5a25f67b0a2c618074f2cd9 -> 
  custom:container-demuxer-webm: 4f35f7cbe854078d1ac9338744f61a02 -> 
  custom:container-muxer-webm: aa71ff27fc2769a1b78a27578f13a17b -> 
  custom:video-decoder-webm-vp8: 9c59270c3fd7afecdb556c50c9e8de78 -> 
  custom:SearchIndexIgnoredProperties: e643bd26f0fe6173181afceb89e7c659 -> 
  custom:AudioImporter_EditorPlatform: d09bf68614088b80899f8185d706f6e7 -> 
  custom:video-encoder-webm-vp8: eb34c28f22e8b96e1ab97ce403110664 -> 
  custom:audio-decoder-ogg-vorbis: bf7c407c2cedff20999df2af8eb42d56 -> 
  custom:audio-encoder-webm-vorbis: bf7c407c2cedff20999df2af8eb42d56 -> 
========================================================================
Received Import Request.
  Time since last request: 44.655940 seconds.
  path: Assets/Scenes/Marcador2.unity
  artifactKey: Guid(67f1aea87d5405e4793bebc736094ee2) Importer(815301076,1909f56bfc062723c751e8b465ee728b)
Start importing Assets/Scenes/Marcador2.unity using Guid(67f1aea87d5405e4793bebc736094ee2) Importer(815301076,1909f56bfc062723c751e8b465ee728b)  -> (artifact id: 'deb7d4fbdc21b33cc980b6c65431f7c1') in 0.002558 seconds
Number of updated asset objects reloaded before import = 0
Number of asset objects unloaded after import = 0
========================================================================
Received Import Request.
  Time since last request: 155.297923 seconds.
  path: Assets/Scripts/ScoreManager.cs
  artifactKey: Guid(d4e2112844aaf364e84f3436961750df) Importer(815301076,1909f56bfc062723c751e8b465ee728b)
Start importing Assets/Scripts/ScoreManager.cs using Guid(d4e2112844aaf364e84f3436961750df) Importer(815301076,1909f56bfc062723c751e8b465ee728b)  -> (artifact id: 'd92b2103e849809579a8820b0a467b02') in 0.000965 seconds
Number of updated asset objects reloaded before import = 0
Number of asset objects unloaded after import = 0
========================================================================
Received Prepare
Begin MonoManager ReloadAssembly
DirectoryNotFoundException: Could not find a part of the path "C:\Users\ASUS\Desktop\Octavo Semestre\Sistemas Interactivos distribuidos\REPO ENTREGA 1\Sistemas_Interactivos\DeckCards\Library\PackageCache\com.unity.visualscripting@1.9.1\Editor\VisualScripting.Core\Dependencies\YamlDotNet\Unity.VisualScripting.YamlDotNet.dll"
  at System.IO.FileStream..ctor (System.String path, System.IO.FileMode mode, System.IO.FileAccess access, System.IO.FileShare share, System.Int32 bufferSize, System.Boolean anonymous, System.IO.FileOptions options) [0x0019e] in <dc753a1061284f8e971ee88ee4826eee>:0 
  at System.IO.FileStream..ctor (System.String path, System.IO.FileMode mode, System.IO.FileAccess access, System.IO.FileShare share) [0x00000] in <dc753a1061284f8e971ee88ee4826eee>:0 
  at (wrapper remoting-invoke-with-check) System.IO.FileStream..ctor(string,System.IO.FileMode,System.IO.FileAccess,System.IO.FileShare)
  at Mono.Cecil.ModuleDefinition.GetFileStream (System.String fileName, System.IO.FileMode mode, System.IO.FileAccess access, System.IO.FileShare share) [0x00006] in <a6860a9f6366437387ebdc1f225b7fd4>:0 
  at Mono.Cecil.ModuleDefinition.ReadModule (System.String fileName, Mono.Cecil.ReaderParameters parameters) [0x00008] in <a6860a9f6366437387ebdc1f225b7fd4>:0 
  at Mono.Cecil.AssemblyDefinition.ReadAssembly (System.String fileName, Mono.Cecil.ReaderParameters parameters) [0x00000] in <a6860a9f6366437387ebdc1f225b7fd4>:0 
  at UnityEditor.AssemblyValidation.LoadAssemblyDefinitions (System.String[] assemblyPaths, System.String[] searchPaths) [0x00048] in <5d5ebefe97114215928ac1d9cd096522>:0 
  at UnityEditor.AssemblyValidation.ValidateAssemblies (System.String[] assemblyPaths, System.Boolean enableLogging) [0x00007] in <5d5ebefe97114215928ac1d9cd096522>:0 

- Loaded All Assemblies, in  0.400 seconds
Refreshing native plugins compatible for Editor in 10.26 ms, found 6 plugins.
Native extension for WindowsStandalone target not found
Native extension for Android target not found
Native extension for WebGL target not found
[Package Manager] Server::EnsureServerProcessIsRunning -- launch failed, reason: Unity was launched with the -noUpm command-line argument
[Package Manager] UpmClient::Send -- Unable to send message (not connected to UPM process).
[Package Manager] Cannot connect to Unity Package Manager local server
Mono: successfully reloaded assembly
- Finished resetting the current domain, in  1.197 seconds
Domain Reload Profiling: 1593ms
	BeginReloadAssembly (172ms)
		ExecutionOrderSort (0ms)
		DisableScriptedObjects (4ms)
		BackupInstance (0ms)
		ReleaseScriptingObjects (0ms)
		CreateAndSetChildDomain (40ms)
	RebuildCommonClasses (33ms)
	RebuildNativeTypeToScriptingClass (10ms)
	initialDomainReloadingComplete (46ms)
	LoadAllAssembliesAndSetupDomain (134ms)
		LoadAssemblies (218ms)
		RebuildTransferFunctionScriptingTraits (0ms)
		AnalyzeDomain (13ms)
			TypeCache.Refresh (7ms)
				TypeCache.ScanAssembly (0ms)
			ScanForSourceGeneratedMonoScriptInfo (0ms)
			ResolveRequiredComponents (5ms)
	FinalizeReload (1198ms)
		ReleaseScriptCaches (0ms)
		RebuildScriptCaches (0ms)
		SetupLoadedEditorAssemblies (562ms)
			LogAssemblyErrors (0ms)
			InitializePlatformSupportModulesInManaged (37ms)
			SetLoadedEditorAssemblies (10ms)
			RefreshPlugins (0ms)
			BeforeProcessingInitializeOnLoad (82ms)
			ProcessInitializeOnLoadAttributes (392ms)
			ProcessInitializeOnLoadMethodAttributes (30ms)
			AfterProcessingInitializeOnLoad (10ms)
			EditorAssembliesLoaded (0ms)
		ExecutionOrderSort2 (0ms)
		AwakeInstancesAfterBackupRestoration (9ms)
Refreshing native plugins compatible for Editor in 12.25 ms, found 6 plugins.
Preloading 0 native plugins for Editor in 0.00 ms.
Unloading 3109 Unused Serialized files (Serialized files now loaded: 0)
Unloading 44 unused Assets / (39.9 KB). Loaded Objects now: 3639.
Memory consumption went from 159.5 MB to 159.5 MB.
Total: 3.722700 ms (FindLiveObjects: 0.309100 ms CreateObjectMapping: 0.095200 ms MarkObjects: 3.209600 ms  DeleteObjects: 0.107600 ms)

Prepare: number of updated asset objects reloaded= 0
AssetImportParameters requested are different than current active one (requested -> active):
  custom:container-demuxer-ogg: 62fdf1f143b41e24485cea50d1cbac27 -> 
  custom:video-codec-MediaFoundation-h265: 746d11721c4dcdbdad8f713fa42b33f4 -> 
  custom:video-decoder-ogg-theora: a1e56fd34408186e4bbccfd4996cb3dc -> 
  custom:framework-win-MediaFoundation: 216162199b28c13a410421893ffa2e32 -> 
  custom:CustomObjectIndexerAttribute: 6d391050e5a25f67b0a2c618074f2cd9 -> 
  custom:container-demuxer-webm: 4f35f7cbe854078d1ac9338744f61a02 -> 
  custom:container-muxer-webm: aa71ff27fc2769a1b78a27578f13a17b -> 
  custom:video-decoder-webm-vp8: 9c59270c3fd7afecdb556c50c9e8de78 -> 
  custom:SearchIndexIgnoredProperties: e643bd26f0fe6173181afceb89e7c659 -> 
  custom:AudioImporter_EditorPlatform: d09bf68614088b80899f8185d706f6e7 -> 
  custom:video-encoder-webm-vp8: eb34c28f22e8b96e1ab97ce403110664 -> 
  custom:audio-decoder-ogg-vorbis: bf7c407c2cedff20999df2af8eb42d56 -> 
  custom:audio-encoder-webm-vorbis: bf7c407c2cedff20999df2af8eb42d56 -> 
========================================================================
Received Import Request.
  Time since last request: 238.558346 seconds.
  path: Assets/Scenes/Marcador2.unity
  artifactKey: Guid(67f1aea87d5405e4793bebc736094ee2) Importer(815301076,1909f56bfc062723c751e8b465ee728b)
Start importing Assets/Scenes/Marcador2.unity using Guid(67f1aea87d5405e4793bebc736094ee2) Importer(815301076,1909f56bfc062723c751e8b465ee728b)  -> (artifact id: '19b71bd8c735b0d28e9dec66d49e0713') in 0.002439 seconds
Number of updated asset objects reloaded before import = 0
Number of asset objects unloaded after import = 0
========================================================================
Received Prepare
Begin MonoManager ReloadAssembly
DirectoryNotFoundException: Could not find a part of the path "C:\Users\ASUS\Desktop\Octavo Semestre\Sistemas Interactivos distribuidos\REPO ENTREGA 1\Sistemas_Interactivos\DeckCards\Library\PackageCache\com.unity.visualscripting@1.9.1\Editor\VisualScripting.Core\Dependencies\YamlDotNet\Unity.VisualScripting.YamlDotNet.dll"
  at System.IO.FileStream..ctor (System.String path, System.IO.FileMode mode, System.IO.FileAccess access, System.IO.FileShare share, System.Int32 bufferSize, System.Boolean anonymous, System.IO.FileOptions options) [0x0019e] in <dc753a1061284f8e971ee88ee4826eee>:0 
  at System.IO.FileStream..ctor (System.String path, System.IO.FileMode mode, System.IO.FileAccess access, System.IO.FileShare share) [0x00000] in <dc753a1061284f8e971ee88ee4826eee>:0 
  at (wrapper remoting-invoke-with-check) System.IO.FileStream..ctor(string,System.IO.FileMode,System.IO.FileAccess,System.IO.FileShare)
  at Mono.Cecil.ModuleDefinition.GetFileStream (System.String fileName, System.IO.FileMode mode, System.IO.FileAccess access, System.IO.FileShare share) [0x00006] in <a6860a9f6366437387ebdc1f225b7fd4>:0 
  at Mono.Cecil.ModuleDefinition.ReadModule (System.String fileName, Mono.Cecil.ReaderParameters parameters) [0x00008] in <a6860a9f6366437387ebdc1f225b7fd4>:0 
  at Mono.Cecil.AssemblyDefinition.ReadAssembly (System.String fileName, Mono.Cecil.ReaderParameters parameters) [0x00000] in <a6860a9f6366437387ebdc1f225b7fd4>:0 
  at UnityEditor.AssemblyValidation.LoadAssemblyDefinitions (System.String[] assemblyPaths, System.String[] searchPaths) [0x00048] in <5d5ebefe97114215928ac1d9cd096522>:0 
  at UnityEditor.AssemblyValidation.ValidateAssemblies (System.String[] assemblyPaths, System.Boolean enableLogging) [0x00007] in <5d5ebefe97114215928ac1d9cd096522>:0 

- Loaded All Assemblies, in  0.452 seconds
Refreshing native plugins compatible for Editor in 9.75 ms, found 6 plugins.
Native extension for WindowsStandalone target not found
Native extension for Android target not found
Native extension for WebGL target not found
[Package Manager] Server::EnsureServerProcessIsRunning -- launch failed, reason: Unity was launched with the -noUpm command-line argument
[Package Manager] UpmClient::Send -- Unable to send message (not connected to UPM process).
[Package Manager] Cannot connect to Unity Package Manager local server
Mono: successfully reloaded assembly
- Finished resetting the current domain, in  1.076 seconds
Domain Reload Profiling: 1524ms
	BeginReloadAssembly (199ms)
		ExecutionOrderSort (0ms)
		DisableScriptedObjects (5ms)
		BackupInstance (0ms)
		ReleaseScriptingObjects (0ms)
		CreateAndSetChildDomain (59ms)
	RebuildCommonClasses (42ms)
	RebuildNativeTypeToScriptingClass (13ms)
	initialDomainReloadingComplete (48ms)
	LoadAllAssembliesAndSetupDomain (145ms)
		LoadAssemblies (221ms)
		RebuildTransferFunctionScriptingTraits (0ms)
		AnalyzeDomain (24ms)
			TypeCache.Refresh (12ms)
				TypeCache.ScanAssembly (0ms)
			ScanForSourceGeneratedMonoScriptInfo (7ms)
			ResolveRequiredComponents (4ms)
	FinalizeReload (1077ms)
		ReleaseScriptCaches (0ms)
		RebuildScriptCaches (0ms)
		SetupLoadedEditorAssemblies (489ms)
			LogAssemblyErrors (0ms)
			InitializePlatformSupportModulesInManaged (34ms)
			SetLoadedEditorAssemblies (7ms)
			RefreshPlugins (0ms)
			BeforeProcessingInitializeOnLoad (69ms)
			ProcessInitializeOnLoadAttributes (342ms)
			ProcessInitializeOnLoadMethodAttributes (29ms)
			AfterProcessingInitializeOnLoad (8ms)
			EditorAssembliesLoaded (0ms)
		ExecutionOrderSort2 (0ms)
		AwakeInstancesAfterBackupRestoration (8ms)
Refreshing native plugins compatible for Editor in 10.32 ms, found 6 plugins.
Preloading 0 native plugins for Editor in 0.00 ms.
Unloading 3109 Unused Serialized files (Serialized files now loaded: 0)
Unloading 44 unused Assets / (38.9 KB). Loaded Objects now: 3642.
Memory consumption went from 161.4 MB to 161.4 MB.
Total: 3.300100 ms (FindLiveObjects: 0.700100 ms CreateObjectMapping: 0.107700 ms MarkObjects: 2.416100 ms  DeleteObjects: 0.075000 ms)

Prepare: number of updated asset objects reloaded= 0
AssetImportParameters requested are different than current active one (requested -> active):
  custom:container-demuxer-ogg: 62fdf1f143b41e24485cea50d1cbac27 -> 
  custom:video-codec-MediaFoundation-h265: 746d11721c4dcdbdad8f713fa42b33f4 -> 
  custom:video-decoder-ogg-theora: a1e56fd34408186e4bbccfd4996cb3dc -> 
  custom:framework-win-MediaFoundation: 216162199b28c13a410421893ffa2e32 -> 
  custom:CustomObjectIndexerAttribute: 6d391050e5a25f67b0a2c618074f2cd9 -> 
  custom:container-demuxer-webm: 4f35f7cbe854078d1ac9338744f61a02 -> 
  custom:container-muxer-webm: aa71ff27fc2769a1b78a27578f13a17b -> 
  custom:video-decoder-webm-vp8: 9c59270c3fd7afecdb556c50c9e8de78 -> 
  custom:SearchIndexIgnoredProperties: e643bd26f0fe6173181afceb89e7c659 -> 
  custom:AudioImporter_EditorPlatform: d09bf68614088b80899f8185d706f6e7 -> 
  custom:video-encoder-webm-vp8: eb34c28f22e8b96e1ab97ce403110664 -> 
  custom:audio-decoder-ogg-vorbis: bf7c407c2cedff20999df2af8eb42d56 -> 
  custom:audio-encoder-webm-vorbis: bf7c407c2cedff20999df2af8eb42d56 -> 
========================================================================
Received Prepare
Begin MonoManager ReloadAssembly
DirectoryNotFoundException: Could not find a part of the path "C:\Users\ASUS\Desktop\Octavo Semestre\Sistemas Interactivos distribuidos\REPO ENTREGA 1\Sistemas_Interactivos\DeckCards\Library\PackageCache\com.unity.visualscripting@1.9.1\Editor\VisualScripting.Core\Dependencies\YamlDotNet\Unity.VisualScripting.YamlDotNet.dll"
  at System.IO.FileStream..ctor (System.String path, System.IO.FileMode mode, System.IO.FileAccess access, System.IO.FileShare share, System.Int32 bufferSize, System.Boolean anonymous, System.IO.FileOptions options) [0x0019e] in <dc753a1061284f8e971ee88ee4826eee>:0 
  at System.IO.FileStream..ctor (System.String path, System.IO.FileMode mode, System.IO.FileAccess access, System.IO.FileShare share) [0x00000] in <dc753a1061284f8e971ee88ee4826eee>:0 
  at (wrapper remoting-invoke-with-check) System.IO.FileStream..ctor(string,System.IO.FileMode,System.IO.FileAccess,System.IO.FileShare)
  at Mono.Cecil.ModuleDefinition.GetFileStream (System.String fileName, System.IO.FileMode mode, System.IO.FileAccess access, System.IO.FileShare share) [0x00006] in <a6860a9f6366437387ebdc1f225b7fd4>:0 
  at Mono.Cecil.ModuleDefinition.ReadModule (System.String fileName, Mono.Cecil.ReaderParameters parameters) [0x00008] in <a6860a9f6366437387ebdc1f225b7fd4>:0 
  at Mono.Cecil.AssemblyDefinition.ReadAssembly (System.String fileName, Mono.Cecil.ReaderParameters parameters) [0x00000] in <a6860a9f6366437387ebdc1f225b7fd4>:0 
  at UnityEditor.AssemblyValidation.LoadAssemblyDefinitions (System.String[] assemblyPaths, System.String[] searchPaths) [0x00048] in <5d5ebefe97114215928ac1d9cd096522>:0 
  at UnityEditor.AssemblyValidation.ValidateAssemblies (System.String[] assemblyPaths, System.Boolean enableLogging) [0x00007] in <5d5ebefe97114215928ac1d9cd096522>:0 

- Loaded All Assemblies, in  0.439 seconds
Refreshing native plugins compatible for Editor in 10.01 ms, found 6 plugins.
Native extension for WindowsStandalone target not found
Native extension for Android target not found
Native extension for WebGL target not found
[Package Manager] Server::EnsureServerProcessIsRunning -- launch failed, reason: Unity was launched with the -noUpm command-line argument
[Package Manager] UpmClient::Send -- Unable to send message (not connected to UPM process).
[Package Manager] Cannot connect to Unity Package Manager local server
Mono: successfully reloaded assembly
- Finished resetting the current domain, in  1.043 seconds
Domain Reload Profiling: 1477ms
	BeginReloadAssembly (192ms)
		ExecutionOrderSort (0ms)
		DisableScriptedObjects (5ms)
		BackupInstance (0ms)
		ReleaseScriptingObjects (0ms)
		CreateAndSetChildDomain (42ms)
	RebuildCommonClasses (34ms)
	RebuildNativeTypeToScriptingClass (10ms)
	initialDomainReloadingComplete (44ms)
	LoadAllAssembliesAndSetupDomain (154ms)
		LoadAssemblies (235ms)
		RebuildTransferFunctionScriptingTraits (0ms)
		AnalyzeDomain (25ms)
			TypeCache.Refresh (12ms)
				TypeCache.ScanAssembly (1ms)
			ScanForSourceGeneratedMonoScriptInfo (8ms)
			ResolveRequiredComponents (4ms)
	FinalizeReload (1043ms)
		ReleaseScriptCaches (0ms)
		RebuildScriptCaches (0ms)
		SetupLoadedEditorAssemblies (461ms)
			LogAssemblyErrors (0ms)
			InitializePlatformSupportModulesInManaged (30ms)
			SetLoadedEditorAssemblies (10ms)
			RefreshPlugins (0ms)
			BeforeProcessingInitializeOnLoad (71ms)
			ProcessInitializeOnLoadAttributes (319ms)
			ProcessInitializeOnLoadMethodAttributes (23ms)
			AfterProcessingInitializeOnLoad (9ms)
			EditorAssembliesLoaded (0ms)
		ExecutionOrderSort2 (0ms)
		AwakeInstancesAfterBackupRestoration (7ms)
Refreshing native plugins compatible for Editor in 9.15 ms, found 6 plugins.
Preloading 0 native plugins for Editor in 0.00 ms.
Unloading 3110 Unused Serialized files (Serialized files now loaded: 0)
Unloading 44 unused Assets / (38.8 KB). Loaded Objects now: 3645.
Memory consumption went from 163.6 MB to 163.6 MB.
Total: 3.288300 ms (FindLiveObjects: 0.300800 ms CreateObjectMapping: 0.086000 ms MarkObjects: 2.831200 ms  DeleteObjects: 0.069300 ms)

Prepare: number of updated asset objects reloaded= 0
AssetImportParameters requested are different than current active one (requested -> active):
  custom:container-demuxer-ogg: 62fdf1f143b41e24485cea50d1cbac27 -> 
  custom:video-codec-MediaFoundation-h265: 746d11721c4dcdbdad8f713fa42b33f4 -> 
  custom:video-decoder-ogg-theora: a1e56fd34408186e4bbccfd4996cb3dc -> 
  custom:framework-win-MediaFoundation: 216162199b28c13a410421893ffa2e32 -> 
  custom:CustomObjectIndexerAttribute: 6d391050e5a25f67b0a2c618074f2cd9 -> 
  custom:container-demuxer-webm: 4f35f7cbe854078d1ac9338744f61a02 -> 
  custom:container-muxer-webm: aa71ff27fc2769a1b78a27578f13a17b -> 
  custom:video-decoder-webm-vp8: 9c59270c3fd7afecdb556c50c9e8de78 -> 
  custom:SearchIndexIgnoredProperties: e643bd26f0fe6173181afceb89e7c659 -> 
  custom:AudioImporter_EditorPlatform: d09bf68614088b80899f8185d706f6e7 -> 
  custom:video-encoder-webm-vp8: eb34c28f22e8b96e1ab97ce403110664 -> 
  custom:audio-decoder-ogg-vorbis: bf7c407c2cedff20999df2af8eb42d56 -> 
  custom:audio-encoder-webm-vorbis: bf7c407c2cedff20999df2af8eb42d56 -> 
========================================================================
Received Prepare
Begin MonoManager ReloadAssembly
DirectoryNotFoundException: Could not find a part of the path "C:\Users\ASUS\Desktop\Octavo Semestre\Sistemas Interactivos distribuidos\REPO ENTREGA 1\Sistemas_Interactivos\DeckCards\Library\PackageCache\com.unity.visualscripting@1.9.1\Editor\VisualScripting.Core\Dependencies\YamlDotNet\Unity.VisualScripting.YamlDotNet.dll"
  at System.IO.FileStream..ctor (System.String path, System.IO.FileMode mode, System.IO.FileAccess access, System.IO.FileShare share, System.Int32 bufferSize, System.Boolean anonymous, System.IO.FileOptions options) [0x0019e] in <dc753a1061284f8e971ee88ee4826eee>:0 
  at System.IO.FileStream..ctor (System.String path, System.IO.FileMode mode, System.IO.FileAccess access, System.IO.FileShare share) [0x00000] in <dc753a1061284f8e971ee88ee4826eee>:0 
  at (wrapper remoting-invoke-with-check) System.IO.FileStream..ctor(string,System.IO.FileMode,System.IO.FileAccess,System.IO.FileShare)
  at Mono.Cecil.ModuleDefinition.GetFileStream (System.String fileName, System.IO.FileMode mode, System.IO.FileAccess access, System.IO.FileShare share) [0x00006] in <a6860a9f6366437387ebdc1f225b7fd4>:0 
  at Mono.Cecil.ModuleDefinition.ReadModule (System.String fileName, Mono.Cecil.ReaderParameters parameters) [0x00008] in <a6860a9f6366437387ebdc1f225b7fd4>:0 
  at Mono.Cecil.AssemblyDefinition.ReadAssembly (System.String fileName, Mono.Cecil.ReaderParameters parameters) [0x00000] in <a6860a9f6366437387ebdc1f225b7fd4>:0 
  at UnityEditor.AssemblyValidation.LoadAssemblyDefinitions (System.String[] assemblyPaths, System.String[] searchPaths) [0x00048] in <5d5ebefe97114215928ac1d9cd096522>:0 
  at UnityEditor.AssemblyValidation.ValidateAssemblies (System.String[] assemblyPaths, System.Boolean enableLogging) [0x00007] in <5d5ebefe97114215928ac1d9cd096522>:0 

- Loaded All Assemblies, in  0.501 seconds
Refreshing native plugins compatible for Editor in 10.67 ms, found 6 plugins.
Native extension for WindowsStandalone target not found
Native extension for Android target not found
Native extension for WebGL target not found
[Package Manager] Server::EnsureServerProcessIsRunning -- launch failed, reason: Unity was launched with the -noUpm command-line argument
[Package Manager] UpmClient::Send -- Unable to send message (not connected to UPM process).
[Package Manager] Cannot connect to Unity Package Manager local server
Mono: successfully reloaded assembly
- Finished resetting the current domain, in  1.067 seconds
Domain Reload Profiling: 1563ms
	BeginReloadAssembly (232ms)
		ExecutionOrderSort (0ms)
		DisableScriptedObjects (7ms)
		BackupInstance (0ms)
		ReleaseScriptingObjects (0ms)
		CreateAndSetChildDomain (66ms)
	RebuildCommonClasses (38ms)
	RebuildNativeTypeToScriptingClass (11ms)
	initialDomainReloadingComplete (56ms)
	LoadAllAssembliesAndSetupDomain (158ms)
		LoadAssemblies (249ms)
		RebuildTransferFunctionScriptingTraits (0ms)
		AnalyzeDomain (23ms)
			TypeCache.Refresh (10ms)
				TypeCache.ScanAssembly (0ms)
			ScanForSourceGeneratedMonoScriptInfo (7ms)
			ResolveRequiredComponents (4ms)
	FinalizeReload (1067ms)
		ReleaseScriptCaches (0ms)
		RebuildScriptCaches (0ms)
		SetupLoadedEditorAssemblies (461ms)
			LogAssemblyErrors (0ms)
			InitializePlatformSupportModulesInManaged (29ms)
			SetLoadedEditorAssemblies (7ms)
			RefreshPlugins (0ms)
			BeforeProcessingInitializeOnLoad (72ms)
			ProcessInitializeOnLoadAttributes (320ms)
			ProcessInitializeOnLoadMethodAttributes (24ms)
			AfterProcessingInitializeOnLoad (9ms)
			EditorAssembliesLoaded (0ms)
		ExecutionOrderSort2 (0ms)
		AwakeInstancesAfterBackupRestoration (8ms)
Refreshing native plugins compatible for Editor in 9.31 ms, found 6 plugins.
Preloading 0 native plugins for Editor in 0.00 ms.
Unloading 3110 Unused Serialized files (Serialized files now loaded: 0)
Unloading 44 unused Assets / (38.9 KB). Loaded Objects now: 3648.
Memory consumption went from 165.5 MB to 165.5 MB.
Total: 3.395800 ms (FindLiveObjects: 0.329600 ms CreateObjectMapping: 0.088300 ms MarkObjects: 2.912400 ms  DeleteObjects: 0.064400 ms)

Prepare: number of updated asset objects reloaded= 0
AssetImportParameters requested are different than current active one (requested -> active):
  custom:container-demuxer-ogg: 62fdf1f143b41e24485cea50d1cbac27 -> 
  custom:video-codec-MediaFoundation-h265: 746d11721c4dcdbdad8f713fa42b33f4 -> 
  custom:video-decoder-ogg-theora: a1e56fd34408186e4bbccfd4996cb3dc -> 
  custom:framework-win-MediaFoundation: 216162199b28c13a410421893ffa2e32 -> 
  custom:CustomObjectIndexerAttribute: 6d391050e5a25f67b0a2c618074f2cd9 -> 
  custom:container-demuxer-webm: 4f35f7cbe854078d1ac9338744f61a02 -> 
  custom:container-muxer-webm: aa71ff27fc2769a1b78a27578f13a17b -> 
  custom:video-decoder-webm-vp8: 9c59270c3fd7afecdb556c50c9e8de78 -> 
  custom:SearchIndexIgnoredProperties: e643bd26f0fe6173181afceb89e7c659 -> 
  custom:AudioImporter_EditorPlatform: d09bf68614088b80899f8185d706f6e7 -> 
  custom:video-encoder-webm-vp8: eb34c28f22e8b96e1ab97ce403110664 -> 
  custom:audio-decoder-ogg-vorbis: bf7c407c2cedff20999df2af8eb42d56 -> 
  custom:audio-encoder-webm-vorbis: bf7c407c2cedff20999df2af8eb42d56 -> 
========================================================================
Received Import Request.
  Time since last request: 81.653528 seconds.
  path: Assets/Scripts/FirebaseCode/LeaderboardManager.cs
  artifactKey: Guid(1a66a2345655f2b41ab45bb2c7f9cfb8) Importer(815301076,1909f56bfc062723c751e8b465ee728b)
Start importing Assets/Scripts/FirebaseCode/LeaderboardManager.cs using Guid(1a66a2345655f2b41ab45bb2c7f9cfb8) Importer(815301076,1909f56bfc062723c751e8b465ee728b)  -> (artifact id: 'bf48e0fc71a0e3150a72019a7410fb27') in 0.003779 seconds
Number of updated asset objects reloaded before import = 0
Number of asset objects unloaded after import = 0
========================================================================
Received Import Request.
  Time since last request: 13.049065 seconds.
  path: Assets/Scripts/FirebaseCode/LeaderboardSimple.cs
  artifactKey: Guid(1a66a2345655f2b41ab45bb2c7f9cfb8) Importer(815301076,1909f56bfc062723c751e8b465ee728b)
Start importing Assets/Scripts/FirebaseCode/LeaderboardSimple.cs using Guid(1a66a2345655f2b41ab45bb2c7f9cfb8) Importer(815301076,1909f56bfc062723c751e8b465ee728b)  -> (artifact id: '5107ceec531a91a8daf822b3b37fa97a') in 0.001419 seconds
Number of updated asset objects reloaded before import = 0
Number of asset objects unloaded after import = 0
========================================================================
Received Prepare
Begin MonoManager ReloadAssembly
DirectoryNotFoundException: Could not find a part of the path "C:\Users\ASUS\Desktop\Octavo Semestre\Sistemas Interactivos distribuidos\REPO ENTREGA 1\Sistemas_Interactivos\DeckCards\Library\PackageCache\com.unity.visualscripting@1.9.1\Editor\VisualScripting.Core\Dependencies\YamlDotNet\Unity.VisualScripting.YamlDotNet.dll"
  at System.IO.FileStream..ctor (System.String path, System.IO.FileMode mode, System.IO.FileAccess access, System.IO.FileShare share, System.Int32 bufferSize, System.Boolean anonymous, System.IO.FileOptions options) [0x0019e] in <dc753a1061284f8e971ee88ee4826eee>:0 
  at System.IO.FileStream..ctor (System.String path, System.IO.FileMode mode, System.IO.FileAccess access, System.IO.FileShare share) [0x00000] in <dc753a1061284f8e971ee88ee4826eee>:0 
  at (wrapper remoting-invoke-with-check) System.IO.FileStream..ctor(string,System.IO.FileMode,System.IO.FileAccess,System.IO.FileShare)
  at Mono.Cecil.ModuleDefinition.GetFileStream (System.String fileName, System.IO.FileMode mode, System.IO.FileAccess access, System.IO.FileShare share) [0x00006] in <a6860a9f6366437387ebdc1f225b7fd4>:0 
  at Mono.Cecil.ModuleDefinition.ReadModule (System.String fileName, Mono.Cecil.ReaderParameters parameters) [0x00008] in <a6860a9f6366437387ebdc1f225b7fd4>:0 
  at Mono.Cecil.AssemblyDefinition.ReadAssembly (System.String fileName, Mono.Cecil.ReaderParameters parameters) [0x00000] in <a6860a9f6366437387ebdc1f225b7fd4>:0 
  at UnityEditor.AssemblyValidation.LoadAssemblyDefinitions (System.String[] assemblyPaths, System.String[] searchPaths) [0x00048] in <5d5ebefe97114215928ac1d9cd096522>:0 
  at UnityEditor.AssemblyValidation.ValidateAssemblies (System.String[] assemblyPaths, System.Boolean enableLogging) [0x00007] in <5d5ebefe97114215928ac1d9cd096522>:0 

- Loaded All Assemblies, in  0.495 seconds
Refreshing native plugins compatible for Editor in 10.00 ms, found 6 plugins.
Native extension for WindowsStandalone target not found
Native extension for Android target not found
Native extension for WebGL target not found
[Package Manager] Server::EnsureServerProcessIsRunning -- launch failed, reason: Unity was launched with the -noUpm command-line argument
[Package Manager] UpmClient::Send -- Unable to send message (not connected to UPM process).
[Package Manager] Cannot connect to Unity Package Manager local server
Mono: successfully reloaded assembly
- Finished resetting the current domain, in  1.206 seconds
Domain Reload Profiling: 1697ms
	BeginReloadAssembly (217ms)
		ExecutionOrderSort (0ms)
		DisableScriptedObjects (5ms)
		BackupInstance (0ms)
		ReleaseScriptingObjects (0ms)
		CreateAndSetChildDomain (54ms)
	RebuildCommonClasses (36ms)
	RebuildNativeTypeToScriptingClass (12ms)
	initialDomainReloadingComplete (48ms)
	LoadAllAssembliesAndSetupDomain (177ms)
		LoadAssemblies (274ms)
		RebuildTransferFunctionScriptingTraits (0ms)
		AnalyzeDomain (23ms)
			TypeCache.Refresh (10ms)
				TypeCache.ScanAssembly (0ms)
			ScanForSourceGeneratedMonoScriptInfo (7ms)
			ResolveRequiredComponents (4ms)
	FinalizeReload (1206ms)
		ReleaseScriptCaches (0ms)
		RebuildScriptCaches (0ms)
		SetupLoadedEditorAssemblies (481ms)
			LogAssemblyErrors (0ms)
			InitializePlatformSupportModulesInManaged (33ms)
			SetLoadedEditorAssemblies (7ms)
			RefreshPlugins (0ms)
			BeforeProcessingInitializeOnLoad (71ms)
			ProcessInitializeOnLoadAttributes (337ms)
			ProcessInitializeOnLoadMethodAttributes (22ms)
			AfterProcessingInitializeOnLoad (11ms)
			EditorAssembliesLoaded (0ms)
		ExecutionOrderSort2 (0ms)
		AwakeInstancesAfterBackupRestoration (8ms)
Refreshing native plugins compatible for Editor in 11.59 ms, found 6 plugins.
Preloading 0 native plugins for Editor in 0.00 ms.
Unloading 3109 Unused Serialized files (Serialized files now loaded: 0)
Unloading 44 unused Assets / (39.9 KB). Loaded Objects now: 3651.
Memory consumption went from 167.2 MB to 167.2 MB.
Total: 3.862800 ms (FindLiveObjects: 0.399600 ms CreateObjectMapping: 0.112400 ms MarkObjects: 3.262900 ms  DeleteObjects: 0.086500 ms)

Prepare: number of updated asset objects reloaded= 0
AssetImportParameters requested are different than current active one (requested -> active):
  custom:container-demuxer-ogg: 62fdf1f143b41e24485cea50d1cbac27 -> 
  custom:video-codec-MediaFoundation-h265: 746d11721c4dcdbdad8f713fa42b33f4 -> 
  custom:video-decoder-ogg-theora: a1e56fd34408186e4bbccfd4996cb3dc -> 
  custom:framework-win-MediaFoundation: 216162199b28c13a410421893ffa2e32 -> 
  custom:CustomObjectIndexerAttribute: 6d391050e5a25f67b0a2c618074f2cd9 -> 
  custom:container-demuxer-webm: 4f35f7cbe854078d1ac9338744f61a02 -> 
  custom:container-muxer-webm: aa71ff27fc2769a1b78a27578f13a17b -> 
  custom:video-decoder-webm-vp8: 9c59270c3fd7afecdb556c50c9e8de78 -> 
  custom:SearchIndexIgnoredProperties: e643bd26f0fe6173181afceb89e7c659 -> 
  custom:AudioImporter_EditorPlatform: d09bf68614088b80899f8185d706f6e7 -> 
  custom:video-encoder-webm-vp8: eb34c28f22e8b96e1ab97ce403110664 -> 
  custom:audio-decoder-ogg-vorbis: bf7c407c2cedff20999df2af8eb42d56 -> 
  custom:audio-encoder-webm-vorbis: bf7c407c2cedff20999df2af8eb42d56 -> 
========================================================================
Received Import Request.
  Time since last request: 6.775713 seconds.
  path: Assets/Scripts/FirebaseCode/LeaderboardSimple.cs
  artifactKey: Guid(1a66a2345655f2b41ab45bb2c7f9cfb8) Importer(815301076,1909f56bfc062723c751e8b465ee728b)
Start importing Assets/Scripts/FirebaseCode/LeaderboardSimple.cs using Guid(1a66a2345655f2b41ab45bb2c7f9cfb8) Importer(815301076,1909f56bfc062723c751e8b465ee728b)  -> (artifact id: 'fd9757a38b9102a450703d6910c43812') in 0.003496 seconds
Number of updated asset objects reloaded before import = 0
Number of asset objects unloaded after import = 0
========================================================================
Received Prepare
Begin MonoManager ReloadAssembly
DirectoryNotFoundException: Could not find a part of the path "C:\Users\ASUS\Desktop\Octavo Semestre\Sistemas Interactivos distribuidos\REPO ENTREGA 1\Sistemas_Interactivos\DeckCards\Library\PackageCache\com.unity.visualscripting@1.9.1\Editor\VisualScripting.Core\Dependencies\YamlDotNet\Unity.VisualScripting.YamlDotNet.dll"
  at System.IO.FileStream..ctor (System.String path, System.IO.FileMode mode, System.IO.FileAccess access, System.IO.FileShare share, System.Int32 bufferSize, System.Boolean anonymous, System.IO.FileOptions options) [0x0019e] in <dc753a1061284f8e971ee88ee4826eee>:0 
  at System.IO.FileStream..ctor (System.String path, System.IO.FileMode mode, System.IO.FileAccess access, System.IO.FileShare share) [0x00000] in <dc753a1061284f8e971ee88ee4826eee>:0 
  at (wrapper remoting-invoke-with-check) System.IO.FileStream..ctor(string,System.IO.FileMode,System.IO.FileAccess,System.IO.FileShare)
  at Mono.Cecil.ModuleDefinition.GetFileStream (System.String fileName, System.IO.FileMode mode, System.IO.FileAccess access, System.IO.FileShare share) [0x00006] in <a6860a9f6366437387ebdc1f225b7fd4>:0 
  at Mono.Cecil.ModuleDefinition.ReadModule (System.String fileName, Mono.Cecil.ReaderParameters parameters) [0x00008] in <a6860a9f6366437387ebdc1f225b7fd4>:0 
  at Mono.Cecil.AssemblyDefinition.ReadAssembly (System.String fileName, Mono.Cecil.ReaderParameters parameters) [0x00000] in <a6860a9f6366437387ebdc1f225b7fd4>:0 
  at UnityEditor.AssemblyValidation.LoadAssemblyDefinitions (System.String[] assemblyPaths, System.String[] searchPaths) [0x00048] in <5d5ebefe97114215928ac1d9cd096522>:0 
  at UnityEditor.AssemblyValidation.ValidateAssemblies (System.String[] assemblyPaths, System.Boolean enableLogging) [0x00007] in <5d5ebefe97114215928ac1d9cd096522>:0 

- Loaded All Assemblies, in  0.407 seconds
Refreshing native plugins compatible for Editor in 10.50 ms, found 6 plugins.
Native extension for WindowsStandalone target not found
Native extension for Android target not found
Native extension for WebGL target not found
[Package Manager] Server::EnsureServerProcessIsRunning -- launch failed, reason: Unity was launched with the -noUpm command-line argument
[Package Manager] UpmClient::Send -- Unable to send message (not connected to UPM process).
[Package Manager] Cannot connect to Unity Package Manager local server
Mono: successfully reloaded assembly
- Finished resetting the current domain, in  1.205 seconds
Domain Reload Profiling: 1608ms
	BeginReloadAssembly (176ms)
		ExecutionOrderSort (0ms)
		DisableScriptedObjects (4ms)
		BackupInstance (0ms)
		ReleaseScriptingObjects (0ms)
		CreateAndSetChildDomain (41ms)
	RebuildCommonClasses (34ms)
	RebuildNativeTypeToScriptingClass (13ms)
	initialDomainReloadingComplete (43ms)
	LoadAllAssembliesAndSetupDomain (137ms)
		LoadAssemblies (215ms)
		RebuildTransferFunctionScriptingTraits (0ms)
		AnalyzeDomain (16ms)
			TypeCache.Refresh (8ms)
				TypeCache.ScanAssembly (0ms)
			ScanForSourceGeneratedMonoScriptInfo (0ms)
			ResolveRequiredComponents (6ms)
	FinalizeReload (1206ms)
		ReleaseScriptCaches (0ms)
		RebuildScriptCaches (0ms)
		SetupLoadedEditorAssemblies (602ms)
			LogAssemblyErrors (0ms)
			InitializePlatformSupportModulesInManaged (41ms)
			SetLoadedEditorAssemblies (8ms)
			RefreshPlugins (0ms)
			BeforeProcessingInitializeOnLoad (85ms)
			ProcessInitializeOnLoadAttributes (428ms)
			ProcessInitializeOnLoadMethodAttributes (30ms)
			AfterProcessingInitializeOnLoad (10ms)
			EditorAssembliesLoaded (1ms)
		ExecutionOrderSort2 (0ms)
		AwakeInstancesAfterBackupRestoration (11ms)
Refreshing native plugins compatible for Editor in 12.38 ms, found 6 plugins.
Preloading 0 native plugins for Editor in 0.00 ms.
Unloading 3109 Unused Serialized files (Serialized files now loaded: 0)
Unloading 44 unused Assets / (39.0 KB). Loaded Objects now: 3654.
Memory consumption went from 169.1 MB to 169.1 MB.
Total: 4.183000 ms (FindLiveObjects: 0.302900 ms CreateObjectMapping: 0.101700 ms MarkObjects: 3.521700 ms  DeleteObjects: 0.254500 ms)

Prepare: number of updated asset objects reloaded= 0
AssetImportParameters requested are different than current active one (requested -> active):
  custom:container-demuxer-ogg: 62fdf1f143b41e24485cea50d1cbac27 -> 
  custom:video-codec-MediaFoundation-h265: 746d11721c4dcdbdad8f713fa42b33f4 -> 
  custom:video-decoder-ogg-theora: a1e56fd34408186e4bbccfd4996cb3dc -> 
  custom:framework-win-MediaFoundation: 216162199b28c13a410421893ffa2e32 -> 
  custom:CustomObjectIndexerAttribute: 6d391050e5a25f67b0a2c618074f2cd9 -> 
  custom:container-demuxer-webm: 4f35f7cbe854078d1ac9338744f61a02 -> 
  custom:container-muxer-webm: aa71ff27fc2769a1b78a27578f13a17b -> 
  custom:video-decoder-webm-vp8: 9c59270c3fd7afecdb556c50c9e8de78 -> 
  custom:SearchIndexIgnoredProperties: e643bd26f0fe6173181afceb89e7c659 -> 
  custom:AudioImporter_EditorPlatform: d09bf68614088b80899f8185d706f6e7 -> 
  custom:video-encoder-webm-vp8: eb34c28f22e8b96e1ab97ce403110664 -> 
  custom:audio-decoder-ogg-vorbis: bf7c407c2cedff20999df2af8eb42d56 -> 
  custom:audio-encoder-webm-vorbis: bf7c407c2cedff20999df2af8eb42d56 -> 
========================================================================
Received Prepare
Begin MonoManager ReloadAssembly
DirectoryNotFoundException: Could not find a part of the path "C:\Users\ASUS\Desktop\Octavo Semestre\Sistemas Interactivos distribuidos\REPO ENTREGA 1\Sistemas_Interactivos\DeckCards\Library\PackageCache\com.unity.visualscripting@1.9.1\Editor\VisualScripting.Core\Dependencies\YamlDotNet\Unity.VisualScripting.YamlDotNet.dll"
  at System.IO.FileStream..ctor (System.String path, System.IO.FileMode mode, System.IO.FileAccess access, System.IO.FileShare share, System.Int32 bufferSize, System.Boolean anonymous, System.IO.FileOptions options) [0x0019e] in <dc753a1061284f8e971ee88ee4826eee>:0 
  at System.IO.FileStream..ctor (System.String path, System.IO.FileMode mode, System.IO.FileAccess access, System.IO.FileShare share) [0x00000] in <dc753a1061284f8e971ee88ee4826eee>:0 
  at (wrapper remoting-invoke-with-check) System.IO.FileStream..ctor(string,System.IO.FileMode,System.IO.FileAccess,System.IO.FileShare)
  at Mono.Cecil.ModuleDefinition.GetFileStream (System.String fileName, System.IO.FileMode mode, System.IO.FileAccess access, System.IO.FileShare share) [0x00006] in <a6860a9f6366437387ebdc1f225b7fd4>:0 
  at Mono.Cecil.ModuleDefinition.ReadModule (System.String fileName, Mono.Cecil.ReaderParameters parameters) [0x00008] in <a6860a9f6366437387ebdc1f225b7fd4>:0 
  at Mono.Cecil.AssemblyDefinition.ReadAssembly (System.String fileName, Mono.Cecil.ReaderParameters parameters) [0x00000] in <a6860a9f6366437387ebdc1f225b7fd4>:0 
  at UnityEditor.AssemblyValidation.LoadAssemblyDefinitions (System.String[] assemblyPaths, System.String[] searchPaths) [0x00048] in <5d5ebefe97114215928ac1d9cd096522>:0 
  at UnityEditor.AssemblyValidation.ValidateAssemblies (System.String[] assemblyPaths, System.Boolean enableLogging) [0x00007] in <5d5ebefe97114215928ac1d9cd096522>:0 

- Loaded All Assemblies, in  0.634 seconds
Refreshing native plugins compatible for Editor in 9.95 ms, found 6 plugins.
Native extension for WindowsStandalone target not found
Native extension for Android target not found
Native extension for WebGL target not found
[Package Manager] Server::EnsureServerProcessIsRunning -- launch failed, reason: Unity was launched with the -noUpm command-line argument
[Package Manager] UpmClient::Send -- Unable to send message (not connected to UPM process).
[Package Manager] Cannot connect to Unity Package Manager local server
Mono: successfully reloaded assembly
- Finished resetting the current domain, in  1.202 seconds
Domain Reload Profiling: 1827ms
	BeginReloadAssembly (293ms)
		ExecutionOrderSort (0ms)
		DisableScriptedObjects (5ms)
		BackupInstance (0ms)
		ReleaseScriptingObjects (0ms)
		CreateAndSetChildDomain (51ms)
	RebuildCommonClasses (58ms)
	RebuildNativeTypeToScriptingClass (16ms)
	initialDomainReloadingComplete (84ms)
	LoadAllAssembliesAndSetupDomain (174ms)
		LoadAssemblies (350ms)
		RebuildTransferFunctionScriptingTraits (0ms)
		AnalyzeDomain (25ms)
			TypeCache.Refresh (12ms)
				TypeCache.ScanAssembly (0ms)
			ScanForSourceGeneratedMonoScriptInfo (6ms)
			ResolveRequiredComponents (4ms)
	FinalizeReload (1202ms)
		ReleaseScriptCaches (0ms)
		RebuildScriptCaches (0ms)
		SetupLoadedEditorAssemblies (561ms)
			LogAssemblyErrors (0ms)
			InitializePlatformSupportModulesInManaged (34ms)
			SetLoadedEditorAssemblies (7ms)
			RefreshPlugins (0ms)
			BeforeProcessingInitializeOnLoad (80ms)
			ProcessInitializeOnLoadAttributes (402ms)
			ProcessInitializeOnLoadMethodAttributes (27ms)
			AfterProcessingInitializeOnLoad (10ms)
			EditorAssembliesLoaded (0ms)
		ExecutionOrderSort2 (0ms)
		AwakeInstancesAfterBackupRestoration (8ms)
Refreshing native plugins compatible for Editor in 10.70 ms, found 6 plugins.
Preloading 0 native plugins for Editor in 0.00 ms.
Unloading 3110 Unused Serialized files (Serialized files now loaded: 0)
Unloading 44 unused Assets / (38.9 KB). Loaded Objects now: 3657.
Memory consumption went from 171.3 MB to 171.3 MB.
Total: 4.148700 ms (FindLiveObjects: 0.752300 ms CreateObjectMapping: 0.168600 ms MarkObjects: 3.131600 ms  DeleteObjects: 0.094400 ms)

Prepare: number of updated asset objects reloaded= 0
AssetImportParameters requested are different than current active one (requested -> active):
  custom:container-demuxer-ogg: 62fdf1f143b41e24485cea50d1cbac27 -> 
  custom:video-codec-MediaFoundation-h265: 746d11721c4dcdbdad8f713fa42b33f4 -> 
  custom:video-decoder-ogg-theora: a1e56fd34408186e4bbccfd4996cb3dc -> 
  custom:framework-win-MediaFoundation: 216162199b28c13a410421893ffa2e32 -> 
  custom:CustomObjectIndexerAttribute: 6d391050e5a25f67b0a2c618074f2cd9 -> 
  custom:container-demuxer-webm: 4f35f7cbe854078d1ac9338744f61a02 -> 
  custom:container-muxer-webm: aa71ff27fc2769a1b78a27578f13a17b -> 
  custom:video-decoder-webm-vp8: 9c59270c3fd7afecdb556c50c9e8de78 -> 
  custom:SearchIndexIgnoredProperties: e643bd26f0fe6173181afceb89e7c659 -> 
  custom:AudioImporter_EditorPlatform: d09bf68614088b80899f8185d706f6e7 -> 
  custom:video-encoder-webm-vp8: eb34c28f22e8b96e1ab97ce403110664 -> 
  custom:audio-decoder-ogg-vorbis: bf7c407c2cedff20999df2af8eb42d56 -> 
  custom:audio-encoder-webm-vorbis: bf7c407c2cedff20999df2af8eb42d56 -> 
========================================================================
Received Prepare
Begin MonoManager ReloadAssembly
DirectoryNotFoundException: Could not find a part of the path "C:\Users\ASUS\Desktop\Octavo Semestre\Sistemas Interactivos distribuidos\REPO ENTREGA 1\Sistemas_Interactivos\DeckCards\Library\PackageCache\com.unity.visualscripting@1.9.1\Editor\VisualScripting.Core\Dependencies\YamlDotNet\Unity.VisualScripting.YamlDotNet.dll"
  at System.IO.FileStream..ctor (System.String path, System.IO.FileMode mode, System.IO.FileAccess access, System.IO.FileShare share, System.Int32 bufferSize, System.Boolean anonymous, System.IO.FileOptions options) [0x0019e] in <dc753a1061284f8e971ee88ee4826eee>:0 
  at System.IO.FileStream..ctor (System.String path, System.IO.FileMode mode, System.IO.FileAccess access, System.IO.FileShare share) [0x00000] in <dc753a1061284f8e971ee88ee4826eee>:0 
  at (wrapper remoting-invoke-with-check) System.IO.FileStream..ctor(string,System.IO.FileMode,System.IO.FileAccess,System.IO.FileShare)
  at Mono.Cecil.ModuleDefinition.GetFileStream (System.String fileName, System.IO.FileMode mode, System.IO.FileAccess access, System.IO.FileShare share) [0x00006] in <a6860a9f6366437387ebdc1f225b7fd4>:0 
  at Mono.Cecil.ModuleDefinition.ReadModule (System.String fileName, Mono.Cecil.ReaderParameters parameters) [0x00008] in <a6860a9f6366437387ebdc1f225b7fd4>:0 
  at Mono.Cecil.AssemblyDefinition.ReadAssembly (System.String fileName, Mono.Cecil.ReaderParameters parameters) [0x00000] in <a6860a9f6366437387ebdc1f225b7fd4>:0 
  at UnityEditor.AssemblyValidation.LoadAssemblyDefinitions (System.String[] assemblyPaths, System.String[] searchPaths) [0x00048] in <5d5ebefe97114215928ac1d9cd096522>:0 
  at UnityEditor.AssemblyValidation.ValidateAssemblies (System.String[] assemblyPaths, System.Boolean enableLogging) [0x00007] in <5d5ebefe97114215928ac1d9cd096522>:0 

- Loaded All Assemblies, in  0.439 seconds
Refreshing native plugins compatible for Editor in 10.73 ms, found 6 plugins.
Native extension for WindowsStandalone target not found
Native extension for Android target not found
Native extension for WebGL target not found
[Package Manager] Server::EnsureServerProcessIsRunning -- launch failed, reason: Unity was launched with the -noUpm command-line argument
[Package Manager] UpmClient::Send -- Unable to send message (not connected to UPM process).
[Package Manager] Cannot connect to Unity Package Manager local server
Mono: successfully reloaded assembly
- Finished resetting the current domain, in  1.295 seconds
Domain Reload Profiling: 1729ms
	BeginReloadAssembly (199ms)
		ExecutionOrderSort (0ms)
		DisableScriptedObjects (7ms)
		BackupInstance (0ms)
		ReleaseScriptingObjects (0ms)
		CreateAndSetChildDomain (47ms)
	RebuildCommonClasses (41ms)
	RebuildNativeTypeToScriptingClass (9ms)
	initialDomainReloadingComplete (39ms)
	LoadAllAssembliesAndSetupDomain (146ms)
		LoadAssemblies (225ms)
		RebuildTransferFunctionScriptingTraits (0ms)
		AnalyzeDomain (29ms)
			TypeCache.Refresh (11ms)
				TypeCache.ScanAssembly (1ms)
			ScanForSourceGeneratedMonoScriptInfo (10ms)
			ResolveRequiredComponents (5ms)
	FinalizeReload (1295ms)
		ReleaseScriptCaches (0ms)
		RebuildScriptCaches (0ms)
		SetupLoadedEditorAssemblies (546ms)
			LogAssemblyErrors (0ms)
			InitializePlatformSupportModulesInManaged (37ms)
			SetLoadedEditorAssemblies (8ms)
			RefreshPlugins (0ms)
			BeforeProcessingInitializeOnLoad (79ms)
			ProcessInitializeOnLoadAttributes (385ms)
			ProcessInitializeOnLoadMethodAttributes (27ms)
			AfterProcessingInitializeOnLoad (10ms)
			EditorAssembliesLoaded (0ms)
		ExecutionOrderSort2 (0ms)
		AwakeInstancesAfterBackupRestoration (7ms)
Refreshing native plugins compatible for Editor in 10.25 ms, found 6 plugins.
Preloading 0 native plugins for Editor in 0.00 ms.
Unloading 3110 Unused Serialized files (Serialized files now loaded: 0)
Unloading 44 unused Assets / (39.9 KB). Loaded Objects now: 3660.
Memory consumption went from 173.2 MB to 173.2 MB.
Total: 4.621200 ms (FindLiveObjects: 0.450100 ms CreateObjectMapping: 0.139700 ms MarkObjects: 3.903000 ms  DeleteObjects: 0.126800 ms)

Prepare: number of updated asset objects reloaded= 0
AssetImportParameters requested are different than current active one (requested -> active):
  custom:container-demuxer-ogg: 62fdf1f143b41e24485cea50d1cbac27 -> 
  custom:video-codec-MediaFoundation-h265: 746d11721c4dcdbdad8f713fa42b33f4 -> 
  custom:video-decoder-ogg-theora: a1e56fd34408186e4bbccfd4996cb3dc -> 
  custom:framework-win-MediaFoundation: 216162199b28c13a410421893ffa2e32 -> 
  custom:CustomObjectIndexerAttribute: 6d391050e5a25f67b0a2c618074f2cd9 -> 
  custom:container-demuxer-webm: 4f35f7cbe854078d1ac9338744f61a02 -> 
  custom:container-muxer-webm: aa71ff27fc2769a1b78a27578f13a17b -> 
  custom:video-decoder-webm-vp8: 9c59270c3fd7afecdb556c50c9e8de78 -> 
  custom:SearchIndexIgnoredProperties: e643bd26f0fe6173181afceb89e7c659 -> 
  custom:AudioImporter_EditorPlatform: d09bf68614088b80899f8185d706f6e7 -> 
  custom:video-encoder-webm-vp8: eb34c28f22e8b96e1ab97ce403110664 -> 
  custom:audio-decoder-ogg-vorbis: bf7c407c2cedff20999df2af8eb42d56 -> 
  custom:audio-encoder-webm-vorbis: bf7c407c2cedff20999df2af8eb42d56 -> 
========================================================================
Received Import Request.
  Time since last request: 191.768497 seconds.
  path: Assets/Scenes/Jueguito.unity
  artifactKey: Guid(a9f1b0365b30d9244b37255dadfe4297) Importer(815301076,1909f56bfc062723c751e8b465ee728b)
Start importing Assets/Scenes/Jueguito.unity using Guid(a9f1b0365b30d9244b37255dadfe4297) Importer(815301076,1909f56bfc062723c751e8b465ee728b)  -> (artifact id: '0c0461725ce25c849f466fde2918ecdb') in 0.002437 seconds
Number of updated asset objects reloaded before import = 0
Number of asset objects unloaded after import = 0
========================================================================
Received Import Request.
  Time since last request: 31.653937 seconds.
  path: Assets/Scenes/Marcador2.unity
  artifactKey: Guid(67f1aea87d5405e4793bebc736094ee2) Importer(815301076,1909f56bfc062723c751e8b465ee728b)
Start importing Assets/Scenes/Marcador2.unity using Guid(67f1aea87d5405e4793bebc736094ee2) Importer(815301076,1909f56bfc062723c751e8b465ee728b)  -> (artifact id: '400fa07d4489d157d0876983ea4345f5') in 0.000703 seconds
Number of updated asset objects reloaded before import = 0
Number of asset objects unloaded after import = 0
========================================================================
Received Prepare
Begin MonoManager ReloadAssembly
DirectoryNotFoundException: Could not find a part of the path "C:\Users\ASUS\Desktop\Octavo Semestre\Sistemas Interactivos distribuidos\REPO ENTREGA 1\Sistemas_Interactivos\DeckCards\Library\PackageCache\com.unity.visualscripting@1.9.1\Editor\VisualScripting.Core\Dependencies\YamlDotNet\Unity.VisualScripting.YamlDotNet.dll"
  at System.IO.FileStream..ctor (System.String path, System.IO.FileMode mode, System.IO.FileAccess access, System.IO.FileShare share, System.Int32 bufferSize, System.Boolean anonymous, System.IO.FileOptions options) [0x0019e] in <dc753a1061284f8e971ee88ee4826eee>:0 
  at System.IO.FileStream..ctor (System.String path, System.IO.FileMode mode, System.IO.FileAccess access, System.IO.FileShare share) [0x00000] in <dc753a1061284f8e971ee88ee4826eee>:0 
  at (wrapper remoting-invoke-with-check) System.IO.FileStream..ctor(string,System.IO.FileMode,System.IO.FileAccess,System.IO.FileShare)
  at Mono.Cecil.ModuleDefinition.GetFileStream (System.String fileName, System.IO.FileMode mode, System.IO.FileAccess access, System.IO.FileShare share) [0x00006] in <a6860a9f6366437387ebdc1f225b7fd4>:0 
  at Mono.Cecil.ModuleDefinition.ReadModule (System.String fileName, Mono.Cecil.ReaderParameters parameters) [0x00008] in <a6860a9f6366437387ebdc1f225b7fd4>:0 
  at Mono.Cecil.AssemblyDefinition.ReadAssembly (System.String fileName, Mono.Cecil.ReaderParameters parameters) [0x00000] in <a6860a9f6366437387ebdc1f225b7fd4>:0 
  at UnityEditor.AssemblyValidation.LoadAssemblyDefinitions (System.String[] assemblyPaths, System.String[] searchPaths) [0x00048] in <5d5ebefe97114215928ac1d9cd096522>:0 
  at UnityEditor.AssemblyValidation.ValidateAssemblies (System.String[] assemblyPaths, System.Boolean enableLogging) [0x00007] in <5d5ebefe97114215928ac1d9cd096522>:0 

- Loaded All Assemblies, in  0.384 seconds
Refreshing native plugins compatible for Editor in 10.63 ms, found 6 plugins.
Native extension for WindowsStandalone target not found
Native extension for Android target not found
Native extension for WebGL target not found
[Package Manager] Server::EnsureServerProcessIsRunning -- launch failed, reason: Unity was launched with the -noUpm command-line argument
[Package Manager] UpmClient::Send -- Unable to send message (not connected to UPM process).
[Package Manager] Cannot connect to Unity Package Manager local server
Mono: successfully reloaded assembly
- Finished resetting the current domain, in  1.185 seconds
Domain Reload Profiling: 1564ms
	BeginReloadAssembly (177ms)
		ExecutionOrderSort (0ms)
		DisableScriptedObjects (4ms)
		BackupInstance (0ms)
		ReleaseScriptingObjects (0ms)
		CreateAndSetChildDomain (45ms)
	RebuildCommonClasses (36ms)
	RebuildNativeTypeToScriptingClass (11ms)
	initialDomainReloadingComplete (35ms)
	LoadAllAssembliesAndSetupDomain (119ms)
		LoadAssemblies (201ms)
		RebuildTransferFunctionScriptingTraits (0ms)
		AnalyzeDomain (13ms)
			TypeCache.Refresh (7ms)
				TypeCache.ScanAssembly (0ms)
			ScanForSourceGeneratedMonoScriptInfo (0ms)
			ResolveRequiredComponents (4ms)
	FinalizeReload (1186ms)
		ReleaseScriptCaches (0ms)
		RebuildScriptCaches (0ms)
		SetupLoadedEditorAssemblies (574ms)
			LogAssemblyErrors (0ms)
			InitializePlatformSupportModulesInManaged (37ms)
			SetLoadedEditorAssemblies (10ms)
			RefreshPlugins (0ms)
			BeforeProcessingInitializeOnLoad (93ms)
			ProcessInitializeOnLoadAttributes (396ms)
			ProcessInitializeOnLoadMethodAttributes (29ms)
			AfterProcessingInitializeOnLoad (9ms)
			EditorAssembliesLoaded (0ms)
		ExecutionOrderSort2 (0ms)
		AwakeInstancesAfterBackupRestoration (9ms)
Refreshing native plugins compatible for Editor in 12.60 ms, found 6 plugins.
Preloading 0 native plugins for Editor in 0.00 ms.
Unloading 3109 Unused Serialized files (Serialized files now loaded: 0)
Unloading 44 unused Assets / (39.9 KB). Loaded Objects now: 3663.
Memory consumption went from 174.9 MB to 174.9 MB.
Total: 4.012800 ms (FindLiveObjects: 0.526400 ms CreateObjectMapping: 0.099000 ms MarkObjects: 3.303600 ms  DeleteObjects: 0.081400 ms)

Prepare: number of updated asset objects reloaded= 0
AssetImportParameters requested are different than current active one (requested -> active):
  custom:container-demuxer-ogg: 62fdf1f143b41e24485cea50d1cbac27 -> 
  custom:video-codec-MediaFoundation-h265: 746d11721c4dcdbdad8f713fa42b33f4 -> 
  custom:video-decoder-ogg-theora: a1e56fd34408186e4bbccfd4996cb3dc -> 
  custom:framework-win-MediaFoundation: 216162199b28c13a410421893ffa2e32 -> 
  custom:CustomObjectIndexerAttribute: 6d391050e5a25f67b0a2c618074f2cd9 -> 
  custom:container-demuxer-webm: 4f35f7cbe854078d1ac9338744f61a02 -> 
  custom:container-muxer-webm: aa71ff27fc2769a1b78a27578f13a17b -> 
  custom:video-decoder-webm-vp8: 9c59270c3fd7afecdb556c50c9e8de78 -> 
  custom:SearchIndexIgnoredProperties: e643bd26f0fe6173181afceb89e7c659 -> 
  custom:AudioImporter_EditorPlatform: d09bf68614088b80899f8185d706f6e7 -> 
  custom:video-encoder-webm-vp8: eb34c28f22e8b96e1ab97ce403110664 -> 
  custom:audio-decoder-ogg-vorbis: bf7c407c2cedff20999df2af8eb42d56 -> 
  custom:audio-encoder-webm-vorbis: bf7c407c2cedff20999df2af8eb42d56 -> 
========================================================================
Received Import Request.
  Time since last request: 102.206030 seconds.
  path: Assets/Scenes/Marcador2.unity
  artifactKey: Guid(67f1aea87d5405e4793bebc736094ee2) Importer(815301076,1909f56bfc062723c751e8b465ee728b)
Start importing Assets/Scenes/Marcador2.unity using Guid(67f1aea87d5405e4793bebc736094ee2) Importer(815301076,1909f56bfc062723c751e8b465ee728b)  -> (artifact id: '7693018ef6349d6ff08e189cf637982b') in 0.002881 seconds
Number of updated asset objects reloaded before import = 0
Number of asset objects unloaded after import = 0
========================================================================
Received Prepare
Begin MonoManager ReloadAssembly
DirectoryNotFoundException: Could not find a part of the path "C:\Users\ASUS\Desktop\Octavo Semestre\Sistemas Interactivos distribuidos\REPO ENTREGA 1\Sistemas_Interactivos\DeckCards\Library\PackageCache\com.unity.visualscripting@1.9.1\Editor\VisualScripting.Core\Dependencies\YamlDotNet\Unity.VisualScripting.YamlDotNet.dll"
  at System.IO.FileStream..ctor (System.String path, System.IO.FileMode mode, System.IO.FileAccess access, System.IO.FileShare share, System.Int32 bufferSize, System.Boolean anonymous, System.IO.FileOptions options) [0x0019e] in <dc753a1061284f8e971ee88ee4826eee>:0 
  at System.IO.FileStream..ctor (System.String path, System.IO.FileMode mode, System.IO.FileAccess access, System.IO.FileShare share) [0x00000] in <dc753a1061284f8e971ee88ee4826eee>:0 
  at (wrapper remoting-invoke-with-check) System.IO.FileStream..ctor(string,System.IO.FileMode,System.IO.FileAccess,System.IO.FileShare)
  at Mono.Cecil.ModuleDefinition.GetFileStream (System.String fileName, System.IO.FileMode mode, System.IO.FileAccess access, System.IO.FileShare share) [0x00006] in <a6860a9f6366437387ebdc1f225b7fd4>:0 
  at Mono.Cecil.ModuleDefinition.ReadModule (System.String fileName, Mono.Cecil.ReaderParameters parameters) [0x00008] in <a6860a9f6366437387ebdc1f225b7fd4>:0 
  at Mono.Cecil.AssemblyDefinition.ReadAssembly (System.String fileName, Mono.Cecil.ReaderParameters parameters) [0x00000] in <a6860a9f6366437387ebdc1f225b7fd4>:0 
  at UnityEditor.AssemblyValidation.LoadAssemblyDefinitions (System.String[] assemblyPaths, System.String[] searchPaths) [0x00048] in <5d5ebefe97114215928ac1d9cd096522>:0 
  at UnityEditor.AssemblyValidation.ValidateAssemblies (System.String[] assemblyPaths, System.Boolean enableLogging) [0x00007] in <5d5ebefe97114215928ac1d9cd096522>:0 

- Loaded All Assemblies, in  0.407 seconds
Refreshing native plugins compatible for Editor in 11.98 ms, found 6 plugins.
Native extension for WindowsStandalone target not found
Native extension for Android target not found
Native extension for WebGL target not found
[Package Manager] Server::EnsureServerProcessIsRunning -- launch failed, reason: Unity was launched with the -noUpm command-line argument
[Package Manager] UpmClient::Send -- Unable to send message (not connected to UPM process).
[Package Manager] Cannot connect to Unity Package Manager local server
Mono: successfully reloaded assembly
- Finished resetting the current domain, in  1.173 seconds
Domain Reload Profiling: 1576ms
	BeginReloadAssembly (177ms)
		ExecutionOrderSort (0ms)
		DisableScriptedObjects (4ms)
		BackupInstance (0ms)
		ReleaseScriptingObjects (0ms)
		CreateAndSetChildDomain (40ms)
	RebuildCommonClasses (36ms)
	RebuildNativeTypeToScriptingClass (12ms)
	initialDomainReloadingComplete (39ms)
	LoadAllAssembliesAndSetupDomain (139ms)
		LoadAssemblies (228ms)
		RebuildTransferFunctionScriptingTraits (0ms)
		AnalyzeDomain (13ms)
			TypeCache.Refresh (7ms)
				TypeCache.ScanAssembly (0ms)
			ScanForSourceGeneratedMonoScriptInfo (0ms)
			ResolveRequiredComponents (4ms)
	FinalizeReload (1173ms)
		ReleaseScriptCaches (0ms)
		RebuildScriptCaches (0ms)
		SetupLoadedEditorAssemblies (567ms)
			LogAssemblyErrors (0ms)
			InitializePlatformSupportModulesInManaged (37ms)
			SetLoadedEditorAssemblies (8ms)
			RefreshPlugins (0ms)
			BeforeProcessingInitializeOnLoad (81ms)
			ProcessInitializeOnLoadAttributes (399ms)
			ProcessInitializeOnLoadMethodAttributes (31ms)
			AfterProcessingInitializeOnLoad (11ms)
			EditorAssembliesLoaded (0ms)
		ExecutionOrderSort2 (0ms)
		AwakeInstancesAfterBackupRestoration (10ms)
Refreshing native plugins compatible for Editor in 11.86 ms, found 6 plugins.
Preloading 0 native plugins for Editor in 0.00 ms.
Unloading 3109 Unused Serialized files (Serialized files now loaded: 0)
Unloading 44 unused Assets / (38.9 KB). Loaded Objects now: 3666.
Memory consumption went from 176.8 MB to 176.8 MB.
Total: 5.118200 ms (FindLiveObjects: 0.319800 ms CreateObjectMapping: 0.098800 ms MarkObjects: 4.627600 ms  DeleteObjects: 0.070800 ms)

Prepare: number of updated asset objects reloaded= 0
AssetImportParameters requested are different than current active one (requested -> active):
  custom:container-demuxer-ogg: 62fdf1f143b41e24485cea50d1cbac27 -> 
  custom:video-codec-MediaFoundation-h265: 746d11721c4dcdbdad8f713fa42b33f4 -> 
  custom:video-decoder-ogg-theora: a1e56fd34408186e4bbccfd4996cb3dc -> 
  custom:framework-win-MediaFoundation: 216162199b28c13a410421893ffa2e32 -> 
  custom:CustomObjectIndexerAttribute: 6d391050e5a25f67b0a2c618074f2cd9 -> 
  custom:container-demuxer-webm: 4f35f7cbe854078d1ac9338744f61a02 -> 
  custom:container-muxer-webm: aa71ff27fc2769a1b78a27578f13a17b -> 
  custom:video-decoder-webm-vp8: 9c59270c3fd7afecdb556c50c9e8de78 -> 
  custom:SearchIndexIgnoredProperties: e643bd26f0fe6173181afceb89e7c659 -> 
  custom:AudioImporter_EditorPlatform: d09bf68614088b80899f8185d706f6e7 -> 
  custom:video-encoder-webm-vp8: eb34c28f22e8b96e1ab97ce403110664 -> 
  custom:audio-decoder-ogg-vorbis: bf7c407c2cedff20999df2af8eb42d56 -> 
  custom:audio-encoder-webm-vorbis: bf7c407c2cedff20999df2af8eb42d56 -> 
========================================================================
Received Prepare
Begin MonoManager ReloadAssembly
DirectoryNotFoundException: Could not find a part of the path "C:\Users\ASUS\Desktop\Octavo Semestre\Sistemas Interactivos distribuidos\REPO ENTREGA 1\Sistemas_Interactivos\DeckCards\Library\PackageCache\com.unity.visualscripting@1.9.1\Editor\VisualScripting.Core\Dependencies\YamlDotNet\Unity.VisualScripting.YamlDotNet.dll"
  at System.IO.FileStream..ctor (System.String path, System.IO.FileMode mode, System.IO.FileAccess access, System.IO.FileShare share, System.Int32 bufferSize, System.Boolean anonymous, System.IO.FileOptions options) [0x0019e] in <dc753a1061284f8e971ee88ee4826eee>:0 
  at System.IO.FileStream..ctor (System.String path, System.IO.FileMode mode, System.IO.FileAccess access, System.IO.FileShare share) [0x00000] in <dc753a1061284f8e971ee88ee4826eee>:0 
  at (wrapper remoting-invoke-with-check) System.IO.FileStream..ctor(string,System.IO.FileMode,System.IO.FileAccess,System.IO.FileShare)
  at Mono.Cecil.ModuleDefinition.GetFileStream (System.String fileName, System.IO.FileMode mode, System.IO.FileAccess access, System.IO.FileShare share) [0x00006] in <a6860a9f6366437387ebdc1f225b7fd4>:0 
  at Mono.Cecil.ModuleDefinition.ReadModule (System.String fileName, Mono.Cecil.ReaderParameters parameters) [0x00008] in <a6860a9f6366437387ebdc1f225b7fd4>:0 
  at Mono.Cecil.AssemblyDefinition.ReadAssembly (System.String fileName, Mono.Cecil.ReaderParameters parameters) [0x00000] in <a6860a9f6366437387ebdc1f225b7fd4>:0 
  at UnityEditor.AssemblyValidation.LoadAssemblyDefinitions (System.String[] assemblyPaths, System.String[] searchPaths) [0x00048] in <5d5ebefe97114215928ac1d9cd096522>:0 
  at UnityEditor.AssemblyValidation.ValidateAssemblies (System.String[] assemblyPaths, System.Boolean enableLogging) [0x00007] in <5d5ebefe97114215928ac1d9cd096522>:0 

- Loaded All Assemblies, in  0.419 seconds
Refreshing native plugins compatible for Editor in 10.38 ms, found 6 plugins.
Native extension for WindowsStandalone target not found
Native extension for Android target not found
Native extension for WebGL target not found
[Package Manager] Server::EnsureServerProcessIsRunning -- launch failed, reason: Unity was launched with the -noUpm command-line argument
[Package Manager] UpmClient::Send -- Unable to send message (not connected to UPM process).
[Package Manager] Cannot connect to Unity Package Manager local server
Mono: successfully reloaded assembly
- Finished resetting the current domain, in  1.134 seconds
Domain Reload Profiling: 1550ms
	BeginReloadAssembly (178ms)
		ExecutionOrderSort (0ms)
		DisableScriptedObjects (4ms)
		BackupInstance (0ms)
		ReleaseScriptingObjects (0ms)
		CreateAndSetChildDomain (42ms)
	RebuildCommonClasses (38ms)
	RebuildNativeTypeToScriptingClass (17ms)
	initialDomainReloadingComplete (38ms)
	LoadAllAssembliesAndSetupDomain (144ms)
		LoadAssemblies (233ms)
		RebuildTransferFunctionScriptingTraits (0ms)
		AnalyzeDomain (12ms)
			TypeCache.Refresh (6ms)
				TypeCache.ScanAssembly (0ms)
			ScanForSourceGeneratedMonoScriptInfo (0ms)
			ResolveRequiredComponents (4ms)
	FinalizeReload (1135ms)
		ReleaseScriptCaches (0ms)
		RebuildScriptCaches (0ms)
		SetupLoadedEditorAssemblies (553ms)
			LogAssemblyErrors (0ms)
			InitializePlatformSupportModulesInManaged (35ms)
			SetLoadedEditorAssemblies (10ms)
			RefreshPlugins (0ms)
			BeforeProcessingInitializeOnLoad (82ms)
			ProcessInitializeOnLoadAttributes (385ms)
			ProcessInitializeOnLoadMethodAttributes (32ms)
			AfterProcessingInitializeOnLoad (9ms)
			EditorAssembliesLoaded (0ms)
		ExecutionOrderSort2 (0ms)
		AwakeInstancesAfterBackupRestoration (9ms)
Refreshing native plugins compatible for Editor in 13.11 ms, found 6 plugins.
Preloading 0 native plugins for Editor in 0.00 ms.
Unloading 3110 Unused Serialized files (Serialized files now loaded: 0)
Unloading 44 unused Assets / (38.9 KB). Loaded Objects now: 3669.
Memory consumption went from 179.0 MB to 179.0 MB.
Total: 4.697400 ms (FindLiveObjects: 0.491900 ms CreateObjectMapping: 0.300500 ms MarkObjects: 3.713700 ms  DeleteObjects: 0.187400 ms)

Prepare: number of updated asset objects reloaded= 0
AssetImportParameters requested are different than current active one (requested -> active):
  custom:container-demuxer-ogg: 62fdf1f143b41e24485cea50d1cbac27 -> 
  custom:video-codec-MediaFoundation-h265: 746d11721c4dcdbdad8f713fa42b33f4 -> 
  custom:video-decoder-ogg-theora: a1e56fd34408186e4bbccfd4996cb3dc -> 
  custom:framework-win-MediaFoundation: 216162199b28c13a410421893ffa2e32 -> 
  custom:CustomObjectIndexerAttribute: 6d391050e5a25f67b0a2c618074f2cd9 -> 
  custom:container-demuxer-webm: 4f35f7cbe854078d1ac9338744f61a02 -> 
  custom:container-muxer-webm: aa71ff27fc2769a1b78a27578f13a17b -> 
  custom:video-decoder-webm-vp8: 9c59270c3fd7afecdb556c50c9e8de78 -> 
  custom:SearchIndexIgnoredProperties: e643bd26f0fe6173181afceb89e7c659 -> 
  custom:AudioImporter_EditorPlatform: d09bf68614088b80899f8185d706f6e7 -> 
  custom:video-encoder-webm-vp8: eb34c28f22e8b96e1ab97ce403110664 -> 
  custom:audio-decoder-ogg-vorbis: bf7c407c2cedff20999df2af8eb42d56 -> 
  custom:audio-encoder-webm-vorbis: bf7c407c2cedff20999df2af8eb42d56 -> 
========================================================================
Received Import Request.
  Time since last request: 136.611825 seconds.
  path: Assets/Scenes/Marcador2.unity
  artifactKey: Guid(67f1aea87d5405e4793bebc736094ee2) Importer(815301076,1909f56bfc062723c751e8b465ee728b)
Start importing Assets/Scenes/Marcador2.unity using Guid(67f1aea87d5405e4793bebc736094ee2) Importer(815301076,1909f56bfc062723c751e8b465ee728b)  -> (artifact id: '935dba36674e421c69dcd7f115bb8fd8') in 0.001803 seconds
Number of updated asset objects reloaded before import = 0
Number of asset objects unloaded after import = 0
========================================================================
Received Import Request.
  Time since last request: 251.142783 seconds.
  path: Assets/Scripts/FirebaseCode/ButtonRecoverPassword.cs
  artifactKey: Guid(b0e88eff5f87bc74a9466d0d9df428fd) Importer(815301076,1909f56bfc062723c751e8b465ee728b)
Start importing Assets/Scripts/FirebaseCode/ButtonRecoverPassword.cs using Guid(b0e88eff5f87bc74a9466d0d9df428fd) Importer(815301076,1909f56bfc062723c751e8b465ee728b)  -> (artifact id: '3fc09c3ce126c726a2809c85186afedb') in 0.000914 seconds
Number of updated asset objects reloaded before import = 0
Number of asset objects unloaded after import = 0
========================================================================
Received Prepare
Begin MonoManager ReloadAssembly
DirectoryNotFoundException: Could not find a part of the path "C:\Users\ASUS\Desktop\Octavo Semestre\Sistemas Interactivos distribuidos\REPO ENTREGA 1\Sistemas_Interactivos\DeckCards\Library\PackageCache\com.unity.visualscripting@1.9.1\Editor\VisualScripting.Core\Dependencies\YamlDotNet\Unity.VisualScripting.YamlDotNet.dll"
  at System.IO.FileStream..ctor (System.String path, System.IO.FileMode mode, System.IO.FileAccess access, System.IO.FileShare share, System.Int32 bufferSize, System.Boolean anonymous, System.IO.FileOptions options) [0x0019e] in <dc753a1061284f8e971ee88ee4826eee>:0 
  at System.IO.FileStream..ctor (System.String path, System.IO.FileMode mode, System.IO.FileAccess access, System.IO.FileShare share) [0x00000] in <dc753a1061284f8e971ee88ee4826eee>:0 
  at (wrapper remoting-invoke-with-check) System.IO.FileStream..ctor(string,System.IO.FileMode,System.IO.FileAccess,System.IO.FileShare)
  at Mono.Cecil.ModuleDefinition.GetFileStream (System.String fileName, System.IO.FileMode mode, System.IO.FileAccess access, System.IO.FileShare share) [0x00006] in <a6860a9f6366437387ebdc1f225b7fd4>:0 
  at Mono.Cecil.ModuleDefinition.ReadModule (System.String fileName, Mono.Cecil.ReaderParameters parameters) [0x00008] in <a6860a9f6366437387ebdc1f225b7fd4>:0 
  at Mono.Cecil.AssemblyDefinition.ReadAssembly (System.String fileName, Mono.Cecil.ReaderParameters parameters) [0x00000] in <a6860a9f6366437387ebdc1f225b7fd4>:0 
  at UnityEditor.AssemblyValidation.LoadAssemblyDefinitions (System.String[] assemblyPaths, System.String[] searchPaths) [0x00048] in <5d5ebefe97114215928ac1d9cd096522>:0 
  at UnityEditor.AssemblyValidation.ValidateAssemblies (System.String[] assemblyPaths, System.Boolean enableLogging) [0x00007] in <5d5ebefe97114215928ac1d9cd096522>:0 

- Loaded All Assemblies, in  0.463 seconds
Refreshing native plugins compatible for Editor in 11.03 ms, found 6 plugins.
Native extension for WindowsStandalone target not found
Native extension for Android target not found
Native extension for WebGL target not found
[Package Manager] Server::EnsureServerProcessIsRunning -- launch failed, reason: Unity was launched with the -noUpm command-line argument
[Package Manager] UpmClient::Send -- Unable to send message (not connected to UPM process).
[Package Manager] Cannot connect to Unity Package Manager local server
Mono: successfully reloaded assembly
- Finished resetting the current domain, in  1.193 seconds
Domain Reload Profiling: 1651ms
	BeginReloadAssembly (206ms)
		ExecutionOrderSort (0ms)
		DisableScriptedObjects (5ms)
		BackupInstance (0ms)
		ReleaseScriptingObjects (0ms)
		CreateAndSetChildDomain (53ms)
	RebuildCommonClasses (41ms)
	RebuildNativeTypeToScriptingClass (13ms)
	initialDomainReloadingComplete (41ms)
	LoadAllAssembliesAndSetupDomain (156ms)
		LoadAssemblies (238ms)
		RebuildTransferFunctionScriptingTraits (0ms)
		AnalyzeDomain (28ms)
			TypeCache.Refresh (15ms)
				TypeCache.ScanAssembly (0ms)
			ScanForSourceGeneratedMonoScriptInfo (7ms)
			ResolveRequiredComponents (5ms)
	FinalizeReload (1193ms)
		ReleaseScriptCaches (0ms)
		RebuildScriptCaches (0ms)
		SetupLoadedEditorAssemblies (509ms)
			LogAssemblyErrors (0ms)
			InitializePlatformSupportModulesInManaged (34ms)
			SetLoadedEditorAssemblies (6ms)
			RefreshPlugins (0ms)
			BeforeProcessingInitializeOnLoad (74ms)
			ProcessInitializeOnLoadAttributes (355ms)
			ProcessInitializeOnLoadMethodAttributes (31ms)
			AfterProcessingInitializeOnLoad (9ms)
			EditorAssembliesLoaded (0ms)
		ExecutionOrderSort2 (0ms)
		AwakeInstancesAfterBackupRestoration (11ms)
Refreshing native plugins compatible for Editor in 13.22 ms, found 6 plugins.
Preloading 0 native plugins for Editor in 0.00 ms.
Unloading 3110 Unused Serialized files (Serialized files now loaded: 0)
Unloading 44 unused Assets / (38.8 KB). Loaded Objects now: 3673.
Memory consumption went from 180.7 MB to 180.7 MB.
Total: 4.419700 ms (FindLiveObjects: 0.371300 ms CreateObjectMapping: 0.133000 ms MarkObjects: 3.826700 ms  DeleteObjects: 0.087200 ms)

Prepare: number of updated asset objects reloaded= 0
AssetImportParameters requested are different than current active one (requested -> active):
  custom:container-demuxer-ogg: 62fdf1f143b41e24485cea50d1cbac27 -> 
  custom:video-codec-MediaFoundation-h265: 746d11721c4dcdbdad8f713fa42b33f4 -> 
  custom:video-decoder-ogg-theora: a1e56fd34408186e4bbccfd4996cb3dc -> 
  custom:framework-win-MediaFoundation: 216162199b28c13a410421893ffa2e32 -> 
  custom:CustomObjectIndexerAttribute: 6d391050e5a25f67b0a2c618074f2cd9 -> 
  custom:container-demuxer-webm: 4f35f7cbe854078d1ac9338744f61a02 -> 
  custom:container-muxer-webm: aa71ff27fc2769a1b78a27578f13a17b -> 
  custom:video-decoder-webm-vp8: 9c59270c3fd7afecdb556c50c9e8de78 -> 
  custom:SearchIndexIgnoredProperties: e643bd26f0fe6173181afceb89e7c659 -> 
  custom:AudioImporter_EditorPlatform: d09bf68614088b80899f8185d706f6e7 -> 
  custom:video-encoder-webm-vp8: eb34c28f22e8b96e1ab97ce403110664 -> 
  custom:audio-decoder-ogg-vorbis: bf7c407c2cedff20999df2af8eb42d56 -> 
  custom:audio-encoder-webm-vorbis: bf7c407c2cedff20999df2af8eb42d56 -> 
========================================================================
Received Import Request.
  Time since last request: 6.418347 seconds.
  path: Assets/Scripts/FirebaseCode/ButtonRecoverPassword.cs
  artifactKey: Guid(b0e88eff5f87bc74a9466d0d9df428fd) Importer(815301076,1909f56bfc062723c751e8b465ee728b)
Start importing Assets/Scripts/FirebaseCode/ButtonRecoverPassword.cs using Guid(b0e88eff5f87bc74a9466d0d9df428fd) Importer(815301076,1909f56bfc062723c751e8b465ee728b)  -> (artifact id: 'f888189a0a943be3438eeb1051a41f10') in 0.003853 seconds
Number of updated asset objects reloaded before import = 0
Number of asset objects unloaded after import = 0
========================================================================
Received Import Request.
  Time since last request: 20.413509 seconds.
  path: Assets/Scripts/FirebaseCode/ButtonRecoverPassword.cs
  artifactKey: Guid(b0e88eff5f87bc74a9466d0d9df428fd) Importer(815301076,1909f56bfc062723c751e8b465ee728b)
Start importing Assets/Scripts/FirebaseCode/ButtonRecoverPassword.cs using Guid(b0e88eff5f87bc74a9466d0d9df428fd) Importer(815301076,1909f56bfc062723c751e8b465ee728b)  -> (artifact id: '9423f408911a1df188341c21e418bd53') in 0.000821 seconds
Number of updated asset objects reloaded before import = 0
Number of asset objects unloaded after import = 0
========================================================================
Received Import Request.
  Time since last request: 40.579009 seconds.
  path: Assets/Scripts/FirebaseCode/ButtonRecoverPassword.cs
  artifactKey: Guid(b0e88eff5f87bc74a9466d0d9df428fd) Importer(815301076,1909f56bfc062723c751e8b465ee728b)
Start importing Assets/Scripts/FirebaseCode/ButtonRecoverPassword.cs using Guid(b0e88eff5f87bc74a9466d0d9df428fd) Importer(815301076,1909f56bfc062723c751e8b465ee728b)  -> (artifact id: 'c6ff1ce8b79c8f6d8320ccb245493f63') in 0.000656 seconds
Number of updated asset objects reloaded before import = 0
Number of asset objects unloaded after import = 0
========================================================================
Received Import Request.
  Time since last request: 139.406155 seconds.
  path: Assets/Scripts/FirebaseCode/ButtonRecoverPassword.cs
  artifactKey: Guid(b0e88eff5f87bc74a9466d0d9df428fd) Importer(815301076,1909f56bfc062723c751e8b465ee728b)
Start importing Assets/Scripts/FirebaseCode/ButtonRecoverPassword.cs using Guid(b0e88eff5f87bc74a9466d0d9df428fd) Importer(815301076,1909f56bfc062723c751e8b465ee728b)  -> (artifact id: '071a95083e1f3dbc0b64a0bbb71b9899') in 0.000580 seconds
Number of updated asset objects reloaded before import = 0
Number of asset objects unloaded after import = 0
========================================================================
Received Prepare
Begin MonoManager ReloadAssembly
DirectoryNotFoundException: Could not find a part of the path "C:\Users\ASUS\Desktop\Octavo Semestre\Sistemas Interactivos distribuidos\REPO ENTREGA 1\Sistemas_Interactivos\DeckCards\Library\PackageCache\com.unity.visualscripting@1.9.1\Editor\VisualScripting.Core\Dependencies\YamlDotNet\Unity.VisualScripting.YamlDotNet.dll"
  at System.IO.FileStream..ctor (System.String path, System.IO.FileMode mode, System.IO.FileAccess access, System.IO.FileShare share, System.Int32 bufferSize, System.Boolean anonymous, System.IO.FileOptions options) [0x0019e] in <dc753a1061284f8e971ee88ee4826eee>:0 
  at System.IO.FileStream..ctor (System.String path, System.IO.FileMode mode, System.IO.FileAccess access, System.IO.FileShare share) [0x00000] in <dc753a1061284f8e971ee88ee4826eee>:0 
  at (wrapper remoting-invoke-with-check) System.IO.FileStream..ctor(string,System.IO.FileMode,System.IO.FileAccess,System.IO.FileShare)
  at Mono.Cecil.ModuleDefinition.GetFileStream (System.String fileName, System.IO.FileMode mode, System.IO.FileAccess access, System.IO.FileShare share) [0x00006] in <a6860a9f6366437387ebdc1f225b7fd4>:0 
  at Mono.Cecil.ModuleDefinition.ReadModule (System.String fileName, Mono.Cecil.ReaderParameters parameters) [0x00008] in <a6860a9f6366437387ebdc1f225b7fd4>:0 
  at Mono.Cecil.AssemblyDefinition.ReadAssembly (System.String fileName, Mono.Cecil.ReaderParameters parameters) [0x00000] in <a6860a9f6366437387ebdc1f225b7fd4>:0 
  at UnityEditor.AssemblyValidation.LoadAssemblyDefinitions (System.String[] assemblyPaths, System.String[] searchPaths) [0x00048] in <5d5ebefe97114215928ac1d9cd096522>:0 
  at UnityEditor.AssemblyValidation.ValidateAssemblies (System.String[] assemblyPaths, System.Boolean enableLogging) [0x00007] in <5d5ebefe97114215928ac1d9cd096522>:0 

- Loaded All Assemblies, in  0.532 seconds
Refreshing native plugins compatible for Editor in 10.60 ms, found 6 plugins.
Native extension for WindowsStandalone target not found
Native extension for Android target not found
Native extension for WebGL target not found
[Package Manager] Server::EnsureServerProcessIsRunning -- launch failed, reason: Unity was launched with the -noUpm command-line argument
[Package Manager] UpmClient::Send -- Unable to send message (not connected to UPM process).
[Package Manager] Cannot connect to Unity Package Manager local server
Mono: successfully reloaded assembly
- Finished resetting the current domain, in  1.152 seconds
Domain Reload Profiling: 1679ms
	BeginReloadAssembly (242ms)
		ExecutionOrderSort (0ms)
		DisableScriptedObjects (7ms)
		BackupInstance (0ms)
		ReleaseScriptingObjects (0ms)
		CreateAndSetChildDomain (74ms)
	RebuildCommonClasses (50ms)
	RebuildNativeTypeToScriptingClass (12ms)
	initialDomainReloadingComplete (44ms)
	LoadAllAssembliesAndSetupDomain (179ms)
		LoadAssemblies (273ms)
		RebuildTransferFunctionScriptingTraits (0ms)
		AnalyzeDomain (22ms)
			TypeCache.Refresh (10ms)
				TypeCache.ScanAssembly (0ms)
			ScanForSourceGeneratedMonoScriptInfo (6ms)
			ResolveRequiredComponents (4ms)
	FinalizeReload (1152ms)
		ReleaseScriptCaches (0ms)
		RebuildScriptCaches (0ms)
		SetupLoadedEditorAssemblies (545ms)
			LogAssemblyErrors (0ms)
			InitializePlatformSupportModulesInManaged (34ms)
			SetLoadedEditorAssemblies (23ms)
			RefreshPlugins (0ms)
			BeforeProcessingInitializeOnLoad (87ms)
			ProcessInitializeOnLoadAttributes (366ms)
			ProcessInitializeOnLoadMethodAttributes (28ms)
			AfterProcessingInitializeOnLoad (8ms)
			EditorAssembliesLoaded (0ms)
		ExecutionOrderSort2 (0ms)
		AwakeInstancesAfterBackupRestoration (7ms)
Refreshing native plugins compatible for Editor in 9.39 ms, found 6 plugins.
Preloading 0 native plugins for Editor in 0.00 ms.
Unloading 3110 Unused Serialized files (Serialized files now loaded: 0)
Unloading 44 unused Assets / (39.8 KB). Loaded Objects now: 3676.
Memory consumption went from 182.6 MB to 182.6 MB.
Total: 3.104400 ms (FindLiveObjects: 0.298000 ms CreateObjectMapping: 0.084900 ms MarkObjects: 2.662200 ms  DeleteObjects: 0.058200 ms)

Prepare: number of updated asset objects reloaded= 0
AssetImportParameters requested are different than current active one (requested -> active):
  custom:container-demuxer-ogg: 62fdf1f143b41e24485cea50d1cbac27 -> 
  custom:video-codec-MediaFoundation-h265: 746d11721c4dcdbdad8f713fa42b33f4 -> 
  custom:video-decoder-ogg-theora: a1e56fd34408186e4bbccfd4996cb3dc -> 
  custom:framework-win-MediaFoundation: 216162199b28c13a410421893ffa2e32 -> 
  custom:CustomObjectIndexerAttribute: 6d391050e5a25f67b0a2c618074f2cd9 -> 
  custom:container-demuxer-webm: 4f35f7cbe854078d1ac9338744f61a02 -> 
  custom:container-muxer-webm: aa71ff27fc2769a1b78a27578f13a17b -> 
  custom:video-decoder-webm-vp8: 9c59270c3fd7afecdb556c50c9e8de78 -> 
  custom:SearchIndexIgnoredProperties: e643bd26f0fe6173181afceb89e7c659 -> 
  custom:AudioImporter_EditorPlatform: d09bf68614088b80899f8185d706f6e7 -> 
  custom:video-encoder-webm-vp8: eb34c28f22e8b96e1ab97ce403110664 -> 
  custom:audio-decoder-ogg-vorbis: bf7c407c2cedff20999df2af8eb42d56 -> 
  custom:audio-encoder-webm-vorbis: bf7c407c2cedff20999df2af8eb42d56 -> 
========================================================================
Received Prepare
Begin MonoManager ReloadAssembly
DirectoryNotFoundException: Could not find a part of the path "C:\Users\ASUS\Desktop\Octavo Semestre\Sistemas Interactivos distribuidos\REPO ENTREGA 1\Sistemas_Interactivos\DeckCards\Library\PackageCache\com.unity.visualscripting@1.9.1\Editor\VisualScripting.Core\Dependencies\YamlDotNet\Unity.VisualScripting.YamlDotNet.dll"
  at System.IO.FileStream..ctor (System.String path, System.IO.FileMode mode, System.IO.FileAccess access, System.IO.FileShare share, System.Int32 bufferSize, System.Boolean anonymous, System.IO.FileOptions options) [0x0019e] in <dc753a1061284f8e971ee88ee4826eee>:0 
  at System.IO.FileStream..ctor (System.String path, System.IO.FileMode mode, System.IO.FileAccess access, System.IO.FileShare share) [0x00000] in <dc753a1061284f8e971ee88ee4826eee>:0 
  at (wrapper remoting-invoke-with-check) System.IO.FileStream..ctor(string,System.IO.FileMode,System.IO.FileAccess,System.IO.FileShare)
  at Mono.Cecil.ModuleDefinition.GetFileStream (System.String fileName, System.IO.FileMode mode, System.IO.FileAccess access, System.IO.FileShare share) [0x00006] in <a6860a9f6366437387ebdc1f225b7fd4>:0 
  at Mono.Cecil.ModuleDefinition.ReadModule (System.String fileName, Mono.Cecil.ReaderParameters parameters) [0x00008] in <a6860a9f6366437387ebdc1f225b7fd4>:0 
  at Mono.Cecil.AssemblyDefinition.ReadAssembly (System.String fileName, Mono.Cecil.ReaderParameters parameters) [0x00000] in <a6860a9f6366437387ebdc1f225b7fd4>:0 
  at UnityEditor.AssemblyValidation.LoadAssemblyDefinitions (System.String[] assemblyPaths, System.String[] searchPaths) [0x00048] in <5d5ebefe97114215928ac1d9cd096522>:0 
  at UnityEditor.AssemblyValidation.ValidateAssemblies (System.String[] assemblyPaths, System.Boolean enableLogging) [0x00007] in <5d5ebefe97114215928ac1d9cd096522>:0 

- Loaded All Assemblies, in  0.393 seconds
Refreshing native plugins compatible for Editor in 10.24 ms, found 6 plugins.
Native extension for WindowsStandalone target not found
Native extension for Android target not found
Native extension for WebGL target not found
[Package Manager] Server::EnsureServerProcessIsRunning -- launch failed, reason: Unity was launched with the -noUpm command-line argument
[Package Manager] UpmClient::Send -- Unable to send message (not connected to UPM process).
[Package Manager] Cannot connect to Unity Package Manager local server
Mono: successfully reloaded assembly
- Finished resetting the current domain, in  1.131 seconds
Domain Reload Profiling: 1519ms
	BeginReloadAssembly (176ms)
		ExecutionOrderSort (0ms)
		DisableScriptedObjects (4ms)
		BackupInstance (0ms)
		ReleaseScriptingObjects (0ms)
		CreateAndSetChildDomain (40ms)
	RebuildCommonClasses (32ms)
	RebuildNativeTypeToScriptingClass (9ms)
	initialDomainReloadingComplete (41ms)
	LoadAllAssembliesAndSetupDomain (131ms)
		LoadAssemblies (216ms)
		RebuildTransferFunctionScriptingTraits (0ms)
		AnalyzeDomain (13ms)
			TypeCache.Refresh (7ms)
				TypeCache.ScanAssembly (0ms)
			ScanForSourceGeneratedMonoScriptInfo (0ms)
			ResolveRequiredComponents (4ms)
	FinalizeReload (1131ms)
		ReleaseScriptCaches (0ms)
		RebuildScriptCaches (0ms)
		SetupLoadedEditorAssemblies (540ms)
			LogAssemblyErrors (0ms)
			InitializePlatformSupportModulesInManaged (40ms)
			SetLoadedEditorAssemblies (8ms)
			RefreshPlugins (0ms)
			BeforeProcessingInitializeOnLoad (77ms)
			ProcessInitializeOnLoadAttributes (379ms)
			ProcessInitializeOnLoadMethodAttributes (27ms)
			AfterProcessingInitializeOnLoad (10ms)
			EditorAssembliesLoaded (0ms)
		ExecutionOrderSort2 (0ms)
		AwakeInstancesAfterBackupRestoration (9ms)
Refreshing native plugins compatible for Editor in 12.91 ms, found 6 plugins.
Preloading 0 native plugins for Editor in 0.00 ms.
Unloading 3111 Unused Serialized files (Serialized files now loaded: 0)
Unloading 44 unused Assets / (39.9 KB). Loaded Objects now: 3679.
Memory consumption went from 184.8 MB to 184.8 MB.
Total: 5.543300 ms (FindLiveObjects: 0.477700 ms CreateObjectMapping: 0.344900 ms MarkObjects: 4.558000 ms  DeleteObjects: 0.160900 ms)

Prepare: number of updated asset objects reloaded= 0
AssetImportParameters requested are different than current active one (requested -> active):
  custom:container-demuxer-ogg: 62fdf1f143b41e24485cea50d1cbac27 -> 
  custom:video-codec-MediaFoundation-h265: 746d11721c4dcdbdad8f713fa42b33f4 -> 
  custom:video-decoder-ogg-theora: a1e56fd34408186e4bbccfd4996cb3dc -> 
  custom:framework-win-MediaFoundation: 216162199b28c13a410421893ffa2e32 -> 
  custom:CustomObjectIndexerAttribute: 6d391050e5a25f67b0a2c618074f2cd9 -> 
  custom:container-demuxer-webm: 4f35f7cbe854078d1ac9338744f61a02 -> 
  custom:container-muxer-webm: aa71ff27fc2769a1b78a27578f13a17b -> 
  custom:video-decoder-webm-vp8: 9c59270c3fd7afecdb556c50c9e8de78 -> 
  custom:SearchIndexIgnoredProperties: e643bd26f0fe6173181afceb89e7c659 -> 
  custom:AudioImporter_EditorPlatform: d09bf68614088b80899f8185d706f6e7 -> 
  custom:video-encoder-webm-vp8: eb34c28f22e8b96e1ab97ce403110664 -> 
  custom:audio-decoder-ogg-vorbis: bf7c407c2cedff20999df2af8eb42d56 -> 
  custom:audio-encoder-webm-vorbis: bf7c407c2cedff20999df2af8eb42d56 -> 
========================================================================
Received Import Request.
  Time since last request: 341.885377 seconds.
  path: Assets/Scenes/Marcador2.unity
  artifactKey: Guid(67f1aea87d5405e4793bebc736094ee2) Importer(815301076,1909f56bfc062723c751e8b465ee728b)
Start importing Assets/Scenes/Marcador2.unity using Guid(67f1aea87d5405e4793bebc736094ee2) Importer(815301076,1909f56bfc062723c751e8b465ee728b)  -> (artifact id: 'f080f77cea407ba25a0616585c2807b5') in 0.003649 seconds
Number of updated asset objects reloaded before import = 0
Number of asset objects unloaded after import = 0
